source_id,timestamp_local,wind_observed,power,temperature_observed
T1,2025-12-22 23:50:00,3.1133198695012148,1.940488287943324e-06,0.6378212048177543
T1,2025-12-23 00:00:00,4.847706962793302,0.007925555710049475,2.2772239387255957
T1,2025-12-23 00:10:00,5.439404329115474,0.019040655271517246,1.3143477042789
T1,2025-12-23 00:20:00,5.162281628420932,0.012580830689750824,0.9587542193887625
T1,2025-12-23 00:30:00,3.367728677070951,6.22516210184777e-05,2.872598789872602
T1,2025-12-23 00:40:00,5.823191016191377,0.028867344349698405,1.337523841475361
T1,2025-12-23 00:50:00,5.401006774332707,0.018474315903880236,1.4867828822648672
T1,2025-12-23 01:00:00,5.431153580395913,0.018882762806247424,1.5719348416694467
T1,2025-12-23 01:10:00,5.509782746323628,0.020497342412999633,-0.3614372991079875
T1,2025-12-23 01:20:00,5.975985134082006,0.03260222857608946,0.8007684140290633
T1,2025-12-23 01:30:00,7.381868043603401,0.10771784226205824,1.4330393804159933
T1,2025-12-23 01:40:00,4.000438785140686,0.0013112659554580142,1.8780999833000673
T1,2025-12-23 01:50:00,4.839126336763335,0.008164139996196449,2.027170295751805
T1,2025-12-23 02:00:00,6.940018109471407,0.07928716503654924,1.118581684640823
T1,2025-12-23 02:10:00,3.285945545908384,2.912839183607373e-05,0.8860984113647998
T1,2025-12-23 02:20:00,5.342809251942105,0.01727760739524318,0.8911946660340186
T1,2025-12-23 02:30:00,4.18967539008668,0.002272736650495775,1.4287871347531542
T1,2025-12-23 02:40:00,5.061102720212248,0.01199268549679548,0.28260076255344024
T1,2025-12-23 02:50:00,5.726510553171768,0.025316196104661102,0.8757103534284751
T1,2025-12-23 03:00:00,2.914911347645167,0.0,1.6005150601144709
T1,2025-12-23 03:10:00,4.120050547280884,0.0019027746158829845,2.0023929435500554
T1,2025-12-23 03:20:00,3.7064656766710886,0.00046292258106534097,3.3100962510828977
T1,2025-12-23 03:30:00,5.200781817289926,0.014057377590043505,2.2978085579807472
T1,2025-12-23 03:40:00,4.739442407170834,0.006633702728278945,1.0513939248620376
T1,2025-12-23 03:50:00,7.474877914963176,0.12285029773792033,1.5092331421437468
T1,2025-12-23 04:00:00,5.02619414413887,0.010662179605410979,2.6614970276550505
T1,2025-12-23 04:10:00,7.902049851979958,0.14633214036010467,2.21582555774651
T1,2025-12-23 04:20:00,5.45595531669439,0.020114386530066773,0.3411245884089982
T1,2025-12-23 04:30:00,6.36898284404447,0.04794601870254084,0.8863543382368674
T1,2025-12-23 04:40:00,6.192757881790072,0.04192133921276412,0.4907940681317904
T1,2025-12-23 04:50:00,6.262057483141765,0.04641469755423573,-0.6771758638519336
T1,2025-12-23 05:00:00,5.000338777244839,0.01090557784804726,0.05205032961997802
T1,2025-12-23 05:10:00,6.860556535608774,0.0722129410023605,-0.0282633024951382
T1,2025-12-23 05:20:00,7.0265494141103675,0.08411529008596554,0.1760490652071508
T1,2025-12-23 05:30:00,6.959087136234386,0.07990576709417133,-0.48487063734889424
T1,2025-12-23 05:40:00,7.527804652362935,0.11481725477241982,1.368756794314842
T1,2025-12-23 05:50:00,5.90785687576287,0.030687718212519824,1.8222343681071433
T1,2025-12-23 06:00:00,6.642904953363526,0.06199748520093474,2.47309891739713
T1,2025-12-23 06:10:00,6.315173222766993,0.0475066324981697,0.026177326702673143
T1,2025-12-23 06:20:00,5.172884966505821,0.01266880488588339,3.054994428978547
T1,2025-12-23 06:30:00,7.767359065619387,0.145588290131747,1.1573790320359536
T1,2025-12-23 06:40:00,6.671533892159776,0.06233619426857433,-0.06780542622530639
T1,2025-12-23 06:50:00,7.447834426541925,0.1154051389760278,1.2044926547568253
T1,2025-12-23 07:00:00,10.346769018332196,0.5321641906711188,1.7043964720212932
T1,2025-12-23 07:10:00,8.02813713349991,0.15846369996282897,1.1058579055082116
T1,2025-12-23 07:20:00,7.983949438487196,0.16801833118779191,-0.7279976979321028
T1,2025-12-23 07:30:00,9.245443519592792,0.3190655344562394,2.106317379134759
T1,2025-12-23 07:40:00,9.552170350313077,0.36800160019814276,0.3691766662415309
T1,2025-12-23 07:50:00,10.329842769605785,0.5393143813323763,2.2490111152178947
T1,2025-12-23 08:00:00,7.624219232086464,0.12683423782170758,0.24872997272595043
T1,2025-12-23 08:10:00,10.498370951183695,0.522905147894907,1.361370220439032
T1,2025-12-23 08:20:00,8.27631173309966,0.18243191864886504,1.9328863576810007
T1,2025-12-23 08:30:00,7.132031420921008,0.09178118825859152,1.9046094877123392
T1,2025-12-23 08:40:00,7.492299444592324,0.11475637851053802,0.2758234661158736
T1,2025-12-23 08:50:00,10.018391772668334,0.4446678301270319,0.5110561671797682
T1,2025-12-23 09:00:00,9.682816828947798,0.3992060358001083,0.927229302543297
T1,2025-12-23 09:10:00,10.382221960262218,0.4989407294080845,2.3948584132482047
T1,2025-12-23 09:20:00,7.808921752631458,0.1437340151566594,1.8247194381998644
T1,2025-12-23 09:30:00,8.575635406632292,0.2318612499355463,1.518531045558145
T1,2025-12-23 09:40:00,7.610619572664048,0.12191497076918119,-0.795883934917516
T1,2025-12-23 09:50:00,6.737775727710485,0.06524444193474255,2.3650381806137863
T1,2025-12-23 10:00:00,9.143387338655932,0.29331996348965356,1.5125735516460788
T1,2025-12-23 10:10:00,11.116760632256096,0.7093046291841126,-0.458247167760772
T1,2025-12-23 10:20:00,10.600274017687282,0.559650787091362,-0.15796782850144608
T1,2025-12-23 10:30:00,8.377076504048526,0.21214093334823206,2.580086248629808
T1,2025-12-23 10:40:00,10.750195290752094,0.6275831672950638,1.6838783874526022
T1,2025-12-23 10:50:00,8.69215848571665,0.23277011182508475,1.0662910969647743
T1,2025-12-23 11:00:00,9.789348740735017,0.42078129692872596,0.8414554744533409
T1,2025-12-23 11:10:00,10.433127043516873,0.5440237539338244,0.37950936417876935
T1,2025-12-23 11:20:00,8.972916629259753,0.2762745219954627,0.2464092991343365
T1,2025-12-23 11:30:00,8.417047234680279,0.21495902660564595,0.46947442458708044
T1,2025-12-23 11:40:00,10.270021927032577,0.48483502455636424,1.595174951018707
T1,2025-12-23 11:50:00,9.284976860356569,0.3262888916397648,1.3739701089122307
T1,2025-12-23 12:00:00,8.8377969696033,0.24748026216805702,0.518318680354982
T1,2025-12-23 12:10:00,10.258775860739686,0.4740973917694205,0.2700430218959735
T1,2025-12-23 12:20:00,9.232521928951579,0.32463827383140054,0.16798403521900773
T1,2025-12-23 12:30:00,9.93805111833279,0.4452795339838122,3.4146337402401596
T1,2025-12-23 12:40:00,8.30328874590024,0.20083759673946117,-0.3881569596059813
T1,2025-12-23 12:50:00,10.30957268666411,0.5187430451934574,0.4382527373725545
T1,2025-12-23 13:00:00,8.278816115636065,0.2016910778419822,1.3152504532600795
T1,2025-12-23 13:10:00,8.92150994133876,0.2589148935217211,-1.4651379555767363
T1,2025-12-23 13:20:00,7.1032647479617275,0.09240881714719225,1.4048472455496217
T1,2025-12-23 13:30:00,10.700474286430536,0.6088786748040677,2.3758814072647443
T1,2025-12-23 13:40:00,9.378127717887192,0.35212961247612085,0.38569238856154864
T1,2025-12-23 13:50:00,9.7728512841255,0.3887931072899254,1.4407358539532358
T1,2025-12-23 14:00:00,7.122013440455006,0.09502444618942359,1.609786827307078
T1,2025-12-23 14:10:00,9.292730160046649,0.3273365937052468,0.9626262525349155
T1,2025-12-23 14:20:00,8.574624731297453,0.22374298073400387,1.3172424975940897
T1,2025-12-23 14:30:00,10.419819830457964,0.5469896417727463,1.1443426078684051
T1,2025-12-23 14:40:00,7.030507277351939,0.08912655161197536,0.6191976520449508
T1,2025-12-23 14:50:00,9.266624768436113,0.3129907483027015,2.090707559592639
T1,2025-12-23 15:00:00,10.034459637115887,0.4335475430140163,0.3011786869154355
T1,2025-12-23 15:10:00,7.258191485621898,0.10269989577759618,0.4700422146834725
T1,2025-12-23 15:20:00,8.73791762332134,0.23952392224692395,0.893144823347725
T1,2025-12-23 15:30:00,7.220690722481042,0.09533662460179197,0.7832661546372882
T1,2025-12-23 15:40:00,8.485763812891449,0.2201858342342022,1.6575072461502947
T1,2025-12-23 15:50:00,8.74302319302797,0.24191990330820023,0.019397119805426022
T1,2025-12-23 16:00:00,9.830339826959262,0.4238154364008145,0.12596499529945615
T1,2025-12-23 16:10:00,8.356165562524787,0.19781619063812023,1.5514010002047476
T1,2025-12-23 16:20:00,7.228986212494474,0.09376197718416851,0.9547017235769443
T1,2025-12-23 16:30:00,8.647783032411112,0.23647537762453374,1.9518680157226922
T1,2025-12-23 16:40:00,7.8581194212543695,0.14679880400924436,1.4013220122268812
T1,2025-12-23 16:50:00,9.047964372424754,0.2902398388847329,0.0843852854063758
T1,2025-12-23 17:00:00,6.921093157034734,0.07682561155476798,-0.6229984825457826
T1,2025-12-23 17:10:00,9.145136599840672,0.2987543417181146,1.0596549218595244
T1,2025-12-23 17:20:00,7.6368065228506214,0.13168270472821192,0.7689020340639128
T1,2025-12-23 17:30:00,7.617507807740938,0.12446524442765709,2.4882058829491864
T1,2025-12-23 17:40:00,8.422454308812762,0.21401940284556667,1.1778839370915573
T1,2025-12-23 17:50:00,6.473335161458215,0.053960341229562676,2.7420934342031336
T1,2025-12-23 18:00:00,6.387018178061265,0.04975680794254578,2.009912352015987
T1,2025-12-23 18:10:00,7.500578751350422,0.12408013836017871,0.7374664610815179
T1,2025-12-23 18:20:00,6.681404249272412,0.06525661151667085,1.8791409543659952
T1,2025-12-23 18:30:00,6.730087142028941,0.06633619671153332,1.5815082922458044
T1,2025-12-23 18:40:00,6.079989965535904,0.03891778225249307,3.5233460695937433
T1,2025-12-23 18:50:00,6.089636131956883,0.03757860816860232,0.6148276289180562
T1,2025-12-23 19:00:00,7.388009669792517,0.1117422280954977,-0.48645318435797313
T1,2025-12-23 19:10:00,8.601232917693299,0.2181411542742097,0.6562742491984929
T1,2025-12-23 19:20:00,4.489327866553057,0.004301352671566763,2.1777286754879848
T1,2025-12-23 19:30:00,7.860934460805531,0.14199839149128993,-1.004612392527145
T1,2025-12-23 19:40:00,6.830208625754743,0.06980031742227039,1.0981736061493175
T1,2025-12-23 19:50:00,7.29238433824437,0.09934051674130731,2.072726820415932
T1,2025-12-23 20:00:00,5.964648816602009,0.03459977406947269,2.548197531606341
T1,2025-12-23 20:10:00,4.77479640545202,0.006968005120522044,3.34973246365467
T1,2025-12-23 20:20:00,5.3251759879937834,0.01652905184533031,0.4827140553061995
T1,2025-12-23 20:30:00,4.364792170202973,0.0032816635863951193,0.5561202502842767
T1,2025-12-23 20:40:00,3.3870223125732193,7.542682175663308e-05,2.2443298023383162
T1,2025-12-23 20:50:00,5.217449886845941,0.014851947979971285,1.9686726310377096
T1,2025-12-23 21:00:00,5.54311422067805,0.02247662259290988,0.14883981829463133
T1,2025-12-23 21:10:00,4.819312764865892,0.007588090249695927,1.539306296868438
T1,2025-12-23 21:20:00,5.312506127748969,0.016349339797725963,1.4297164209980493
T1,2025-12-23 21:30:00,3.1592809277063107,5.039504848791237e-06,1.6242921944098858
T1,2025-12-23 21:40:00,6.21935943963591,0.041864336546357246,0.27431775944191006
T1,2025-12-23 21:50:00,4.701301626592555,0.00639402471920446,-0.05299614959298338
T1,2025-12-23 22:00:00,4.88357981390402,0.008551775580880704,1.308404490101586
T1,2025-12-23 22:10:00,5.640769301997839,0.024423027233073973,0.32721182841189234
T1,2025-12-23 22:20:00,4.057052958159766,0.0015718586759115158,1.1112779337150598
T1,2025-12-23 22:30:00,7.804007389037656,0.14597636308842088,-0.17835091426153982
T1,2025-12-23 22:40:00,6.1490603517431826,0.03897682467473065,1.4850793419745156
T1,2025-12-23 22:50:00,6.093858474059636,0.03976926205253467,0.013679466631822068
T1,2025-12-23 23:00:00,4.766847629854158,0.007361330763272847,1.238461005576235
T1,2025-12-23 23:10:00,3.706068962154955,0.0004388360138245772,1.2732347472137087
T1,2025-12-23 23:20:00,5.1384281320624,0.01296207529447763,0.15027474043609845
T1,2025-12-23 23:30:00,3.6468767202753485,0.0003533065632334316,-1.042212483434323
T1,2025-12-23 23:40:00,4.7894830328583256,0.0075411321520575565,1.1646050474583016
T1,2025-12-23 23:50:00,4.784338726152901,0.007179190056611451,1.0706839544643267
T1,2025-12-24 00:00:00,5.982473382638031,0.03595231169818497,1.7257123541315547
T1,2025-12-24 00:10:00,5.03160892361143,0.011457073468910004,2.1829255467758233
T1,2025-12-24 00:20:00,4.688710821408241,0.006411162822953133,0.21442620452456307
T1,2025-12-24 00:30:00,6.186169621911601,0.04021056087440209,1.5873966712826326
T1,2025-12-24 00:40:00,4.398893264020423,0.003535391359135479,-0.6260738102243155
T1,2025-12-24 00:50:00,3.921096793250106,0.0010594661271041575,0.13513312665594146
T1,2025-12-24 01:00:00,3.972807253431843,0.0012259846577115734,-0.34575723753464405
T1,2025-12-24 01:10:00,6.3650478862713555,0.05150742476832942,1.0083386511590338
T1,2025-12-24 01:20:00,4.689022040046436,0.006300320199941945,0.8435435423298363
T1,2025-12-24 01:30:00,4.001894690308781,0.0012752868332112331,-0.03840887390338188
T1,2025-12-24 01:40:00,2.3852794678729885,0.0,1.0458015237578326
T1,2025-12-24 01:50:00,3.53023772328132,0.00019403650599187787,0.4737513518847506
T1,2025-12-24 02:00:00,5.2101254570753355,0.013755693999369505,0.399985214742986
T1,2025-12-24 02:10:00,5.594398912008848,0.021807975642035717,0.885623283642029
T1,2025-12-24 02:20:00,6.949008451615549,0.08268466925127567,1.0340555714660107
T1,2025-12-24 02:30:00,4.181044692926676,0.0022341835607612094,1.709329731883669
T1,2025-12-24 02:40:00,5.682808521697366,0.02620933700479279,0.40018896017107486
T1,2025-12-24 02:50:00,6.711955832709329,0.06567098444899577,1.595845701158158
T1,2025-12-24 03:00:00,2.4894290193527566,0.0,-0.448092630395323
T1,2025-12-24 03:10:00,8.084452108049042,0.1799218430680488,-0.7397309289499796
T1,2025-12-24 03:20:00,4.030181973880226,0.0014130820096049986,1.2169250837675245
T1,2025-12-24 03:30:00,4.114141329416398,0.001879178746745839,-1.3450392753080067
T1,2025-12-24 03:40:00,6.686607055405763,0.06867052191900452,3.13427102286252
T1,2025-12-24 03:50:00,6.15364755651493,0.04052766591081916,0.7750365483761441
T1,2025-12-24 04:00:00,7.208615562154861,0.09856079669428987,0.20856029252659447
T1,2025-12-24 04:10:00,6.626896610959575,0.059790096307740515,0.836867659555207
T1,2025-12-24 04:20:00,6.30703147082937,0.04893257126397148,2.467944710754308
T1,2025-12-24 04:30:00,5.892616271850683,0.029975452272056124,0.40061726049907687
T1,2025-12-24 04:40:00,5.21482355132531,0.014055137862630875,1.6478441477435193
T1,2025-12-24 04:50:00,6.956008703270898,0.08101923684425942,3.884924994870942
T1,2025-12-24 05:00:00,4.04714866499899,0.0014180839782856822,0.6659073017592799
T1,2025-12-24 05:10:00,6.238186830565941,0.04287219538884019,-0.034677592743296515
T1,2025-12-24 05:20:00,7.503123387761007,0.11927314539593081,1.0528295596827457
T1,2025-12-24 05:30:00,5.291660025312002,0.016021415270491668,1.8700928782507873
T1,2025-12-24 05:40:00,7.792508444397274,0.14924184624594497,1.291009089281696
T1,2025-12-24 05:50:00,8.067992200368401,0.1656882189782699,1.7592044116587269
T1,2025-12-24 06:00:00,7.092781267077805,0.08769894592070021,-0.2899834554940035
T1,2025-12-24 06:10:00,6.926841608815224,0.07871136966629771,2.5118912973066854
T1,2025-12-24 06:20:00,7.883467220193011,0.14929637992611036,-0.24016121078921104
T1,2025-12-24 06:30:00,8.097800788702783,0.17653834181084144,-0.9489768416197564
T1,2025-12-24 06:40:00,7.134831510727048,0.08906705362448232,0.49287670463711974
T1,2025-12-24 06:50:00,10.015666175030141,0.42952759586644856,2.9210029692629433
T1,2025-12-24 07:00:00,9.476098620978732,0.35591304010640773,-0.08286732634512406
T1,2025-12-24 07:10:00,8.960234547064646,0.28864700270910515,1.3054471233100648
T1,2025-12-24 07:20:00,9.536136180362025,0.3803337014531252,1.1337341442038231
T1,2025-12-24 07:30:00,9.530239349424729,0.35787339190466605,-0.9884966653699017
T1,2025-12-24 07:40:00,6.3999787978324765,0.05122199620337383,0.34260878487753466
T1,2025-12-24 07:50:00,11.20967842395065,0.7403012369093873,0.6723066970069012
T1,2025-12-24 08:00:00,6.517066416631525,0.0552270440119989,1.2062849150371775
T1,2025-12-24 08:10:00,8.59818978402121,0.2254139612584326,1.1914260301630961
T1,2025-12-24 08:20:00,7.105527460898595,0.08814346524227472,1.7265104141339436
T1,2025-12-24 08:30:00,9.285412689065437,0.30681279838371806,0.6713982679555072
T1,2025-12-24 08:40:00,9.13979380197637,0.30321098347157793,3.2014474615657234
T1,2025-12-24 08:50:00,8.98367740888177,0.29211364783875254,2.6874839538445343
T1,2025-12-24 09:00:00,5.3213203241402685,0.01704125969233177,1.8937315759806428
T1,2025-12-24 09:10:00,9.812843073740568,0.4330477267579979,1.1261581064110286
T1,2025-12-24 09:20:00,9.221440531342209,0.3027847129031423,0.8868375280512946
T1,2025-12-24 09:30:00,6.519374220604218,0.058381246265238,0.8261031075075924
T1,2025-12-24 09:40:00,10.866102624229454,0.6077051450835792,0.6052907084737466
T1,2025-12-24 09:50:00,8.928498919448508,0.27825771923749437,0.6648153241237439
T1,2025-12-24 10:00:00,8.255916653349079,0.19323166814830278,2.158347588694156
T1,2025-12-24 10:10:00,9.739632545370773,0.39450712113232833,-0.7177762625473276
T1,2025-12-24 10:20:00,8.622614153073568,0.2281782382714189,1.1906785717941044
T1,2025-12-24 10:30:00,9.7836367065831,0.42144189160880347,-0.2971723815316638
T1,2025-12-24 10:40:00,8.91514754852952,0.26706345947673676,2.091890209258743
T1,2025-12-24 10:50:00,8.306383638849738,0.18882427045933248,2.378190416336081
T1,2025-12-24 11:00:00,8.042307205588223,0.16713823633098907,-0.04858112010486626
T1,2025-12-24 11:10:00,10.412606626533101,0.5143372018183894,0.12476652746629324
T1,2025-12-24 11:20:00,9.586344048058708,0.3629889163843278,0.4242522421997468
T1,2025-12-24 11:30:00,8.57221624564119,0.23077927805119536,2.704284277595467
T1,2025-12-24 11:40:00,8.791860873832404,0.2550689662190912,0.18909101602360534
T1,2025-12-24 11:50:00,8.440751231554444,0.21416800875925365,1.126392285527397
T1,2025-12-24 12:00:00,12.093032243897248,0.9928117816661677,-0.08603283053140465
T1,2025-12-24 12:10:00,9.958806648382602,0.4234617849547983,0.7193540220395997
T1,2025-12-24 12:20:00,9.711537622071198,0.4093358960604791,0.6287321811816902
T1,2025-12-24 12:30:00,11.312954672883537,0.7463456354964035,2.3866580968400317
T1,2025-12-24 12:40:00,8.685974917845245,0.24341586732005793,0.5987500535214376
T1,2025-12-24 12:50:00,8.125652469775416,0.17368752061688122,0.36925548646412376
T1,2025-12-24 13:00:00,8.809683496898632,0.24620042994782204,0.929121840065372
T1,2025-12-24 13:10:00,9.592050092791043,0.3755779982119065,0.8439604485495377
T1,2025-12-24 13:20:00,9.104479733599971,0.2829173814481865,2.0214381125791836
T1,2025-12-24 13:30:00,8.894383482407823,0.27663991411997346,1.581940094412995
T1,2025-12-24 13:40:00,9.447607744715409,0.36370238488854095,-0.4227563737015969
T1,2025-12-24 13:50:00,8.679769658801618,0.2275741333664097,0.461086978365155
T1,2025-12-24 14:00:00,7.835497692707222,0.15497828165650562,-0.36175441954397614
T1,2025-12-24 14:10:00,9.99403504837202,0.43272494931405175,1.2748245747637368
T1,2025-12-24 14:20:00,8.709743418833115,0.24380936629955247,1.0859824296448695
T1,2025-12-24 14:30:00,8.610571605879024,0.2196415449869476,-0.02140467684287528
T1,2025-12-24 14:40:00,9.515008354170709,0.37570787458604005,-0.5476042058792692
T1,2025-12-24 14:50:00,9.32466120205626,0.33919210318088877,1.6918828322570354
T1,2025-12-24 15:00:00,7.391230800784871,0.10578391543377264,0.45816666963137653
T1,2025-12-24 15:10:00,7.775448214884484,0.13463446766398443,0.794477153673618
T1,2025-12-24 15:20:00,6.893447322666763,0.08085320812650994,1.853150274851489
T1,2025-12-24 15:30:00,7.039569943461305,0.0851967968723251,2.7615789970129025
T1,2025-12-24 15:40:00,8.768104466983777,0.24810053114588548,0.8658681755510134
T1,2025-12-24 15:50:00,7.717403751337165,0.13500775693286216,1.1156428905902889
T1,2025-12-24 16:00:00,7.076644937562155,0.09202639631991737,0.49007282423693366
T1,2025-12-24 16:10:00,6.5125568113190555,0.05494950703662751,0.5110092192455613
T1,2025-12-24 16:20:00,9.541421817325551,0.3474017422490196,0.6226644994673451
T1,2025-12-24 16:30:00,7.410759534273377,0.11190037735733574,1.3494822972782525
T1,2025-12-24 16:40:00,8.093012014258246,0.1784738294275795,0.5371875270220687
T1,2025-12-24 16:50:00,7.609880412288952,0.12352477856737526,0.39057844407934417
T1,2025-12-24 17:00:00,6.454664936537458,0.054185755587847786,2.449483929748161
T1,2025-12-24 17:10:00,8.013564391499392,0.16275277435419974,1.220021909562562
T1,2025-12-24 17:20:00,7.536278753569794,0.12560998267646198,2.739492457615081
T1,2025-12-24 17:30:00,8.852133252082275,0.2720349111269745,3.9313318179275987
T1,2025-12-24 17:40:00,7.883869594590368,0.15906661372365807,1.529640504239456
T1,2025-12-24 17:50:00,5.545879360185291,0.022569213027530555,1.9028209535339733
T1,2025-12-24 18:00:00,6.788819483497564,0.06929900522902505,0.9017477173851042
T1,2025-12-24 18:10:00,6.6978183268568845,0.06671528884405949,0.3790152300558769
T1,2025-12-24 18:20:00,6.629594719367488,0.060187937215728064,-0.23630303889653126
T1,2025-12-24 18:30:00,5.114650430612101,0.0126384950573666,0.9541213474622754
T1,2025-12-24 18:40:00,4.481824054681374,0.004169350364123864,1.6330822408067927
T1,2025-12-24 18:50:00,6.237910979624272,0.04496201735175922,0.757900664666318
T1,2025-12-24 19:00:00,6.707395547415452,0.0642645883288222,0.8304152279725122
T1,2025-12-24 19:10:00,4.745685410784817,0.006841300180933153,0.02792634760667001
T1,2025-12-24 19:20:00,8.321973915463616,0.1968033444586371,1.7418365192230176
T1,2025-12-24 19:30:00,6.771002533520498,0.06626616807924363,-1.3458639417393854
T1,2025-12-24 19:40:00,5.29288476067871,0.015761808748343657,0.6207807917228997
T1,2025-12-24 19:50:00,8.25272689441525,0.1941740498702829,-0.7999710549308947
T1,2025-12-24 20:00:00,3.85533610359617,0.0007772978275802746,2.3745473600666416
T1,2025-12-24 20:10:00,4.376733695432937,0.003290178425741014,1.01041579681104
T1,2025-12-24 20:20:00,4.2103890182049675,0.002424258570402228,-2.0353160469126195
T1,2025-12-24 20:30:00,6.8336976738134165,0.07534320497072945,1.6385918689032006
T1,2025-12-24 20:40:00,4.439731281226537,0.003930664660016473,1.756098003310293
T1,2025-12-24 20:50:00,6.140152543991119,0.04024037458086642,0.8025606313531979
T1,2025-12-24 21:00:00,5.479187406971649,0.02053183101506932,1.493486663077882
T1,2025-12-24 21:10:00,4.395941369749568,0.0035087886014488457,1.8974842595984978
T1,2025-12-24 21:20:00,5.186716578397546,0.01388517478645985,1.8143357878025523
T1,2025-12-24 21:30:00,3.5373055839050345,0.00020441163950174192,0.7641570709973023
T1,2025-12-24 21:40:00,5.906949534769086,0.03281154050465528,-0.07889279805085647
T1,2025-12-24 21:50:00,3.6498738901366887,0.00034476614968799164,1.4925542903718412
T1,2025-12-24 22:00:00,3.727519217168142,0.0005175985806092142,0.9302259914092689
T1,2025-12-24 22:10:00,5.554079389902026,0.02200349102230245,3.2067030179256797
T1,2025-12-24 22:20:00,4.107415107538953,0.0017014310153211313,0.5254129380498351
T1,2025-12-24 22:30:00,6.893838817213805,0.08007406567637514,0.9647830895219478
T1,2025-12-24 22:40:00,6.270669484246376,0.04428013669943646,0.32754148888983714
T1,2025-12-24 22:50:00,2.586074365903983,0.0,1.7874575833768644
T1,2025-12-24 23:00:00,4.730505940540378,0.007086722900386274,2.505452663563581
T1,2025-12-24 23:10:00,4.3467382602936375,0.003209151930134768,1.7040774712508298
T1,2025-12-24 23:20:00,7.0849264339867135,0.08507244042841836,1.3245205740788384
T1,2025-12-24 23:30:00,3.820405410045023,0.000693130108779592,-1.2181441710756837
T1,2025-12-24 23:40:00,3.7193364383889866,0.0004797910842481072,0.7566039577557333
T1,2025-12-24 23:50:00,4.22672275129844,0.0024454621881646096,0.5288992143399243
T1,2025-12-25 00:00:00,4.204569812866318,0.0022419078883067624,1.3057543230602702
T1,2025-12-25 00:10:00,3.3776042643493547,6.952876072120419e-05,0.5277080903178132
T1,2025-12-25 00:20:00,4.782076207760956,0.007730343010005276,1.2205509899615177
T1,2025-12-25 00:30:00,3.840131072237949,0.0007557649582589494,1.534075440097902
T1,2025-12-25 00:40:00,3.4782250199863674,0.00014784666917178136,1.5712784491454639
T1,2025-12-25 00:50:00,6.353765754963602,0.047641814079192345,1.178453911681622
T1,2025-12-25 01:00:00,4.730577836508946,0.006866105327004408,1.3007987270479338
T1,2025-12-25 01:10:00,3.3127801802574464,4.039565414497877e-05,2.0079407692141364
T1,2025-12-25 01:20:00,2.948173018455408,0.0,-0.2798116811320839
T1,2025-12-25 01:30:00,4.254407546136414,0.0024467685175492853,0.12047002281057329
T1,2025-12-25 01:40:00,3.2006177173062804,1.0856005729233774e-05,1.4194085308657434
T1,2025-12-25 01:50:00,3.1862738238391226,8.016628117034268e-06,0.8349415355419069
T1,2025-12-25 02:00:00,6.1266357179112685,0.041426910662732616,1.0451964325168142
T1,2025-12-25 02:10:00,4.678056953045903,0.006309783955017852,1.5023172874852107
T1,2025-12-25 02:20:00,4.2405088419454415,0.0025072856073831916,3.0116964424809542
T1,2025-12-25 02:30:00,5.204820730758124,0.013301733849395472,1.1686533646214956
T1,2025-12-25 02:40:00,4.371998532891679,0.003540391142317545,1.015887656181515
T1,2025-12-25 02:50:00,5.213394239681304,0.014606236133573768,0.6662279830379678
T1,2025-12-25 03:00:00,7.376073966145374,0.10574406333746826,1.4956864112074184
T1,2025-12-25 03:10:00,5.242095654333637,0.015175425388170969,2.4464403276722866
T1,2025-12-25 03:20:00,4.632346255669043,0.005854244197271814,1.3105214614017182
T1,2025-12-25 03:30:00,4.077658868714752,0.0015952684075112252,2.042948131663516
T1,2025-12-25 03:40:00,6.298450271566468,0.04718224690157367,3.1422777963782598
T1,2025-12-25 03:50:00,5.423239290270476,0.01817423433283887,0.5395851655752119
T1,2025-12-25 04:00:00,6.207981659765908,0.04244749694218421,0.32972494155310983
T1,2025-12-25 04:10:00,3.8775813013199483,0.0008816517842956754,0.9860331126532609
T1,2025-12-25 04:20:00,5.452755609013774,0.018766085304204507,2.447567888194694
T1,2025-12-25 04:30:00,6.131453675620739,0.040413336063547245,0.3752553230377246
T1,2025-12-25 04:40:00,6.7513613924445774,0.06727652970830665,0.8897405721841984
T1,2025-12-25 04:50:00,6.530418767574719,0.059729949369093475,0.9700440762520739
T1,2025-12-25 05:00:00,5.9952085817882095,0.03479509559117655,0.5813874190296686
T1,2025-12-25 05:10:00,7.963188411203232,0.1652705470862679,1.8884765423031022
T1,2025-12-25 05:20:00,6.507740601557067,0.05503420329593562,0.3697736863064417
T1,2025-12-25 05:30:00,4.149741755849654,0.001912755479102859,0.08314170783145447
T1,2025-12-25 05:40:00,5.2215414916935625,0.013634114652909816,0.0548907927875959
T1,2025-12-25 05:50:00,6.800809640113324,0.06789839774215187,1.206413920966127
T1,2025-12-25 06:00:00,7.243077646734482,0.10363794718334943,0.34650812526478336
T1,2025-12-25 06:10:00,5.479015601082474,0.018811401992353583,3.49351733071241
T1,2025-12-25 06:20:00,5.735201125738717,0.02625887107227581,2.133274559689069
T1,2025-12-25 06:30:00,7.738705488941004,0.14169265631510455,0.9902982983884805
T1,2025-12-25 06:40:00,7.719815721463792,0.13594235266774493,1.1047530512111576
T1,2025-12-25 06:50:00,7.959331275422281,0.1607070415636105,-0.27909274155993935
T1,2025-12-25 07:00:00,8.478736700356453,0.20938394082089276,1.2426407775201873
T1,2025-12-25 07:10:00,7.799366296899441,0.1468179501709006,1.260661893931174
T1,2025-12-25 07:20:00,6.8837248294720395,0.07626140508887906,-0.09026533577252738
T1,2025-12-25 07:30:00,9.464970692046265,0.34105381755075703,1.6015699504956877
T1,2025-12-25 07:40:00,9.287963635986788,0.33872443109671957,-0.05165700688425234
T1,2025-12-25 07:50:00,10.213225416671222,0.5134018110576448,1.8551279744608453
T1,2025-12-25 08:00:00,8.813197413912254,0.2580357702837955,0.02581401905489389
T1,2025-12-25 08:10:00,8.530293277571188,0.21681505585494118,2.175428834940121
T1,2025-12-25 08:20:00,8.748544088818948,0.2587883352677556,2.2929169644755216
T1,2025-12-25 08:30:00,8.953055937418702,0.28347274403394845,0.5851296179853849
T1,2025-12-25 08:40:00,6.4632403095328765,0.053414728290443164,1.3646736664001589
T1,2025-12-25 08:50:00,8.57710526008122,0.21697277186741457,0.9821521883157642
T1,2025-12-25 09:00:00,8.420872149391894,0.2040961648767572,0.031767347273276014
T1,2025-12-25 09:10:00,9.37110320840172,0.33103575447954675,1.9953853798030505
T1,2025-12-25 09:20:00,9.374259820798986,0.3286386315557275,-0.5387550580687783
T1,2025-12-25 09:30:00,8.689481732324158,0.24571844374422575,3.06184445866781
T1,2025-12-25 09:40:00,8.605661741691423,0.21949967250184182,1.2427076087760438
T1,2025-12-25 09:50:00,7.5933861941271,0.12565961547770932,1.9851436964759976
T1,2025-12-25 10:00:00,9.586237928396807,0.3843428357034871,0.9162088368649796
T1,2025-12-25 10:10:00,8.738181959931413,0.24314865704868577,1.285429735350006
T1,2025-12-25 10:20:00,8.92691307890285,0.2573350397379317,1.4920664422363035
T1,2025-12-25 10:30:00,10.688404041464343,0.5980060392617415,1.3468395941370086
T1,2025-12-25 10:40:00,10.693131580479184,0.5968659017702656,0.03090157420421069
T1,2025-12-25 10:50:00,9.086598836867582,0.3064474454381632,0.3958449425733812
T1,2025-12-25 11:00:00,11.527069697928237,0.798549756948593,0.49787338270931336
T1,2025-12-25 11:10:00,10.382050700832432,0.5159555283328409,1.5140601911352478
T1,2025-12-25 11:20:00,9.59019242695444,0.35803644158164516,2.3792187684250017
T1,2025-12-25 11:30:00,8.459983124488726,0.20994165257559974,2.0278643866049357
T1,2025-12-25 11:40:00,8.47668373007423,0.21688281581411825,1.5796036446984936
T1,2025-12-25 11:50:00,10.672160052180192,0.5842040072458561,1.3660864577274574
T1,2025-12-25 12:00:00,7.181791610865119,0.09734689230807714,0.9530181366756006
T1,2025-12-25 12:10:00,11.588560038819839,0.8335235889884526,0.30172641509401044
T1,2025-12-25 12:20:00,10.343059927843564,0.5323223921716719,1.079582913620199
T1,2025-12-25 12:30:00,9.070488458054221,0.2984871593961355,2.2440180865167996
T1,2025-12-25 12:40:00,11.423607982584363,0.786705528868535,2.1142316049363714
T1,2025-12-25 12:50:00,9.731122151986096,0.3844063083585466,1.5319058170991708
T1,2025-12-25 13:00:00,7.902975758809697,0.15867777305567787,2.770489316985879
T1,2025-12-25 13:10:00,8.564059308528236,0.22057152257822243,1.2341205780941598
T1,2025-12-25 13:20:00,8.01515309066168,0.1721914916919546,0.7431361446316682
T1,2025-12-25 13:30:00,7.8272505568041995,0.14191016411771434,1.3526109506653896
T1,2025-12-25 13:40:00,11.587283580626437,0.8373145994841719,1.8267143959652619
T1,2025-12-25 13:50:00,9.302076466261706,0.31197381527675777,1.4285258550931808
T1,2025-12-25 14:00:00,8.901665045730304,0.2775521803347525,2.808918230852285
T1,2025-12-25 14:10:00,10.025880174503058,0.442376275306445,1.576761705854775
T1,2025-12-25 14:20:00,9.695330304206239,0.3847547997933705,1.86577501188224
T1,2025-12-25 14:30:00,8.100455395664083,0.1649238291562994,-0.03812719136470766
T1,2025-12-25 14:40:00,7.647807981699478,0.12908149002997157,0.3773102118047559
T1,2025-12-25 14:50:00,6.408218827340644,0.05170369544935049,2.6336080397267914
T1,2025-12-25 15:00:00,9.817715856714218,0.40869991045756554,0.133015356800809
T1,2025-12-25 15:10:00,8.30976803177471,0.19476434404892562,0.813000379745288
T1,2025-12-25 15:20:00,9.617698435530665,0.39088162363223605,0.8022204703607705
T1,2025-12-25 15:30:00,8.470518077943414,0.20811182942799858,-1.0880074215602182
T1,2025-12-25 15:40:00,6.700188543529136,0.06782398797419076,1.6750802272099683
T1,2025-12-25 15:50:00,7.518444185032676,0.11815213982751814,1.514784997751428
T1,2025-12-25 16:00:00,9.975908727446487,0.4419815018345196,0.12679725182971158
T1,2025-12-25 16:10:00,7.336293003576465,0.10716122389444777,1.6114178629100715
T1,2025-12-25 16:20:00,8.58031924583825,0.22808279814195961,3.2375830383297446
T1,2025-12-25 16:30:00,5.016582659072129,0.010813029863119304,0.6693687857105077
T1,2025-12-25 16:40:00,6.823490122928625,0.07635281245067305,1.747176589241665
T1,2025-12-25 16:50:00,8.849872838707842,0.2680861654202208,0.9584455047725821
T1,2025-12-25 17:00:00,5.289694815940261,0.015563700638803208,2.3152027223102687
T1,2025-12-25 17:10:00,8.769710403676115,0.24138738784765165,-0.7448287333423456
T1,2025-12-25 17:20:00,6.784956521864949,0.07012177010986927,0.4172233622178009
T1,2025-12-25 17:30:00,6.545611613111879,0.060377132392356835,0.006426810134082084
T1,2025-12-25 17:40:00,8.919857928320322,0.2636999848061449,0.38172434386593224
T1,2025-12-25 17:50:00,6.461235339647654,0.051644267921281656,2.570631369830221
T1,2025-12-25 18:00:00,8.311867868761134,0.2003484678072503,2.5184678357531918
T1,2025-12-25 18:10:00,6.417024350558587,0.05283340243293967,1.1029717916505675
T1,2025-12-25 18:20:00,7.249255540918243,0.09885637067641151,1.8683667469893677
T1,2025-12-25 18:30:00,7.958209832156908,0.1537961069768018,0.28895740322018315
T1,2025-12-25 18:40:00,7.909524789304378,0.1554521672565438,0.3534101219589758
T1,2025-12-25 18:50:00,6.199373980002637,0.041740144698855834,2.4398789679803468
T1,2025-12-25 19:00:00,3.6336943252076375,0.0003370024268281185,2.1012480422254023
T1,2025-12-25 19:10:00,8.391592255767952,0.19940411716788728,1.5961377107384667
T1,2025-12-25 19:20:00,5.5211322788527335,0.019998172402686448,0.7215989624670798
T1,2025-12-25 19:30:00,7.645722768293103,0.12624198556234664,0.1448594028344914
T1,2025-12-25 19:40:00,5.03004866386779,0.010603662238799948,0.378209765958024
T1,2025-12-25 19:50:00,5.389502185307099,0.01771264014437884,1.760461975376045
T1,2025-12-25 20:00:00,5.93916693576185,0.03454450232218806,1.3506769317558134
T1,2025-12-25 20:10:00,5.687261926625524,0.025538317422339692,1.4693098799403606
T1,2025-12-25 20:20:00,8.008034522782504,0.16833773571116123,0.04899882874384387
T1,2025-12-25 20:30:00,3.45788752519576,0.0001296026604771858,2.176714904354032
T1,2025-12-25 20:40:00,4.803378106292198,0.00792363754676699,-1.147924981904641
T1,2025-12-25 20:50:00,5.7136745976531085,0.024847609313825132,2.2280675233427516
T1,2025-12-25 21:00:00,5.834422431361438,0.028266413684548394,2.0842522444024416
T1,2025-12-25 21:10:00,5.2718132042309,0.015487316177252523,2.34455260455751
T1,2025-12-25 21:20:00,5.394224810966176,0.018036308630141978,-0.7792843073382643
T1,2025-12-25 21:30:00,6.3227165885015,0.049472024031643066,1.220511290055197
T1,2025-12-25 21:40:00,4.3512997758397916,0.003176785253429041,1.0260733803360982
T1,2025-12-25 21:50:00,4.288020762426762,0.002763528861627321,1.7115287245350796
T1,2025-12-25 22:00:00,4.7658280648098446,0.007418192106067333,2.189659536617796
T1,2025-12-25 22:10:00,5.68416263667255,0.026270862707437212,1.4134155364491914
T1,2025-12-25 22:20:00,3.0516103028142343,1.7673888975425354e-07,1.7067880193116134
T1,2025-12-25 22:30:00,7.026906063803642,0.08572466427594283,-0.5220187286114162
T1,2025-12-25 22:40:00,4.2722958594786,0.0026390174758537614,0.6232806980597438
T1,2025-12-25 22:50:00,3.904145391833253,0.0009464429600368487,0.862254616397943
T1,2025-12-25 23:00:00,4.215145970998453,0.002363599129294838,0.8735292969398738
T1,2025-12-25 23:10:00,3.2773596617123557,2.7507280194386067e-05,3.1051245956320637
T1,2025-12-25 23:20:00,3.453134481740615,0.00012441175280871266,1.0536386392177326
T1,2025-12-25 23:30:00,4.172677559050829,0.002025216150073454,1.0121977311381638
T1,2025-12-25 23:40:00,5.120351385547753,0.012015975970104589,0.42135860593882957
T1,2025-12-25 23:50:00,5.426047326139334,0.017844308446767296,-0.5447759097577745
T1,2025-12-26 00:00:00,4.062114112380489,0.0015983831471330552,1.586268782255133
T1,2025-12-26 00:10:00,4.181025998923816,0.0020449324273454678,1.1095494350460746
T1,2025-12-26 00:20:00,5.092235474022298,0.011767707006219296,0.7290142971139758
T1,2025-12-26 00:30:00,2.267992182658555,0.0,1.6518840806139088
T1,2025-12-26 00:40:00,4.359970998388065,0.003170240503738633,1.2897842924333736
T1,2025-12-26 00:50:00,5.861053679675922,0.029264491177725987,0.8459038827537695
T1,2025-12-26 01:00:00,6.610532504638172,0.05947894159113058,-0.15448557677178743
T1,2025-12-26 01:10:00,4.402849031564365,0.0034192075986433697,0.38523924725624414
T1,2025-12-26 01:20:00,3.0153773806209747,4.519461605059774e-09,1.7998866052582438
T1,2025-12-26 01:30:00,3.9842119216806595,0.0012251284111853362,1.6474691128728731
T1,2025-12-26 01:40:00,6.264906597638012,0.04328419633198791,2.0326255550286527
T1,2025-12-26 01:50:00,7.2599687474110866,0.10241013298670412,0.3121110404877969
T1,2025-12-26 02:00:00,4.661193675986353,0.006262523156742494,1.5646707215488234
T1,2025-12-26 02:10:00,3.1031281594871873,1.4921897280083033e-06,3.1035991839427917
T1,2025-12-26 02:20:00,5.164549101788379,0.01287662678363387,1.5111016038241045
T1,2025-12-26 02:30:00,5.9894363780111615,0.035294774102051917,3.6803624918594924
T1,2025-12-26 02:40:00,6.201089067826583,0.044853669534233725,2.640037947493793
T1,2025-12-26 02:50:00,5.632616832551603,0.024504531262770503,0.6938138400992259
T1,2025-12-26 03:00:00,8.23110042555452,0.18311829861916995,0.10566900884169539
T1,2025-12-26 03:10:00,5.336524463611172,0.016741163906444194,0.7861061994719956
T1,2025-12-26 03:20:00,8.876287669709438,0.26952066444149,-1.1311913995211873
T1,2025-12-26 03:30:00,4.209502376167074,0.0023654339187270624,0.08038345574903527
T1,2025-12-26 03:40:00,7.369192622160499,0.10594557550840211,1.1954081837927546
T1,2025-12-26 03:50:00,7.042350119995467,0.08432430558353582,0.14042411760169315
T1,2025-12-26 04:00:00,6.775196142196748,0.07122071472205654,0.8667085722042803
T1,2025-12-26 04:10:00,4.942398263699046,0.009445296147597702,3.207046806375199
T1,2025-12-26 04:20:00,5.807472416483498,0.028883441694649105,-0.6186413915237388
T1,2025-12-26 04:30:00,4.635443475541117,0.005614742712609269,-0.3895086050367287
T1,2025-12-26 04:40:00,6.227373890101047,0.044676511335168805,1.6782172794816335
T1,2025-12-26 04:50:00,6.620263114320492,0.06248889981188047,5.069909585676855
T1,2025-12-26 05:00:00,7.070062719529512,0.08527351484464404,1.496595571271819
T1,2025-12-26 05:10:00,5.020922881735329,0.010217303757872094,3.179368963684006
T1,2025-12-26 05:20:00,5.712487241244151,0.027337252705496248,1.2121764979109684
T1,2025-12-26 05:30:00,4.0876616234914795,0.0017515565621737579,3.2949730513234945
T1,2025-12-26 05:40:00,6.881090955876118,0.07818806836882401,2.8137732104648716
T1,2025-12-26 05:50:00,5.652951150094969,0.024527378244982828,1.5965079994353837
T1,2025-12-26 06:00:00,8.283020155490595,0.18393843397193624,1.3043209789119636
T1,2025-12-26 06:10:00,6.467286246498774,0.05173107775758678,1.1514685222928365
T1,2025-12-26 06:20:00,7.844195463252855,0.1555306794077479,0.28066009838568484
T1,2025-12-26 06:30:00,6.874070285171121,0.07453331869162703,1.2491680569679904
T1,2025-12-26 06:40:00,7.405073019425408,0.11324886485283686,0.6377911140547711
T1,2025-12-26 06:50:00,7.294319646749856,0.09819120168879726,0.6852697775058944
T1,2025-12-26 07:00:00,6.2098367374168575,0.04446033829527799,-0.1477820549443305
T1,2025-12-26 07:10:00,8.786535564657008,0.24944330033899564,0.5326102499355642
T1,2025-12-26 07:20:00,6.796729544020225,0.06808932807868616,2.5510021791259776
T1,2025-12-26 07:30:00,9.497712854703687,0.37253144071658,1.5666326329213638
T1,2025-12-26 07:40:00,5.07432948016694,0.011884848644803919,-0.5461579558620331
T1,2025-12-26 07:50:00,7.544351020492331,0.12371081949082957,-0.009133463247210205
T1,2025-12-26 08:00:00,9.242090279268806,0.3076160323134925,-0.3572675839252495
T1,2025-12-26 08:10:00,9.357254679355153,0.34543342696935836,-0.31605045830387635
T1,2025-12-26 08:20:00,6.068591219118048,0.03765410301895918,-0.05620233459742252
T1,2025-12-26 08:30:00,8.735788592643805,0.24541164270775914,0.259498462291867
T1,2025-12-26 08:40:00,8.798788852013324,0.24832476845977844,0.2779176926490148
T1,2025-12-26 08:50:00,8.988232095948002,0.2915218143961918,0.7429328089818316
T1,2025-12-26 09:00:00,8.28181823657864,0.19467064539454804,1.427833396629375
T1,2025-12-26 09:10:00,7.861000837466089,0.15050635907550144,2.6980698960383247
T1,2025-12-26 09:20:00,9.109532735751941,0.2874589017718864,1.575335206282171
T1,2025-12-26 09:30:00,9.628947663899563,0.3789287101781234,3.1540467502239444
T1,2025-12-26 09:40:00,10.19904820782365,0.4750052115495412,1.167653065092663
T1,2025-12-26 09:50:00,8.969768520727865,0.27136951083887445,2.916879479035058
T1,2025-12-26 10:00:00,8.130536066097998,0.17549869397104084,2.8904412888831645
T1,2025-12-26 10:10:00,10.056977929775162,0.4691944775265913,0.8460951433889778
T1,2025-12-26 10:20:00,7.562905180375784,0.12489711818903083,1.0303260892225845
T1,2025-12-26 10:30:00,8.415020752072147,0.2135398699470589,0.9764733936836119
T1,2025-12-26 10:40:00,8.533600697231535,0.22836452254079193,0.5688610971835231
T1,2025-12-26 10:50:00,9.331926390064378,0.3199444486111035,0.4808789674285012
T1,2025-12-26 11:00:00,9.589418505034125,0.3809937011636735,1.6937922404006867
T1,2025-12-26 11:10:00,11.795884490648906,0.8439012578216297,0.33750254269106894
T1,2025-12-26 11:20:00,10.199313386466132,0.4956871635829001,2.080720717729682
T1,2025-12-26 11:30:00,10.605037153425524,0.5649516194011162,1.6339182011654438
T1,2025-12-26 11:40:00,8.98648456992391,0.2667270765140822,0.5935732236820742
T1,2025-12-26 11:50:00,8.183191801840952,0.17760628095250505,3.267373151480982
T1,2025-12-26 12:00:00,9.042058113864663,0.2962970594670356,2.1499151966838257
T1,2025-12-26 12:10:00,8.86395145160141,0.2552440344559963,1.7394076992489507
T1,2025-12-26 12:20:00,11.983637752574571,0.9282342518657801,0.3980980946044721
T1,2025-12-26 12:30:00,11.252188153337613,0.7566258051537211,1.575173959932388
T1,2025-12-26 12:40:00,10.501700904014204,0.554804988506728,-0.24068785561534312
T1,2025-12-26 12:50:00,9.348420478297237,0.3330611565071783,1.3536557977925459
T1,2025-12-26 13:00:00,7.863004869345217,0.14263063027781725,1.2579524605207635
T1,2025-12-26 13:10:00,9.00894071884236,0.28651736800316085,2.464614772754646
T1,2025-12-26 13:20:00,8.607787246228554,0.22614613455055205,1.849980773777416
T1,2025-12-26 13:30:00,8.40663303522287,0.21579358052365274,-0.49389048809964553
T1,2025-12-26 13:40:00,9.796598048444677,0.3940531758942265,2.015612714643615
T1,2025-12-26 13:50:00,11.357491285783158,0.7831752114561285,-0.39170129722945757
T1,2025-12-26 14:00:00,11.667169406904149,0.8742902953315698,2.3646641029187254
T1,2025-12-26 14:10:00,8.908665385434478,0.2702972369526842,2.425166731247138
T1,2025-12-26 14:20:00,9.206597942572436,0.3051084134512742,1.2952282853089054
T1,2025-12-26 14:30:00,9.410284134579198,0.33338707881321733,1.8424311143451197
T1,2025-12-26 14:40:00,8.156426296717903,0.17958674620292125,1.7977171193730235
T1,2025-12-26 14:50:00,10.490968077236388,0.5563379683131134,2.726203682683892
T1,2025-12-26 15:00:00,9.45311129544822,0.3383020572412348,0.8523058622737463
T1,2025-12-26 15:10:00,8.85856794189378,0.27347812621121625,0.6504442806459974
T1,2025-12-26 15:20:00,9.335924641026832,0.3475922876172149,-0.22213801212570972
T1,2025-12-26 15:30:00,8.030330250397204,0.17095102898486797,-0.6992882817634662
T1,2025-12-26 15:40:00,8.228204019672765,0.19365583328481117,0.8654069266438106
T1,2025-12-26 15:50:00,9.94190194070197,0.4369340801615568,0.3142788242687069
T1,2025-12-26 16:00:00,9.518169318240163,0.3762311005630738,2.2909437129372634
T1,2025-12-26 16:10:00,8.427280766188595,0.19775007636977524,1.3878820650923775
T1,2025-12-26 16:20:00,6.407072622024183,0.05212673501631723,1.6762261863518195
T1,2025-12-26 16:30:00,11.03831092536651,0.7019541746998254,1.5184949097661635
T1,2025-12-26 16:40:00,8.50255855187429,0.22682007417467406,1.7498478355413836
T1,2025-12-26 16:50:00,9.007854677405652,0.2821614091133639,-0.14022350002364847
T1,2025-12-26 17:00:00,6.580238218200638,0.05823489299692108,1.2422901986997632
T1,2025-12-26 17:10:00,8.359304480003615,0.1927809423808809,0.6730568214229143
T1,2025-12-26 17:20:00,8.27432134014391,0.18185040536320646,2.856867254925478
T1,2025-12-26 17:30:00,7.844056753144278,0.14556486945414326,0.27529916524337295
T1,2025-12-26 17:40:00,8.77822412393586,0.24870262663607004,1.0842963581783662
T1,2025-12-26 17:50:00,5.149127104135154,0.012868390154860453,1.630652335592354
T1,2025-12-26 18:00:00,8.604454259388174,0.23169008582787434,0.8275786003167701
T1,2025-12-26 18:10:00,6.5713002732192,0.06005960752572962,1.0180773622209567
T1,2025-12-26 18:20:00,6.3252072884510255,0.04806215664018923,1.647289347610738
T1,2025-12-26 18:30:00,6.799378041549929,0.07319843773410305,1.9468199760728893
T1,2025-12-26 18:40:00,7.230505397819362,0.09673814762845546,2.096589694349065
T1,2025-12-26 18:50:00,6.84963229539371,0.07330249307838332,1.960342144166102
T1,2025-12-26 19:00:00,6.038802315568116,0.03645186425230016,1.5046462120332005
T1,2025-12-26 19:10:00,7.111557878665648,0.08793036540721659,3.0850067185663455
T1,2025-12-26 19:20:00,9.731538724095913,0.41491779413979274,-0.3283907285010117
T1,2025-12-26 19:30:00,7.00901397235855,0.0858115271778061,2.4589473475415797
T1,2025-12-26 19:40:00,5.64548014307999,0.023342829884642046,1.037192380536497
T1,2025-12-26 19:50:00,7.466748111570935,0.11972521591866313,3.0584460891080516
T1,2025-12-26 20:00:00,6.978794085154347,0.07790471536630866,1.5038913732058903
T1,2025-12-26 20:10:00,4.864418765885507,0.008538755071949664,-0.24149601991551117
T1,2025-12-26 20:20:00,7.221774637176295,0.10271418558416671,1.2421827059256423
T1,2025-12-26 20:30:00,3.971179397311579,0.0011355460174853516,0.3989981096223738
T1,2025-12-26 20:40:00,6.127489820098554,0.03879816880042695,2.5271672259052504
T1,2025-12-26 20:50:00,7.704044185293068,0.1361603613286678,1.5544791727527207
T1,2025-12-26 21:00:00,3.925244160869939,0.001067281730600365,1.7115021227723644
T1,2025-12-26 21:10:00,4.734879322904627,0.0067872207036109005,2.2716942252270873
T1,2025-12-26 21:20:00,4.240526157517235,0.0024648097840769085,2.0511855339441163
T1,2025-12-26 21:30:00,6.761729631440132,0.07263799590031679,2.7503003643597133
T1,2025-12-26 21:40:00,4.216439828860573,0.0024313753369530756,1.8100800811667537
T1,2025-12-26 21:50:00,4.886999503538771,0.00839374347984558,1.7135168787936124
T1,2025-12-26 22:00:00,5.424860161682946,0.018671990726611454,1.8854972468502869
T1,2025-12-26 22:10:00,6.060827578766451,0.03757305075501993,2.1617951978502283
T1,2025-12-26 22:20:00,5.672816336623385,0.023751663525319905,1.450082945368784
T1,2025-12-26 22:30:00,3.621415786612541,0.000313927477419614,-1.7143054924596275
T1,2025-12-26 22:40:00,2.292953493023711,0.0,1.6988886134002859
T1,2025-12-26 22:50:00,5.816862248987991,0.029642206960582555,3.9307846776643416
T1,2025-12-26 23:00:00,4.679344824481543,0.005997001832673997,1.1630896265173605
T1,2025-12-26 23:10:00,5.344634978070447,0.016363370329451767,1.3709548194892482
T1,2025-12-26 23:20:00,3.821178176454188,0.0007083383652457739,0.9832102520688228
T1,2025-12-26 23:30:00,4.51817567404853,0.004619627339338482,1.7469383860785528
T1,2025-12-26 23:40:00,6.177221484952748,0.043249106080450406,0.8945937924631877
T1,2025-12-26 23:50:00,2.7282872919825154,0.0,3.182061948882527
T1,2025-12-27 00:00:00,4.260119069681784,0.0025683028304983183,2.0237743019904912
T1,2025-12-27 00:10:00,2.6307905698863725,0.0,2.10748754207865
T1,2025-12-27 00:20:00,6.102095211906135,0.038270812639862366,2.8447701646199803
T1,2025-12-27 00:30:00,4.722708298598124,0.00653149104037407,2.443722176433158
T1,2025-12-27 00:40:00,3.3837520155991063,7.599224911416364e-05,0.6663984063000952
T1,2025-12-27 00:50:00,2.580550219538751,0.0,1.8433489870957702
T1,2025-12-27 01:00:00,4.694548696005773,0.0061975134677452245,1.6059499450178503
T1,2025-12-27 01:10:00,4.7900632488350645,0.007267871008324127,1.5393590454936097
T1,2025-12-27 01:20:00,4.445438239891214,0.004058673585736095,0.40732069966903905
T1,2025-12-27 01:30:00,6.299866259519872,0.048625067201115875,2.1604082844933
T1,2025-12-27 01:40:00,3.5402099323176595,0.00019525341726125658,0.06779957570062445
T1,2025-12-27 01:50:00,5.712155817370471,0.027306977657426415,4.559481418447907
T1,2025-12-27 02:00:00,6.659589332285285,0.06422330418526222,1.4907830421792279
T1,2025-12-27 02:10:00,4.192794107174524,0.0021636591894507754,1.382708648177356
T1,2025-12-27 02:20:00,6.0021095440681425,0.03474726127591261,1.5272140876697902
T1,2025-12-27 02:30:00,6.85657213087832,0.07633508727804009,3.0015161080040276
T1,2025-12-27 02:40:00,3.4534054518669777,0.0001162706615296709,0.675593843567614
T1,2025-12-27 02:50:00,4.407618254507844,0.0035185357564463072,1.5191821629399498
T1,2025-12-27 03:00:00,3.7215460804610423,0.0004799908595970583,1.385662831396953
T1,2025-12-27 03:10:00,5.937881452368948,0.03366691581129475,1.5713525198696356
T1,2025-12-27 03:20:00,7.659859059300498,0.13127703540389316,1.349676056273346
T1,2025-12-27 03:30:00,3.7928742665061,0.0006483040539740599,2.3127817736464977
T1,2025-12-27 03:40:00,5.5949224936173705,0.023075802216374102,2.1228809633214065
T1,2025-12-27 03:50:00,8.886201386787294,0.26352022731991603,2.16325029247904
T1,2025-12-27 04:00:00,5.015105442080859,0.011022929226149761,2.5736606794280417
T1,2025-12-27 04:10:00,6.618385554956368,0.06209670099513062,1.4522943217280684
T1,2025-12-27 04:20:00,6.669160346116905,0.06622731592205652,2.2231702482611793
T1,2025-12-27 04:30:00,5.4504602469148615,0.020023978216911695,1.1676979017410907
T1,2025-12-27 04:40:00,7.25119508313822,0.09708254562900896,-0.14926856006081435
T1,2025-12-27 04:50:00,6.708400735978431,0.06927603916230263,1.4797071027288988
T1,2025-12-27 05:00:00,6.24389538499991,0.04636177067842354,1.8329605025345166
T1,2025-12-27 05:10:00,6.140842246791493,0.03879307058432476,1.309405898507665
T1,2025-12-27 05:20:00,8.132486351749654,0.18461459572241185,0.8752384109054878
T1,2025-12-27 05:30:00,6.86478877866277,0.07875286898843331,1.0023338404809459
T1,2025-12-27 05:40:00,5.887909745226998,0.032683837833553595,0.9520138901930315
T1,2025-12-27 05:50:00,6.29106404732019,0.04889262956392457,0.9128613412550735
T1,2025-12-27 06:00:00,7.376000721441899,0.10397669891984028,2.478665622957923
T1,2025-12-27 06:10:00,7.642448345939097,0.1322238423790307,1.1742273931757636
T1,2025-12-27 06:20:00,5.533316885479613,0.022021390630926528,1.1985054649341622
T1,2025-12-27 06:30:00,8.412986751777924,0.2030753703081443,1.400157965457573
T1,2025-12-27 06:40:00,5.98809135534994,0.034631607034556304,1.6812456036555663
T1,2025-12-27 06:50:00,5.366033912541749,0.017333692034839258,2.1572244704936
T1,2025-12-27 07:00:00,7.254665942928958,0.09843279366294543,-1.2767922394463795
T1,2025-12-27 07:10:00,8.159085148740141,0.1777787045315794,1.269358456802007
T1,2025-12-27 07:20:00,9.02369242746078,0.2968782581710454,2.8635647597049934
T1,2025-12-27 07:30:00,6.577996357677732,0.06186716891543665,0.7667814590757385
T1,2025-12-27 07:40:00,7.618900896962937,0.12450778246835344,2.959612003174932
T1,2025-12-27 07:50:00,9.408509336612578,0.33891928373763364,2.002281724614643
T1,2025-12-27 08:00:00,8.198903202299928,0.18256561211849176,2.5325987543537956
T1,2025-12-27 08:10:00,9.720082338661078,0.4137207346319114,-0.10693950604262059
T1,2025-12-27 08:20:00,9.234474151900326,0.31979216157344087,1.6965896934269373
T1,2025-12-27 08:30:00,6.733932349077819,0.06603617514896816,1.4893469805869606
T1,2025-12-27 08:40:00,7.646562608190157,0.12750184027962239,1.7979673982746296
T1,2025-12-27 08:50:00,9.772663016900204,0.39777226284603207,2.2884324159351674
T1,2025-12-27 09:00:00,5.872731273893627,0.029735375775673513,2.5590021412252133
T1,2025-12-27 09:10:00,9.87059715948058,0.4343435603176779,2.3649111494569737
T1,2025-12-27 09:20:00,8.735767044553473,0.2458483045975868,1.0839165026118334
T1,2025-12-27 09:30:00,7.937082567816972,0.16473181211689716,1.8406084013918445
T1,2025-12-27 09:40:00,11.793124344769433,0.9130197929253505,2.8023354757811845
T1,2025-12-27 09:50:00,8.060026050739925,0.17729382778485356,2.5286742023127315
T1,2025-12-27 10:00:00,8.402949332315801,0.2145471541072003,1.703990067546704
T1,2025-12-27 10:10:00,8.86468878412934,0.26660959150183994,0.5542595100945145
T1,2025-12-27 10:20:00,8.895911866424601,0.2796461443600474,-0.32898543805179004
T1,2025-12-27 10:30:00,9.976503696677591,0.4360509164172487,0.10084781110612617
T1,2025-12-27 10:40:00,9.85723302655013,0.4090058303993895,0.5386785333220556
T1,2025-12-27 10:50:00,6.519990549562282,0.05543950192726289,0.48605061582558884
T1,2025-12-27 11:00:00,10.837936793681488,0.6133570120209515,1.9707011699725747
T1,2025-12-27 11:10:00,10.764451533995294,0.6060756868733164,1.0393714334258177
T1,2025-12-27 11:20:00,10.603403244771581,0.598160102285717,1.6820169512251344
T1,2025-12-27 11:30:00,10.087489080504707,0.45474605803716417,1.727483043320217
T1,2025-12-27 11:40:00,7.670512477168011,0.13849361306549948,0.7265672632769652
T1,2025-12-27 11:50:00,10.429611659357978,0.5163606818610693,1.602045025934081
T1,2025-12-27 12:00:00,8.967351995868809,0.2763176499015594,0.9738484201640261
T1,2025-12-27 12:10:00,8.224914752119123,0.18652653286894558,2.9830416313555865
T1,2025-12-27 12:20:00,9.55981650426277,0.37559660678128326,0.989438519500806
T1,2025-12-27 12:30:00,10.291564788844195,0.49829604244318065,1.5612288576627193
T1,2025-12-27 12:40:00,8.269707928796388,0.18151641388025141,1.3176522839477507
T1,2025-12-27 12:50:00,8.168326955420547,0.1727219958519243,2.525982215088086
T1,2025-12-27 13:00:00,10.146406335914262,0.4541422955788766,1.6402921545166123
T1,2025-12-27 13:10:00,10.640977389623778,0.5579172521881982,2.400674183981335
T1,2025-12-27 13:20:00,8.69865923662451,0.250562845236789,1.661289624294968
T1,2025-12-27 13:30:00,9.571739683984807,0.3616492934508238,2.1209589283306958
T1,2025-12-27 13:40:00,9.284253103080527,0.3342670340559443,0.7350134403035389
T1,2025-12-27 13:50:00,10.838297982099824,0.5949682928157694,0.8818254162101309
T1,2025-12-27 14:00:00,9.513007672849561,0.3728329637347503,2.8737565753829624
T1,2025-12-27 14:10:00,6.939993410736412,0.07913389054985417,0.946606922831081
T1,2025-12-27 14:20:00,8.04491332020547,0.1710519057771398,0.942906395131266
T1,2025-12-27 14:30:00,10.474275479435839,0.5290437686100435,1.61279053734279
T1,2025-12-27 14:40:00,10.558170538247259,0.5575990326815062,1.2346025198325243
T1,2025-12-27 14:50:00,10.439849643183802,0.550047936474073,1.667036860178256
T1,2025-12-27 15:00:00,8.516125862739294,0.21638001049026612,2.478870108265475
T1,2025-12-27 15:10:00,7.630611339845531,0.1240128163046923,-0.17646769643838178
T1,2025-12-27 15:20:00,9.476312031222722,0.35307748505887543,0.35178422087115946
T1,2025-12-27 15:30:00,8.377790925767663,0.21148760183476406,0.5092372312194429
T1,2025-12-27 15:40:00,8.141530583028954,0.17953789744490012,3.0789915775863177
T1,2025-12-27 15:50:00,7.522870946244984,0.12329972807751738,2.007343784890808
T1,2025-12-27 16:00:00,8.666594437901225,0.2279157139390816,3.215393440619082
T1,2025-12-27 16:10:00,7.078584564406044,0.08433370693800923,1.807418010465516
T1,2025-12-27 16:20:00,7.5732883024074455,0.12943537235100902,1.4889022610662643
T1,2025-12-27 16:30:00,10.3241349250556,0.5319670906895013,0.35480009050322137
T1,2025-12-27 16:40:00,7.760068211644696,0.1360246062274991,1.6197882815691464
T1,2025-12-27 16:50:00,9.248708463054896,0.3042767198410951,-0.8493915781640742
T1,2025-12-27 17:00:00,7.916202499309167,0.1523321148747235,2.3754630418568046
T1,2025-12-27 17:10:00,8.047268340187703,0.1669941956403143,3.7216268101412657
T1,2025-12-27 17:20:00,7.658475833661988,0.13727719084838977,3.0235092221805315
T1,2025-12-27 17:30:00,10.024489272710028,0.43095995257221403,0.4167332075719514
T1,2025-12-27 17:40:00,7.672548826074964,0.13385231418316934,1.7561597100484059
T1,2025-12-27 17:50:00,7.450683997218305,0.11608924739349838,2.0228588300423547
T1,2025-12-27 18:00:00,7.214674393986109,0.1009597114823007,2.127544406529449
T1,2025-12-27 18:10:00,6.303579789990349,0.046723934713078646,1.6471700811723478
T1,2025-12-27 18:20:00,8.22951493333663,0.19569769016173744,0.9134827703901276
T1,2025-12-27 18:30:00,5.703509203242052,0.02707016187652785,-0.26821586286120147
T1,2025-12-27 18:40:00,4.732504272797159,0.006858288711527738,2.176741805089004
T1,2025-12-27 18:50:00,6.775532756497433,0.0719667086233845,1.8303272555091765
T1,2025-12-27 19:00:00,6.905399196835699,0.079485718674935,1.2626972762340165
T1,2025-12-27 19:10:00,4.821558862192626,0.00791507686715608,0.9520029736600952
T1,2025-12-27 19:20:00,6.481751267854192,0.05568575824554488,0.9670110074804874
T1,2025-12-27 19:30:00,6.0319820647024,0.03609023761600514,1.4294815609836287
T1,2025-12-27 19:40:00,4.007759487377565,0.0013217787293901518,2.744561522771126
T1,2025-12-27 19:50:00,3.283178112476488,3.105787195262244e-05,0.1929814676451489
T1,2025-12-27 20:00:00,6.168913669565755,0.04030955619535494,-0.2817558510643683
T1,2025-12-27 20:10:00,5.65956383818153,0.02457518677057056,2.279611359001449
T1,2025-12-27 20:20:00,6.57460886470127,0.05869766282189759,0.6755800862732616
T1,2025-12-27 20:30:00,3.857070576429045,0.0007775408052479144,1.3590969708712264
T1,2025-12-27 20:40:00,6.8120443288805905,0.06930270644023052,1.7295008622813905
T1,2025-12-27 20:50:00,5.450815267626026,0.01872359928765161,0.8381398391276151
T1,2025-12-27 21:00:00,5.777105744051826,0.028282472380777832,1.146430486188903
T1,2025-12-27 21:10:00,7.500140046413188,0.1130207251784122,1.2758173031448725
T1,2025-12-27 21:20:00,5.0584381902502145,0.011144505984133087,2.0186210024008786
T1,2025-12-27 21:30:00,4.808828849376282,0.007650450080543072,1.4874679441547127
T1,2025-12-27 21:40:00,4.437160371459925,0.003945089573348907,1.9618382689161464
T1,2025-12-27 21:50:00,3.152719407878995,4.770738912883642e-06,1.7718756836146685
T1,2025-12-27 22:00:00,4.729048994860681,0.006934733404775103,0.9577956798413473
T1,2025-12-27 22:10:00,3.013610460858252,3.3358421124577666e-09,-0.010135378564417596
T1,2025-12-27 22:20:00,3.4408578258674503,0.00010769607078136848,0.7816331187916029
T1,2025-12-27 22:30:00,2.5113464018399605,0.0,0.5595299203836549
T1,2025-12-27 22:40:00,5.587349214142136,0.021486116741214464,1.895180421298479
T1,2025-12-27 22:50:00,4.48525383542059,0.004479641208398934,1.445287317213184
T1,2025-12-27 23:00:00,6.056419948380575,0.03693980004880329,1.8439784214135013
T1,2025-12-27 23:10:00,3.875777047320935,0.000908689063417141,2.667530097841704
T1,2025-12-27 23:20:00,4.069110108886118,0.001512558240142869,2.6439369103011323
T1,2025-12-27 23:30:00,3.663816765068037,0.00038113304448188917,1.00584496522526
T1,2025-12-27 23:40:00,3.366810206961995,6.131993196941848e-05,0.7703916805825536
T1,2025-12-27 23:50:00,6.600068263014816,0.06350423855911044,0.06250725544564673
T1,2025-12-28 00:00:00,1.11357708446072,0.0,1.6308283588184946
T1,2025-12-28 00:10:00,6.040277303920283,0.03611279716927355,2.6235145198841803
T1,2025-12-28 00:20:00,5.926183899508173,0.03194243034681771,2.4771969727854253
T1,2025-12-28 00:30:00,3.973414720344674,0.0012577541458571656,0.46295319797169454
T1,2025-12-28 00:40:00,4.711072636718157,0.0068613014308149,2.167677643766371
T1,2025-12-28 00:50:00,6.44936283941958,0.05281542201171296,1.2865679365133886
T1,2025-12-28 01:00:00,4.59895291542853,0.005394341767264984,2.7251806302646497
T1,2025-12-28 01:10:00,2.130836298212973,0.0,2.4447251523434192
T1,2025-12-28 01:20:00,3.8093114302622513,0.0007116384400167286,2.077581734267147
T1,2025-12-28 01:30:00,6.2449130460859825,0.046614435566178995,2.0374518646637974
T1,2025-12-28 01:40:00,3.5616331844112334,0.00022940423120558414,0.8894955023771789
T1,2025-12-28 01:50:00,6.264190529312739,0.04630592251390451,2.602397244280181
T1,2025-12-28 02:00:00,4.313485638052946,0.0029876353425454575,-0.14201449785342302
T1,2025-12-28 02:10:00,5.779336770642188,0.028135941303575825,1.2986384504280315
T1,2025-12-28 02:20:00,4.3258200926367065,0.0028853454814906157,1.2702719235148947
T1,2025-12-28 02:30:00,4.19060574966231,0.002091902088949668,2.213569997469708
T1,2025-12-28 02:40:00,4.700978738045281,0.0064326735983383804,0.604114381918191
T1,2025-12-28 02:50:00,2.5844072372186404,0.0,0.19097039889868217
T1,2025-12-28 03:00:00,5.937988340866317,0.03253295149507823,2.368342676685888
T1,2025-12-28 03:10:00,2.7012009958118544,0.0,0.11311900267664332
T1,2025-12-28 03:20:00,5.3141557441818605,0.016091791341252052,2.975102967535854
T1,2025-12-28 03:30:00,4.134933216972327,0.0018259238645921367,0.3226949773014245
T1,2025-12-28 03:40:00,5.993326120668722,0.034427135092443405,1.1527606168505469
T1,2025-12-28 03:50:00,7.194970995884208,0.095192294256025,0.02796633916840552
T1,2025-12-28 04:00:00,5.773571529344732,0.02692061979283401,2.2137901212024715
T1,2025-12-28 04:10:00,5.47369904359252,0.020040659360167946,1.6720829193589402
T1,2025-12-28 04:20:00,6.2899167359402846,0.04636999932265181,2.80738532814677
T1,2025-12-28 04:30:00,6.611324604495667,0.0617183774527472,0.6042300139564014
T1,2025-12-28 04:40:00,7.208877209881671,0.10208082014854918,2.335341321484716
T1,2025-12-28 04:50:00,5.676970914607962,0.025206915622682735,3.469955475553133
T1,2025-12-28 05:00:00,7.77905257750313,0.13759225109178913,2.217565835054787
T1,2025-12-28 05:10:00,5.226058136770627,0.01438125790401189,0.9115531269512064
T1,2025-12-28 05:20:00,6.384273595270139,0.04860220108702052,1.695491687948465
T1,2025-12-28 05:30:00,9.381645523117713,0.35138839126489474,2.377036969065236
T1,2025-12-28 05:40:00,7.0482474022917945,0.08731959970134415,3.5571287051387195
T1,2025-12-28 05:50:00,7.804067189372671,0.146967705667002,1.103115209243153
T1,2025-12-28 06:00:00,7.520002103360611,0.11781921678109067,0.9011371178782321
T1,2025-12-28 06:10:00,7.490354109176521,0.11735233333463892,0.6916085491600994
T1,2025-12-28 06:20:00,9.6084103347992,0.38566231376800175,1.1689685530311191
T1,2025-12-28 06:30:00,7.4134428216169015,0.11636620168467186,2.2298325830573855
T1,2025-12-28 06:40:00,5.590366343039457,0.023828801197444297,1.72942661437437
T1,2025-12-28 06:50:00,7.313285710953283,0.10035594311928828,0.7886661933080097
T1,2025-12-28 07:00:00,7.907139888310207,0.1561194754635562,3.3793412508213785
T1,2025-12-28 07:10:00,7.095966007715512,0.09214406823913758,0.7441183502820584
T1,2025-12-28 07:20:00,7.168320618009765,0.09869188743809515,1.6748273951200083
T1,2025-12-28 07:30:00,9.495881261176253,0.3473732903138043,2.2740387145462764
T1,2025-12-28 07:40:00,8.757749583661033,0.25253180876756887,1.9741247546493275
T1,2025-12-28 07:50:00,10.106648399524747,0.4825075738991527,0.1811140201141037
T1,2025-12-28 08:00:00,8.586526226182539,0.2178295523648786,1.8499869972810374
T1,2025-12-28 08:10:00,7.026197371168719,0.08248255490598286,0.9890755665737161
T1,2025-12-28 08:20:00,8.180350645542033,0.1726856463485325,2.555921271539419
T1,2025-12-28 08:30:00,8.18732827000654,0.17864627393835492,1.2148807148566036
T1,2025-12-28 08:40:00,8.216827905277077,0.1907279128256116,2.110742503256988
T1,2025-12-28 08:50:00,9.624180459442027,0.37073523720301405,1.0038895838927293
T1,2025-12-28 09:00:00,6.647847121070668,0.06287442810457561,2.090264988875795
T1,2025-12-28 09:10:00,8.677362564343012,0.22793273963542054,2.6552070252408977
T1,2025-12-28 09:20:00,10.835715146592104,0.6001889251670576,1.797499263127872
T1,2025-12-28 09:30:00,7.635602613672068,0.13572676811699333,2.2537366992787495
T1,2025-12-28 09:40:00,9.9543914143106,0.41990371570012097,2.6565556910851162
T1,2025-12-28 09:50:00,9.151239706044464,0.31620996872619883,1.619692759860299
T1,2025-12-28 10:00:00,7.176619215252323,0.09365092909946537,0.694299453238966
T1,2025-12-28 10:10:00,8.109999639039653,0.1659718415861634,2.877508745639128
T1,2025-12-28 10:20:00,10.914733909855588,0.6211670339052142,0.5773035320464373
T1,2025-12-28 10:30:00,8.49577236401041,0.2226276425498837,1.8802986408527214
T1,2025-12-28 10:40:00,9.452495396969649,0.3397720187529686,2.071500129797223
T1,2025-12-28 10:50:00,9.300820463065577,0.3276686008346128,1.3346224004068912
T1,2025-12-28 11:00:00,8.059983496901554,0.1702411338017633,1.6205322450676376
T1,2025-12-28 11:10:00,10.851980572093145,0.6636963226104462,1.5982714114459666
T1,2025-12-28 11:20:00,10.604696378209526,0.5725919327994038,0.4857973053613909
T1,2025-12-28 11:30:00,9.99678293207427,0.440200670212872,2.820155454925935
T1,2025-12-28 11:40:00,9.325378054575406,0.3435400802556337,0.6978034537277068
T1,2025-12-28 11:50:00,8.510984462219488,0.22475217676793588,1.5141691706064884
T1,2025-12-28 12:00:00,8.368718931117463,0.19352156431699352,1.986235102390044
T1,2025-12-28 12:10:00,10.639185074005626,0.6036983559359137,1.6198704353509195
T1,2025-12-28 12:20:00,6.992271700886736,0.0868184101547559,2.007891317835926
T1,2025-12-28 12:30:00,10.678347866366455,0.6170892895269874,-0.08775935922941991
T1,2025-12-28 12:40:00,9.888289014710235,0.4354760032949781,0.29409961019294206
T1,2025-12-28 12:50:00,10.025277302367007,0.4376136604294137,0.35261476544317394
T1,2025-12-28 13:00:00,9.425426166118548,0.35387631616630294,1.6310589390483594
T1,2025-12-28 13:10:00,8.196576772150214,0.18561835070768865,1.8678221683535043
T1,2025-12-28 13:20:00,8.326407800907408,0.2064227179299684,1.935960602131857
T1,2025-12-28 13:30:00,9.141455170476148,0.2904281526694351,3.466474863871972
T1,2025-12-28 13:40:00,9.807181700852329,0.39824028779690424,1.1226528021370128
T1,2025-12-28 13:50:00,10.719360133175304,0.6058614400108808,2.0633759806307603
T1,2025-12-28 14:00:00,9.514345817330986,0.3674633048516551,0.47466805496169884
T1,2025-12-28 14:10:00,9.769688996356056,0.42556756441061316,2.8605278031246435
T1,2025-12-28 14:20:00,8.115982350581296,0.17133578186111997,0.6601360860775364
T1,2025-12-28 14:30:00,10.047704787363775,0.4495055399714187,1.369439853645786
T1,2025-12-28 14:40:00,9.547837223134742,0.35842630408852455,1.7424451526059035
T1,2025-12-28 14:50:00,11.042233163894675,0.6918994684715539,2.8595828398924175
T1,2025-12-28 15:00:00,9.972956145581755,0.45151353354519974,1.8278764630862456
T1,2025-12-28 15:10:00,8.765958660333338,0.24374942835055316,2.3944168607349408
T1,2025-12-28 15:20:00,7.30139206727077,0.10522077018113289,2.5280215886336257
T1,2025-12-28 15:30:00,10.447895448650973,0.5102802754049323,0.9074286257504298
T1,2025-12-28 15:40:00,7.375373783209999,0.11205815800666322,2.455859557927913
T1,2025-12-28 15:50:00,8.764868754288909,0.24189270658088746,1.7381608051061943
T1,2025-12-28 16:00:00,9.513183884957423,0.34993641459925173,4.6894516497328365
T1,2025-12-28 16:10:00,9.169565614554294,0.3114913180901705,2.2475023911744305
T1,2025-12-28 16:20:00,6.804632885340572,0.07535792558787185,2.018648417724249
T1,2025-12-28 16:30:00,6.82072714720946,0.07046617365838445,0.8003828986007111
T1,2025-12-28 16:40:00,9.277288458809828,0.30768581726226446,1.2458475194900402
T1,2025-12-28 16:50:00,8.623440314983927,0.22656678733332716,-0.6934207609130976
T1,2025-12-28 17:00:00,11.397958062465074,0.7547783405128912,1.8402568793126355
T1,2025-12-28 17:10:00,6.623093869934568,0.059960153312623575,2.3067827434471866
T1,2025-12-28 17:20:00,5.4927941682165065,0.02025744640767413,-0.7383697789771437
T1,2025-12-28 17:30:00,5.928988753585482,0.03394450457155869,2.5559178216577854
T1,2025-12-28 17:40:00,6.192853320085074,0.0445060243509352,-0.6878650466257175
T1,2025-12-28 17:50:00,6.64562019341336,0.06021550641697464,1.529507590291026
T1,2025-12-28 18:00:00,7.388329835025602,0.10647545749541378,2.089048574261227
T1,2025-12-28 18:10:00,7.283941347604375,0.10705864923279541,1.5483445597958139
T1,2025-12-28 18:20:00,6.465510349477841,0.05293502325009694,1.7727572852830416
T1,2025-12-28 18:30:00,5.78351373056762,0.02680936316262299,2.0337329808581486
T1,2025-12-28 18:40:00,6.9464299594693415,0.07823890040793621,0.39042238697196185
T1,2025-12-28 18:50:00,5.870442084481357,0.03213265853844478,1.5475047756349662
T1,2025-12-28 19:00:00,7.50244592406942,0.1144658169217805,2.008714871379639
T1,2025-12-28 19:10:00,5.858811488316033,0.028908488564378942,-0.850394462257225
T1,2025-12-28 19:20:00,5.437828464979484,0.019394170532643994,0.4850327225921285
T1,2025-12-28 19:30:00,7.513021111596661,0.12042203744602734,-1.8576128377648327
T1,2025-12-28 19:40:00,7.412050708483401,0.11523825408116958,2.1465656301539235
T1,2025-12-28 19:50:00,7.810477264766384,0.14396127931948974,2.820504427670648
T1,2025-12-28 20:00:00,4.6502235469195465,0.005583739638304163,1.8467958638826818
T1,2025-12-28 20:10:00,6.879141092555286,0.07405303891573624,1.7689976324358387
T1,2025-12-28 20:20:00,7.271227338166304,0.10345556363730274,0.19712427987514158
T1,2025-12-28 20:30:00,5.792830788638958,0.02703791837652036,3.1682177252424086
T1,2025-12-28 20:40:00,4.318535345105693,0.003095739684654126,2.253801903520733
T1,2025-12-28 20:50:00,5.175659109231948,0.01378530148674634,2.655214304335055
T1,2025-12-28 21:00:00,6.003887413334577,0.035184234565565256,2.3922487906425007
T1,2025-12-28 21:10:00,5.330047939099728,0.016771982021309046,0.22023518063720626
T1,2025-12-28 21:20:00,5.244925311104262,0.014392409169014858,1.7122274227998477
T1,2025-12-28 21:30:00,6.217936622732732,0.04547422267320352,2.093900969209666
T1,2025-12-28 21:40:00,7.301675249345085,0.10127417206606475,2.67256115029375
T1,2025-12-28 21:50:00,6.772341032667472,0.07344660071998847,1.813878878295416
T1,2025-12-28 22:00:00,3.7927924093991168,0.0006605692906183296,0.8276675405348732
T1,2025-12-28 22:10:00,2.8528854781050077,0.0,2.870817339703362
T1,2025-12-28 22:20:00,6.766248256500571,0.06877831636834744,0.8484958238278262
T1,2025-12-28 22:30:00,6.409091973958125,0.054136916017016104,2.6727918093749135
T1,2025-12-28 22:40:00,4.585130019196069,0.005420009817597262,1.6180308866815523
T1,2025-12-28 22:50:00,2.6901604022738264,0.0,2.725478402682493
T1,2025-12-28 23:00:00,6.382697631007092,0.047834027457668314,1.42205620255211
T1,2025-12-28 23:10:00,3.9852257336029817,0.0012948024008165632,0.5941180684922513
T1,2025-12-28 23:20:00,3.5938946853817906,0.000284323378893487,2.112571970384601
T1,2025-12-28 23:30:00,4.286001281135583,0.0029109604962571805,2.0448511290034053
T1,2025-12-28 23:40:00,4.64406913574638,0.005731891536468811,2.4576267858972476
T1,2025-12-28 23:50:00,2.6185822054123458,0.0,3.198106060086221
T1,2025-12-29 00:00:00,2.994450887396801,0.0,1.4933409150595438
T1,2025-12-29 00:10:00,4.4763373143637235,0.0043665036499209026,2.615351023391839
T1,2025-12-29 00:20:00,4.571145377975037,0.004996493496970982,1.88689560034307
T1,2025-12-29 00:30:00,2.695498731900907,0.0,2.1128459784275435
T1,2025-12-29 00:40:00,7.306482136825673,0.10809897917487624,3.3690883033488417
T1,2025-12-29 00:50:00,5.956253771822707,0.03437741518158802,1.9300157803215623
T1,2025-12-29 01:00:00,5.236491483053964,0.01441936694339583,3.1474431636944757
T1,2025-12-29 01:10:00,5.3789616445829305,0.018045963478507315,0.7586653048444706
T1,2025-12-29 01:20:00,2.1637236862496194,0.0,2.7117015550384584
T1,2025-12-29 01:30:00,4.786330499950875,0.007228550668741545,1.937934340066573
T1,2025-12-29 01:40:00,5.374822141241811,0.016775276299101468,1.9335508046276804
T1,2025-12-29 01:50:00,4.9149505942696345,0.00937706845888918,3.1147561234782013
T1,2025-12-29 02:00:00,5.241294681216963,0.014937725989595986,1.2491253073294557
T1,2025-12-29 02:10:00,5.603794784129427,0.02333913411209074,2.5370467834075696
T1,2025-12-29 02:20:00,6.790820132206561,0.06912397848083572,1.8471145009697456
T1,2025-12-29 02:30:00,6.323106296370827,0.04704389170754728,-0.2945993498027941
T1,2025-12-29 02:40:00,4.458734593467936,0.0041874787194275415,2.8092381066684733
T1,2025-12-29 02:50:00,6.4633614794852825,0.05527420950478574,0.8003553405524381
T1,2025-12-29 03:00:00,4.6901109551516855,0.006543004028293801,1.9343773739937729
T1,2025-12-29 03:10:00,5.5664003661053725,0.022198631872203434,2.6911752551621615
T1,2025-12-29 03:20:00,5.794094351315483,0.02758320128990869,1.5629014425592225
T1,2025-12-29 03:30:00,5.467822276304235,0.020512113638253178,1.7099529123590946
T1,2025-12-29 03:40:00,5.343183408574669,0.01762039281988645,0.4634504658773775
T1,2025-12-29 03:50:00,5.986699193701233,0.036402338025723645,2.1877903940942196
T1,2025-12-29 04:00:00,6.157938385917023,0.03939786508178575,4.144949247179996
T1,2025-12-29 04:10:00,2.9181974906044106,0.0,2.3389796091693116
T1,2025-12-29 04:20:00,5.824258087324588,0.028432751215353432,1.4197825250112652
T1,2025-12-29 04:30:00,5.085580947670084,0.012371675414721698,0.5084026952176262
T1,2025-12-29 04:40:00,7.981232187996874,0.15879947944762998,0.31396539660064304
T1,2025-12-29 04:50:00,6.450741382067655,0.053383355226048104,1.8762892870168912
T1,2025-12-29 05:00:00,5.458652807449828,0.01849720158852618,2.2646600223682762
T1,2025-12-29 05:10:00,7.021097681864676,0.08339957667573229,1.8321801680444367
T1,2025-12-29 05:20:00,6.734329700714533,0.06490490922272645,3.7433061757728003
T1,2025-12-29 05:30:00,7.34123418536088,0.10795671543006681,3.0193184064024585
T1,2025-12-29 05:40:00,4.3003037872148,0.002800555395063034,0.33696751505665334
T1,2025-12-29 05:50:00,6.459974343836007,0.05673706049802134,2.435393258666562
T1,2025-12-29 06:00:00,5.81509052468392,0.029102558106981032,1.1990793758888199
T1,2025-12-29 06:10:00,8.837762053929712,0.2565575138168738,1.0525677697798097
T1,2025-12-29 06:20:00,8.12088512384527,0.1792823590003171,1.7718877689555181
T1,2025-12-29 06:30:00,7.030336436698426,0.08326131250482936,2.675763922327838
T1,2025-12-29 06:40:00,7.309292932080147,0.10868832080056447,1.4136258097372458
T1,2025-12-29 06:50:00,7.412343962091981,0.11681893233998007,0.9585970149262543
T1,2025-12-29 07:00:00,7.02563973098301,0.0888470512571857,1.142637895847523
T1,2025-12-29 07:10:00,6.592145229700741,0.06309579016651828,1.044616591868734
T1,2025-12-29 07:20:00,6.2846527373984316,0.04639984581180184,1.0547515087429922
T1,2025-12-29 07:30:00,9.313553113470933,0.33216276050785987,1.751174807947338
T1,2025-12-29 07:40:00,6.823210575669004,0.07104176217929098,1.2636946035329195
T1,2025-12-29 07:50:00,8.657657887617688,0.24686742643309345,3.597790553491529
T1,2025-12-29 08:00:00,9.24469740943722,0.33212306519681134,2.657495383385476
T1,2025-12-29 08:10:00,8.996386787549476,0.27767362775532184,0.6044672531154953
T1,2025-12-29 08:20:00,8.347352018251957,0.19241827104897877,2.2576235033455516
T1,2025-12-29 08:30:00,9.20350926866035,0.2982468064147002,2.9127840049088607
T1,2025-12-29 08:40:00,7.875517825967835,0.14746685649508534,0.6145373017439804
T1,2025-12-29 08:50:00,7.476816779621291,0.11771257077032195,1.2398751863961763
T1,2025-12-29 09:00:00,9.842188255105736,0.4386853084943379,1.8954925024141693
T1,2025-12-29 09:10:00,9.585272490389015,0.3767081755072619,1.4981250853436054
T1,2025-12-29 09:20:00,10.26734333671907,0.5183519295557864,1.449274206536893
T1,2025-12-29 09:30:00,8.97958158925113,0.27684784398158685,2.791243089144629
T1,2025-12-29 09:40:00,6.695450876141457,0.06374709327000594,1.6724191271347604
T1,2025-12-29 09:50:00,8.534058411740935,0.2149378393596214,2.4725557535823732
T1,2025-12-29 10:00:00,8.327756141766342,0.2047344642956368,1.029881255449385
T1,2025-12-29 10:10:00,10.422443095808744,0.5563400544577107,1.5444876903486382
T1,2025-12-29 10:20:00,8.241356846144631,0.18587917949693666,2.0541726699234486
T1,2025-12-29 10:30:00,10.426793658167266,0.5163850657161436,2.7493638904911775
T1,2025-12-29 10:40:00,9.637627330281678,0.4002255871686533,1.490924335469229
T1,2025-12-29 10:50:00,9.736951509207517,0.41876297566338444,0.5288540741673626
T1,2025-12-29 11:00:00,9.73890648518417,0.41640743914020417,2.5086856190487863
T1,2025-12-29 11:10:00,10.18757595965019,0.46806512889191143,2.5201173716952026
T1,2025-12-29 11:20:00,8.176205707336397,0.18975249273405426,3.960600085615433
T1,2025-12-29 11:30:00,10.929277052496426,0.6288839907204223,2.7315874917719167
T1,2025-12-29 11:40:00,7.554216322086631,0.11827446400291852,2.826918407797755
T1,2025-12-29 11:50:00,8.647146727821706,0.2378909797655961,2.613358711177619
T1,2025-12-29 12:00:00,8.623468948369991,0.22644979451526992,3.701118307645843
T1,2025-12-29 12:10:00,10.396331959567435,0.5265325849232695,1.5362350843024484
T1,2025-12-29 12:20:00,8.505719091633473,0.21156121880835124,1.5010060466348474
T1,2025-12-29 12:30:00,11.5890234599316,0.8336831763773939,1.9239652560894538
T1,2025-12-29 12:40:00,8.310276904886413,0.19728537477337968,1.482124076385001
T1,2025-12-29 12:50:00,12.626024171394953,0.9928144215726588,0.5583274616179066
T1,2025-12-29 13:00:00,10.21891013239666,0.4928562846858433,1.5813216864299622
T1,2025-12-29 13:10:00,10.459012544640494,0.5305558146561676,3.0416178970192687
T1,2025-12-29 13:20:00,9.820093035486982,0.4070500223387749,2.6228366059830552
T1,2025-12-29 13:30:00,10.423730774471569,0.5089833652131315,1.7637090133091304
T1,2025-12-29 13:40:00,8.433611140695788,0.21357301374127224,2.2886541356143515
T1,2025-12-29 13:50:00,7.587240414334387,0.12770287256125304,2.5660002354868983
T1,2025-12-29 14:00:00,10.25503389472799,0.4720761859525323,2.1373351344908937
T1,2025-12-29 14:10:00,9.946120523043774,0.4171604128869619,1.8848090679758966
T1,2025-12-29 14:20:00,8.879161738446602,0.2732462425328048,2.0355043704904086
T1,2025-12-29 14:30:00,8.708139313245058,0.24787938130141862,1.8031618400903184
T1,2025-12-29 14:40:00,8.759218006017296,0.24188556731912475,-0.524033598453673
T1,2025-12-29 14:50:00,9.08165118371448,0.291078538523244,0.483293817610007
T1,2025-12-29 15:00:00,9.889347926617894,0.44807033729289675,3.166111415463599
T1,2025-12-29 15:10:00,8.324287474173696,0.19936592600132147,-0.8149361480253128
T1,2025-12-29 15:20:00,9.038031806005904,0.27653013434554835,2.0002493977082687
T1,2025-12-29 15:30:00,10.014152274703516,0.443025575700684,1.6849314883345363
T1,2025-12-29 15:40:00,8.253792428220526,0.18626921205934216,1.073809986207342
T1,2025-12-29 15:50:00,9.115718982551915,0.2872004782678828,2.0123349888240636
T1,2025-12-29 16:00:00,7.570086290190579,0.12384973584403224,3.000203245942723
T1,2025-12-29 16:10:00,8.272684125265778,0.18415576905128553,2.5549630439321076
T1,2025-12-29 16:20:00,7.793038117114542,0.14508105457152598,2.035018667399703
T1,2025-12-29 16:30:00,9.422217480631165,0.3440372400609086,0.9328708989572786
T1,2025-12-29 16:40:00,7.471646288245985,0.11508404187631527,-0.12877033132255677
T1,2025-12-29 16:50:00,6.419655296392447,0.051966970351569976,2.5151218011127465
T1,2025-12-29 17:00:00,7.988906537539616,0.15607764145281716,1.5935356878234863
T1,2025-12-29 17:10:00,6.949530399588103,0.08050354939414085,3.789745276788314
T1,2025-12-29 17:20:00,9.09438108195511,0.28129143571381,2.669629785162086
T1,2025-12-29 17:30:00,7.862918135304039,0.148649014981643,0.6762994173587633
T1,2025-12-29 17:40:00,6.738831221361616,0.06646573915428133,1.7267660149960384
T1,2025-12-29 17:50:00,5.816248119200743,0.02878581103364514,1.3084911408720585
T1,2025-12-29 18:00:00,7.064818791433875,0.09211756479832668,2.8896143666983543
T1,2025-12-29 18:10:00,6.658661318612292,0.06652838900252231,2.497938999424427
T1,2025-12-29 18:20:00,6.648812220635834,0.06231183705170271,1.4554731617767802
T1,2025-12-29 18:30:00,6.82721788099214,0.07121432208610234,1.0639144589217888
T1,2025-12-29 18:40:00,10.678042295023666,0.6165550873814336,1.4560136672590525
T1,2025-12-29 18:50:00,5.5528943823231485,0.022637107431289518,-0.7638902267459682
T1,2025-12-29 19:00:00,6.646913708220745,0.06645983107900269,2.1597970886271813
T1,2025-12-29 19:10:00,7.2893718993643954,0.10342007340624872,0.1431694076110308
T1,2025-12-29 19:20:00,7.637348093638783,0.13229400358662421,1.7150821966684944
T1,2025-12-29 19:30:00,5.922436670548598,0.03289359398207103,2.138305303894813
T1,2025-12-29 19:40:00,6.339031825887952,0.0468894512086693,1.3462004153334992
T1,2025-12-29 19:50:00,5.587616159696522,0.02373582514962428,1.6473357429947468
T1,2025-12-29 20:00:00,8.253901415748807,0.17997902241283859,3.4600270550092285
T1,2025-12-29 20:10:00,4.968796105143383,0.01044182082732431,1.6814469942113865
T1,2025-12-29 20:20:00,5.956397569206513,0.03359150826477445,2.96588863494384
T1,2025-12-29 20:30:00,4.6263849967847275,0.0055646105889218716,2.5758376799753253
T1,2025-12-29 20:40:00,6.315681469971026,0.04955422847685644,1.8352442180568487
T1,2025-12-29 20:50:00,4.515478747350588,0.004513450172131642,1.6139040691662412
T1,2025-12-29 21:00:00,7.160723410211816,0.09108679612887474,0.8075128930324106
T1,2025-12-29 21:10:00,4.524119881739439,0.0045518548686795555,0.9326948952429613
T1,2025-12-29 21:20:00,4.98669217619969,0.01066275018149352,3.1191297180296598
T1,2025-12-29 21:30:00,4.95754962818052,0.010269939731772716,1.8440852997054837
T1,2025-12-29 21:40:00,5.35708978202974,0.016766322291260613,2.2178407541988387
T1,2025-12-29 21:50:00,4.163652681118238,0.002061428160300245,0.6119629404489204
T1,2025-12-29 22:00:00,2.72036352971706,0.0,2.6064262936510953
T1,2025-12-29 22:10:00,2.552840779023035,0.0,1.658422162308361
T1,2025-12-29 22:20:00,4.456515355348864,0.0039887896353921395,1.098822225951633
T1,2025-12-29 22:30:00,6.011007530781189,0.03670912494603123,2.415565425953327
T1,2025-12-29 22:40:00,5.973408770153586,0.03476141685568771,0.11429565934023045
T1,2025-12-29 22:50:00,5.186105715099332,0.013299634831970471,2.67940947510964
T1,2025-12-29 23:00:00,5.7997890678579935,0.028161634259233,1.5855671466821806
T1,2025-12-29 23:10:00,4.577649367422649,0.005338427587201152,1.2473977022536822
T1,2025-12-29 23:20:00,4.398036787282064,0.003404247153586479,1.5641888106186248
T1,2025-12-29 23:30:00,5.179545595278138,0.014136904599932037,2.8354686197927554
T1,2025-12-29 23:40:00,6.194531142295545,0.04373675877256546,3.1776275931122377
T1,2025-12-29 23:50:00,6.233823273415977,0.04186375765393068,2.5487904091612554
T1,2025-12-30 00:00:00,5.070822266153356,0.012180920044389502,0.25348070643892595
T1,2025-12-30 00:10:00,2.9297705405244816,0.0,2.332830432143751
T1,2025-12-30 00:20:00,3.8311538272624395,0.0007362814079890295,2.2003704129018775
T1,2025-12-30 00:30:00,1.6935825114969592,0.0,0.9121506258526407
T1,2025-12-30 00:40:00,5.8397904879744775,0.029586561078238604,0.5252294973113367
T1,2025-12-30 00:50:00,4.5337984706360315,0.004477001151159938,2.8029224417991125
T1,2025-12-30 01:00:00,6.218212185355715,0.04519171848309727,1.9203387499458096
T1,2025-12-30 01:10:00,6.2634600724838805,0.04696835704396386,-0.36565472406653776
T1,2025-12-30 01:20:00,4.482277248070745,0.00403579311029344,2.6957882476015875
T1,2025-12-30 01:30:00,5.527253875054437,0.020688780611999153,1.8808416557772618
T1,2025-12-30 01:40:00,4.717410096331782,0.006397973298180409,1.2507311210199374
T1,2025-12-30 01:50:00,3.0621882702655467,3.278974195052266e-07,1.5086179645351765
T1,2025-12-30 02:00:00,5.3994828367418055,0.01754278217974304,2.9470241684793503
T1,2025-12-30 02:10:00,5.165025051862011,0.013584882394207538,1.7120086824627554
T1,2025-12-30 02:20:00,5.244109693325404,0.015316660443684394,1.5482113942218603
T1,2025-12-30 02:30:00,7.013156091808817,0.08600897106710224,2.5791584038260744
T1,2025-12-30 02:40:00,4.004099106081544,0.0013380913971404455,3.6915865750138956
T1,2025-12-30 02:50:00,3.3593173316177025,5.839201198364665e-05,3.7798812822427355
T1,2025-12-30 03:00:00,6.388788909856656,0.050643626277602834,2.8632715711494576
T1,2025-12-30 03:10:00,6.79854533910853,0.0750885788738924,2.146488096536706
T1,2025-12-30 03:20:00,6.194152197922901,0.044628725172314615,0.6844383750401557
T1,2025-12-30 03:30:00,5.657940690009264,0.02432669054284302,3.7495495407130983
T1,2025-12-30 03:40:00,5.9676275992231576,0.033905816966165,2.048446645544971
T1,2025-12-30 03:50:00,6.002476792093325,0.03679162944719062,0.2577001356502946
T1,2025-12-30 04:00:00,5.960798261802659,0.03552058885018426,2.7692333652951473
T1,2025-12-30 04:10:00,5.5467233064220975,0.021065300513735074,1.543436547074756
T1,2025-12-30 04:20:00,7.459752541316039,0.11201761437254262,3.3178321269814237
T1,2025-12-30 04:30:00,5.444529441558431,0.01858435924762316,1.648868027935008
T1,2025-12-30 04:40:00,4.629156500987322,0.005758016425342755,2.268843892571649
T1,2025-12-30 04:50:00,6.322928943673701,0.04690924253354069,2.1617666215480353
T1,2025-12-30 05:00:00,5.5553340378044735,0.021493196274657417,1.3000090911619986
T1,2025-12-30 05:10:00,5.41742483141109,0.019196252248000503,3.4853637939859485
T1,2025-12-30 05:20:00,7.291663331555114,0.10702151814389362,1.971186101247589
T1,2025-12-30 05:30:00,5.316439746089679,0.015828705324633444,1.8451214293937994
T1,2025-12-30 05:40:00,5.645623215690945,0.024844864811682753,1.1008800564109458
T1,2025-12-30 05:50:00,6.192503674439982,0.04197143898216355,1.8237224795373712
T1,2025-12-30 06:00:00,5.968508435632469,0.035514668738559574,2.3716175216418076
T1,2025-12-30 06:10:00,6.624305143977268,0.059152291216949385,1.4333736902603282
T1,2025-12-30 06:20:00,6.8203834582168925,0.06987082449765755,-0.05989547569451159
T1,2025-12-30 06:30:00,5.82754374736419,0.029046870674362638,3.220182140478384
T1,2025-12-30 06:40:00,5.824783829332613,0.030569096835938295,1.676848035233974
T1,2025-12-30 06:50:00,10.007058347923985,0.442393312204343,1.3571229628257382
T1,2025-12-30 07:00:00,7.896911601947509,0.14556080017150314,2.3638202728863966
T1,2025-12-30 07:10:00,7.280676896942305,0.09739805831879185,2.6460785096974915
T1,2025-12-30 07:20:00,8.483472023022248,0.2183541933999434,1.4557387346635924
T1,2025-12-30 07:30:00,8.212374183834733,0.1812438531736823,3.0687568936057623
T1,2025-12-30 07:40:00,8.226756640668677,0.1908323145132457,1.2750029656455402
T1,2025-12-30 07:50:00,7.724183257884923,0.13492365663259312,0.16258097068517507
T1,2025-12-30 08:00:00,7.94008186143447,0.15159832358366926,1.3760054013901994
T1,2025-12-30 08:10:00,7.821153260284092,0.14630549762109094,2.565083356896288
T1,2025-12-30 08:20:00,10.436258680193426,0.527445963854956,2.124661449577896
T1,2025-12-30 08:30:00,8.173833728695866,0.17204661428753076,0.22600339625902688
T1,2025-12-30 08:40:00,9.15003159353,0.31464670943960255,0.6004043174276232
T1,2025-12-30 08:50:00,9.310501371135494,0.338795142948374,3.1912384495724915
T1,2025-12-30 09:00:00,6.584398863592503,0.058487742307211404,2.62439496148471
T1,2025-12-30 09:10:00,10.188025459277542,0.4641892449627775,2.012807603358691
T1,2025-12-30 09:20:00,9.200570493525182,0.2968924064194621,1.3342423334850761
T1,2025-12-30 09:30:00,6.880791840355892,0.07805472362725753,0.40177788890796773
T1,2025-12-30 09:40:00,10.804754011749733,0.608077607729236,1.6470700588033225
T1,2025-12-30 09:50:00,10.262870852805381,0.484891424904965,2.1838638891585918
T1,2025-12-30 10:00:00,9.517056372517951,0.35570099847888487,2.346069705982734
T1,2025-12-30 10:10:00,8.45599396360147,0.2042675679237916,2.9226849560783412
T1,2025-12-30 10:20:00,8.202479724556156,0.17920208332639234,-0.7301114292646409
T1,2025-12-30 10:30:00,9.123764632114746,0.29223598424872244,1.1899850775908196
T1,2025-12-30 10:40:00,8.810644462808012,0.25968025814158846,2.6507769206089575
T1,2025-12-30 10:50:00,10.568823045789937,0.5775402638238456,0.03537385914859037
T1,2025-12-30 11:00:00,10.166901502996275,0.4706591424452477,2.356402838391635
T1,2025-12-30 11:10:00,10.72968684542721,0.5939441369178851,-0.15137306265065287
T1,2025-12-30 11:20:00,9.703025752487425,0.38287611079923584,1.3110117499627614
T1,2025-12-30 11:30:00,9.300021775116777,0.310505358028913,3.427652349857858
T1,2025-12-30 11:40:00,9.212501683385728,0.2983297996732076,3.390967490696546
T1,2025-12-30 11:50:00,9.163105348934554,0.3191559051790763,2.2508156338521808
T1,2025-12-30 12:00:00,9.31036079144289,0.32962928196256464,1.271600211657978
T1,2025-12-30 12:10:00,9.904285160124786,0.4234867835191632,1.4627088744830312
T1,2025-12-30 12:20:00,9.742652480279599,0.40338483785442203,1.846031142000014
T1,2025-12-30 12:30:00,9.465454496123519,0.3364051491824751,3.0957202550632874
T1,2025-12-30 12:40:00,12.345064568915348,0.9626284614285312,3.36120733263596
T1,2025-12-30 12:50:00,9.58312183814595,0.37387393815483044,0.8578942809660339
T1,2025-12-30 13:00:00,9.815356344407054,0.43128424640885377,2.865296838538134
T1,2025-12-30 13:10:00,9.140895978832523,0.3010114278839809,1.6190167279314562
T1,2025-12-30 13:20:00,10.544275575458524,0.5511904053553212,1.9320792140193184
T1,2025-12-30 13:30:00,10.341135161609081,0.5330240015007991,2.214148987928574
T1,2025-12-30 13:40:00,9.386176598785127,0.3469763887337702,0.6434152297737692
T1,2025-12-30 13:50:00,10.458657193046378,0.5431509032132645,3.1869573868551644
T1,2025-12-30 14:00:00,9.922000959384457,0.44969480577088095,2.1582418905474485
T1,2025-12-30 14:10:00,7.574377315060472,0.11860972541628886,0.7029609941373074
T1,2025-12-30 14:20:00,7.554408261078251,0.12736204439510931,2.6928458400235415
T1,2025-12-30 14:30:00,7.842298087228457,0.14661594770467443,0.2494320218643178
T1,2025-12-30 14:40:00,9.06063115993458,0.2866092289336888,1.8791559764873602
T1,2025-12-30 14:50:00,7.940689512468907,0.16525942059302176,2.1357720041868387
T1,2025-12-30 15:00:00,6.854969964746848,0.0734402871187989,1.8714761639310997
T1,2025-12-30 15:10:00,7.9354136178972565,0.15774281748366012,4.192079116887298
T1,2025-12-30 15:20:00,8.542087965281619,0.23104307865844442,3.181305117267785
T1,2025-12-30 15:30:00,8.395386920835122,0.1985200689909857,1.1938132300731281
T1,2025-12-30 15:40:00,8.565733407137701,0.22199244237851606,0.8386474652099174
T1,2025-12-30 15:50:00,8.111975724969573,0.1805007151829042,2.0761386096068937
T1,2025-12-30 16:00:00,8.427427140609744,0.20822838707064475,0.5304122839066914
T1,2025-12-30 16:10:00,7.879072940401804,0.15457180454781605,2.805225726970339
T1,2025-12-30 16:20:00,7.070082630874539,0.08616602386186442,0.7555683692983972
T1,2025-12-30 16:30:00,6.3219669471967865,0.04681810193578258,1.1748466994278952
T1,2025-12-30 16:40:00,7.732985347416779,0.1402676404060234,2.2907156656924474
T1,2025-12-30 16:50:00,8.3361995707252,0.1970121637688187,1.5047371719764864
T1,2025-12-30 17:00:00,6.866451870423857,0.07393799951070218,1.2020223591368073
T1,2025-12-30 17:10:00,6.820920123689928,0.06889596970104028,0.8088880700779575
T1,2025-12-30 17:20:00,8.342612809293076,0.19574995912259,2.1701502512609387
T1,2025-12-30 17:30:00,9.311661919465925,0.32680185021513847,1.092143016349576
T1,2025-12-30 17:40:00,8.88430602320301,0.25687294687092355,1.7596804038393767
T1,2025-12-30 17:50:00,6.405112015874761,0.051926295297466556,1.2332165436556748
T1,2025-12-30 18:00:00,6.085303121886507,0.03890083316518459,1.7891342262477932
T1,2025-12-30 18:10:00,6.510081183561838,0.05478882244959272,0.753586344921243
T1,2025-12-30 18:20:00,6.932428537658369,0.08018074864882448,3.105360859508931
T1,2025-12-30 18:30:00,7.006535483958947,0.08088330325056214,1.301738058059421
T1,2025-12-30 18:40:00,4.333423480438897,0.0031824931366508163,2.1718852811725635
T1,2025-12-30 18:50:00,7.908372788108957,0.15908657962162726,2.57165163497429
T1,2025-12-30 19:00:00,7.327152940520658,0.10601159531602829,4.228596286931841
T1,2025-12-30 19:10:00,5.669914418435912,0.024885434577838816,2.1361076939229475
T1,2025-12-30 19:20:00,6.718951779548882,0.06776985410497652,0.6123720432992337
T1,2025-12-30 19:30:00,5.22321969085904,0.014770715011669204,2.955286660441689
T1,2025-12-30 19:40:00,5.818913176396316,0.027829416184401018,1.2926795282692853
T1,2025-12-30 19:50:00,7.5304079444089265,0.12287725496988973,1.2816849281703093
T1,2025-12-30 20:00:00,4.151085211644019,0.0020712293847859903,3.757543804005673
T1,2025-12-30 20:10:00,4.973269196837426,0.010337860153476692,1.803020710156133
T1,2025-12-30 20:20:00,4.944012880936164,0.00962072026873486,0.4556526636707121
T1,2025-12-30 20:30:00,5.044617178054063,0.011716040473550696,3.1729887918250466
T1,2025-12-30 20:40:00,5.6873179364902935,0.02584278086682922,2.4742859802567883
T1,2025-12-30 20:50:00,5.139396551724648,0.013287342898854115,3.2961407114339893
T1,2025-12-30 21:00:00,7.330444248925504,0.10386530525445989,2.295025697570191
T1,2025-12-30 21:10:00,4.045740681264116,0.0015418316235677328,1.4241808274886407
T1,2025-12-30 21:20:00,5.9518994708862145,0.03342034463843013,2.0550505421731966
T1,2025-12-30 21:30:00,4.530988166116756,0.00470522368079894,3.592302416733511
T1,2025-12-30 21:40:00,5.379370841533693,0.018418316892430477,-0.3239008369901739
T1,2025-12-30 21:50:00,4.683636531166392,0.006511000132084657,1.4475460513594014
T1,2025-12-30 22:00:00,4.422000502025873,0.003803893529501392,1.3095719995196058
T1,2025-12-30 22:10:00,4.032733960449637,0.0014217282300182466,2.3313648590596525
T1,2025-12-30 22:20:00,4.362691785232217,0.0033853769417197094,0.990482769241675
T1,2025-12-30 22:30:00,3.414057428998815,8.99034835605493e-05,3.5971274193319394
T1,2025-12-30 22:40:00,3.8786438014820614,0.0008883047981377692,1.7879311220580136
T1,2025-12-30 22:50:00,1.8791628584687685,0.0,1.6499928545287008
T1,2025-12-30 23:00:00,4.1764601162248045,0.0021425498938940388,-2.0946446866623907
T1,2025-12-30 23:10:00,3.4523528765233853,0.00012311294490092666,0.9397192678750239
T1,2025-12-30 23:20:00,4.137766755454951,0.0018278035766999623,1.7497141348244458
T1,2025-12-30 23:30:00,3.460333739629834,0.00012307831141717868,2.373275110057592
T1,2025-12-30 23:40:00,5.71562037526563,0.025656260656298453,2.9773198698131536
T1,2025-12-30 23:50:00,4.235167853289332,0.002456063050710651,3.253812831313546
T1,2025-12-31 00:00:00,4.290561991176918,0.002699478292586271,1.7179040629681996
T1,2025-12-31 00:10:00,5.937931406051114,0.03401111700774275,1.273675251270581
T1,2025-12-31 00:20:00,3.2593805982849116,2.3523131922148025e-05,1.0757644292870325
T1,2025-12-31 00:30:00,4.672695308211409,0.006250842297685107,1.463010358700485
T1,2025-12-31 00:40:00,2.920954740890681,0.0,-0.12911144120237106
T1,2025-12-31 00:50:00,3.5241404921475565,0.00018195195541044343,2.2652233992213437
T1,2025-12-31 01:00:00,3.644193334098266,0.0003340054454492593,4.437774955830752
T1,2025-12-31 01:10:00,6.706942478880659,0.06780862513759936,1.549663382962521
T1,2025-12-31 01:20:00,3.792132670270979,0.0006816398765663261,3.711737149988105
T1,2025-12-31 01:30:00,5.562834683216991,0.020856218277730022,1.1381601597069961
T1,2025-12-31 01:40:00,5.380022273147034,0.017905097450056345,2.128436177951011
T1,2025-12-31 01:50:00,6.496397124590762,0.0583166267820017,2.9426058254820955
T1,2025-12-31 02:00:00,4.578213347892473,0.004908088717133889,0.8079413507648092
T1,2025-12-31 02:10:00,3.352814459871862,5.594664893414593e-05,1.447031547786485
T1,2025-12-31 02:20:00,3.584278287409233,0.0002512649561136052,3.3812439449264993
T1,2025-12-31 02:30:00,6.789623850688948,0.06866029213555339,2.265624091087985
T1,2025-12-31 02:40:00,5.885138356389655,0.03213069817044197,2.9497051176680658
T1,2025-12-31 02:50:00,6.985638894335512,0.08227638407467829,3.5325691421401135
T1,2025-12-31 03:00:00,7.171033572090698,0.09845180026769199,1.3927914643148829
T1,2025-12-31 03:10:00,5.782500641284059,0.027907065532138918,2.485404179035294
T1,2025-12-31 03:20:00,5.427880243815788,0.01822407606862795,3.042351319234683
T1,2025-12-31 03:30:00,6.2369399939773515,0.04605201989820403,1.5771638283979073
T1,2025-12-31 03:40:00,4.089160757121171,0.001609190143533849,1.3432372513231574
T1,2025-12-31 03:50:00,5.328644926051251,0.01647634419417554,2.2065826926791066
T1,2025-12-31 04:00:00,5.778024162826074,0.027470320961244035,2.5470989257889136
T1,2025-12-31 04:10:00,6.813040145051153,0.07511108254091463,-0.39132915894670406
T1,2025-12-31 04:20:00,3.9461481031550965,0.0011122814800322576,2.406684810747127
T1,2025-12-31 04:30:00,3.920639608784266,0.0010006461593258388,3.4722535904561402
T1,2025-12-31 04:40:00,7.592554825631731,0.12624586598287474,2.247679211738888
T1,2025-12-31 04:50:00,6.978502217922782,0.0821457019256678,1.9476958739286911
T1,2025-12-31 05:00:00,5.8752612619901665,0.02976392838233509,1.3191338268604773
T1,2025-12-31 05:10:00,5.867800567479341,0.031437647049073876,0.8252459018038074
T1,2025-12-31 05:20:00,6.571060998173913,0.0579161593437291,2.443851810920992
T1,2025-12-31 05:30:00,4.78254309559728,0.00735670611617658,1.8974401685988844
T1,2025-12-31 05:40:00,5.814294208718389,0.028609666551608973,0.4717914641953531
T1,2025-12-31 05:50:00,8.092437638724856,0.17163120065808438,2.206970906221565
T1,2025-12-31 06:00:00,8.214271764702188,0.1769694323575631,3.0198087483780913
T1,2025-12-31 06:10:00,9.07451225556654,0.30160302093602814,0.3818899314240689
T1,2025-12-31 06:20:00,7.803431791826356,0.15003806693536284,4.590992828049937
T1,2025-12-31 06:30:00,8.793033686177068,0.2507970024464929,1.720313208599038
T1,2025-12-31 06:40:00,5.732621251106125,0.025208959812244556,1.2170504355763232
T1,2025-12-31 06:50:00,5.879375990636975,0.03076959231650415,3.5684902707160155
T1,2025-12-31 07:00:00,4.144836450980683,0.0018818989627916555,1.9804272527713005
T1,2025-12-31 07:10:00,6.023475309968728,0.03498027055838138,1.1566341277545893
T1,2025-12-31 07:20:00,5.608846133393872,0.022330565131660415,3.0582159778954967
T1,2025-12-31 07:30:00,8.714773619872684,0.2548295881686972,2.6304626681086476
T1,2025-12-31 07:40:00,8.91101299360212,0.2770238004304456,0.2303051456241807
T1,2025-12-31 07:50:00,6.457715521832499,0.05438677129070515,1.0739606624163978
T1,2025-12-31 08:00:00,6.259344086697019,0.04646364819293608,1.925140467499399
T1,2025-12-31 08:10:00,9.487119166951038,0.34574895751778395,1.3724047207579093
T1,2025-12-31 08:20:00,9.981054547747123,0.4457717426816996,0.038874434223199916
T1,2025-12-31 08:30:00,7.036428586540579,0.08393060792702098,2.877900052192388
T1,2025-12-31 08:40:00,8.898353248675177,0.274055152341369,0.9223829951265363
T1,2025-12-31 08:50:00,10.399629771509519,0.5133006396934501,1.4530701223568134
T1,2025-12-31 09:00:00,9.11166282146921,0.2985430390272138,2.2781858253696567
T1,2025-12-31 09:10:00,10.718229798501334,0.6137379821379614,2.050317017709394
T1,2025-12-31 09:20:00,9.017665857533373,0.2911995064675902,2.48480926811435
T1,2025-12-31 09:30:00,9.26058177343199,0.31707505811790965,3.9305268546567955
T1,2025-12-31 09:40:00,8.59601470175753,0.2176872960820722,0.6698837337941241
T1,2025-12-31 09:50:00,6.526918867707874,0.055902340827537145,2.871872759920966
T1,2025-12-31 10:00:00,8.515296653967782,0.2218238650467107,1.8570138419015358
T1,2025-12-31 10:10:00,8.001787202144879,0.1627958423617915,0.9585568807139448
T1,2025-12-31 10:20:00,10.52574111052651,0.5586954965380289,3.464580771673685
T1,2025-12-31 10:30:00,7.600225686412625,0.12608601901922512,4.428443850384199
T1,2025-12-31 10:40:00,9.178678276092404,0.3164385571707187,1.2338365467871584
T1,2025-12-31 10:50:00,9.435033128323392,0.3624157756389411,1.8542368670913925
T1,2025-12-31 11:00:00,10.111478983212216,0.4905405151451822,2.5443526420390365
T1,2025-12-31 11:10:00,9.524770852810244,0.36879148760256997,0.42633599826910484
T1,2025-12-31 11:20:00,11.964296589880501,0.9829177087402651,2.093827473088827
T1,2025-12-31 11:30:00,10.100107401769892,0.48669674525208,1.5821563260496352
T1,2025-12-31 11:40:00,9.776552490304406,0.42451180015934536,3.611126724255506
T1,2025-12-31 11:50:00,9.75325775567411,0.388280317438484,0.6072151688150274
T1,2025-12-31 12:00:00,10.691166714411489,0.5834446943320629,2.010802429008382
T1,2025-12-31 12:10:00,7.6462589394675575,0.1306303344859112,2.444623379238083
T1,2025-12-31 12:20:00,8.585246786772398,0.2320582842466747,3.0129993476272645
T1,2025-12-31 12:30:00,9.526752480675828,0.367962166033233,0.4465948268354101
T1,2025-12-31 12:40:00,8.536675260857827,0.21835312799400722,2.354459888664937
T1,2025-12-31 12:50:00,9.59911732511595,0.3795968479132658,0.750359654125857
T1,2025-12-31 13:00:00,7.205342716730535,0.09965131295781048,1.9456687219786115
T1,2025-12-31 13:10:00,11.686116232764299,0.8382543531914077,2.171647008425509
T1,2025-12-31 13:20:00,9.719494208880173,0.38782530060406806,2.185617719820143
T1,2025-12-31 13:30:00,9.431978388401488,0.332991880437675,2.0920906280874214
T1,2025-12-31 13:40:00,8.050648297461414,0.16132882494562367,0.48909836513174043
T1,2025-12-31 13:50:00,10.198018051771836,0.4645791924609799,0.26454985703138956
T1,2025-12-31 14:00:00,10.294594464079296,0.5135191151353421,2.503184008578309
T1,2025-12-31 14:10:00,8.519286870665848,0.22048617825928585,1.9656260806729735
T1,2025-12-31 14:20:00,8.977525704500419,0.278927107704109,2.1049522217539103
T1,2025-12-31 14:30:00,7.269641178035526,0.09623983597218465,1.5618300408430752
T1,2025-12-31 14:40:00,9.207003915606828,0.3159482710659844,2.8550386371163023
T1,2025-12-31 14:50:00,8.934728063512482,0.2603500544023489,2.3900931997349475
T1,2025-12-31 15:00:00,10.045284022329339,0.47116462361639416,-0.06588348994577542
T1,2025-12-31 15:10:00,9.304619107564582,0.3211306571690637,2.6545547173061106
T1,2025-12-31 15:20:00,10.076960447982913,0.4478479316191644,0.8548217216805587
T1,2025-12-31 15:30:00,8.364057220144167,0.19700596382641225,0.9075141282612331
T1,2025-12-31 15:40:00,8.697566424952614,0.2524138141858605,3.8506872972322483
T1,2025-12-31 15:50:00,8.149879327562928,0.17239042174512698,1.9095840237956154
T1,2025-12-31 16:00:00,8.280884053582117,0.19972596827243086,1.1282990192116389
T1,2025-12-31 16:10:00,7.393093164183948,0.10919455639192333,1.7376735110763863
T1,2025-12-31 16:20:00,7.943027813118947,0.15213482023248664,1.152590494635634
T1,2025-12-31 16:30:00,7.271060632240498,0.1015120332082047,2.042381717832165
T1,2025-12-31 16:40:00,9.17740787229345,0.30545397263782625,0.9209327206013631
T1,2025-12-31 16:50:00,8.239269867105364,0.1802967219766941,1.0804047530840037
T1,2025-12-31 17:00:00,7.864190513792517,0.1492894907226199,2.0164573467547133
T1,2025-12-31 17:10:00,7.075266142848044,0.09147897943541299,2.373422858302849
T1,2025-12-31 17:20:00,8.697627375839048,0.2528604117829968,3.4319794037840223
T1,2025-12-31 17:30:00,7.4804022467496285,0.12170652359590456,2.8926557287983283
T1,2025-12-31 17:40:00,7.872751743550556,0.1496679657913631,2.5721860363542604
T1,2025-12-31 17:50:00,6.5598831035519725,0.059761492749199764,3.1869578276690254
T1,2025-12-31 18:00:00,7.381387315648707,0.10759782481364923,1.3597090020307645
T1,2025-12-31 18:10:00,6.0928380909190905,0.03945471016474579,1.409270929002501
T1,2025-12-31 18:20:00,6.0222732657824025,0.0356087937400445,1.6092624673733942
T1,2025-12-31 18:30:00,6.015627894169795,0.03544525917439017,1.2174884590991102
T1,2025-12-31 18:40:00,8.555384360916896,0.22269987594702093,2.6064486825997064
T1,2025-12-31 18:50:00,6.616359623790652,0.06339132878457743,2.647178868418041
T1,2025-12-31 19:00:00,8.087765193985158,0.17239895859896082,1.8082880130275685
T1,2025-12-31 19:10:00,5.1680468930128916,0.013777681603999696,2.5023015095310317
T1,2025-12-31 19:20:00,6.560563537330334,0.06141287139323902,2.2539518540318264
T1,2025-12-31 19:30:00,5.391280180864236,0.017395360520809366,3.2814750956719436
T1,2025-12-31 19:40:00,6.326828901571676,0.046308412764856734,2.510204780742021
T1,2025-12-31 19:50:00,7.768317091918372,0.13874558455944916,1.91033058045642
T1,2025-12-31 20:00:00,7.528654667710087,0.12418638883645321,1.5792580801793767
T1,2025-12-31 20:10:00,4.676698951104222,0.006323270372906203,1.7487646534914136
T1,2025-12-31 20:20:00,6.4570867476826,0.05299962581000807,0.0564868577397466
T1,2025-12-31 20:30:00,6.492912205006646,0.05432403671425297,1.9743814115750837
T1,2025-12-31 20:40:00,5.204267068356715,0.014064118371306856,2.481844503009966
T1,2025-12-31 20:50:00,4.8301894560414445,0.007569442917424686,2.2116630870623615
T1,2025-12-31 21:00:00,4.18644217971856,0.0021154990772622295,1.9140012109130713
T1,2025-12-31 21:10:00,5.35332503100848,0.01751307679684188,2.825946785106265
T1,2025-12-31 21:20:00,3.4524960330766152,0.00012125015351255734,2.612076801190959
T1,2025-12-31 21:30:00,4.710777220191618,0.006505791725014661,2.911180079384579
T1,2025-12-31 21:40:00,5.047305768875236,0.011081392583584277,2.396769912657215
T1,2025-12-31 21:50:00,4.009883242454552,0.0013337137664246141,0.8346302894384794
T1,2025-12-31 22:00:00,3.4107601346194274,8.907484022694565e-05,1.9075538431870775
T1,2025-12-31 22:10:00,5.649835306919449,0.025210822477662306,1.4416461851933926
T1,2025-12-31 22:20:00,4.484149935586608,0.004359675796495632,3.281040215183652
T1,2025-12-31 22:30:00,2.820251066714568,0.0,1.0883038094996431
T1,2025-12-31 22:40:00,4.337799912164544,0.00311869897776164,3.4548279648970555
T1,2025-12-31 22:50:00,4.968086573461401,0.010310732682098067,3.1647629220882254
T1,2025-12-31 23:00:00,3.818620434982619,0.000709890640311652,2.4170280199557803
T1,2025-12-31 23:10:00,5.003812040451852,0.010650607376291222,2.5659076523217994
T1,2025-12-31 23:20:00,4.721700690583848,0.006737376921699217,1.7505129053504738
T1,2025-12-31 23:30:00,4.905006050643971,0.009314602824620643,3.1281843749704428
T1,2025-12-31 23:40:00,4.042654603183347,0.001502237510162129,0.973463978947996
T1,2025-12-31 23:50:00,3.8511561161250514,0.0008173281460696739,2.3619951108205726
T1,2026-01-01 00:00:00,5.6705187176126355,0.025813930344974253,0.5836469687529184
T1,2026-01-01 00:10:00,4.770857174497985,0.006886190947196341,2.784326259758481
T1,2026-01-01 00:20:00,4.981054444572719,0.009614642080670406,2.4131336748974292
T1,2026-01-01 00:30:00,5.220243786177204,0.01486332120055757,3.7638117473259136
T1,2026-01-01 00:40:00,4.939385184422181,0.009859276347503318,1.2988002457642913
T1,2026-01-01 00:50:00,4.990577877603843,0.010429339377001324,3.144501440198733
T1,2026-01-01 01:00:00,4.948794314812895,0.00948424265371392,1.7138940757878705
T1,2026-01-01 01:10:00,4.66331831189323,0.006152896200186085,1.7927533981422261
T1,2026-01-01 01:20:00,3.9454368410788456,0.0010969792739635494,1.5125438711543067
T1,2026-01-01 01:30:00,5.602771867087596,0.02191130808927296,1.7655160089651545
T1,2026-01-01 01:40:00,5.053215147793741,0.010705476428530009,1.406752634672003
T1,2026-01-01 01:50:00,4.4114772849078285,0.0038408021602456908,1.204820975121851
T1,2026-01-01 02:00:00,5.82956394651766,0.028381674001323357,3.9830730615159755
T1,2026-01-01 02:10:00,7.112583973222443,0.09301044137150169,-0.5309778907935949
T1,2026-01-01 02:20:00,3.8626179789489052,0.0008667453810373348,3.5278861128993384
T1,2026-01-01 02:30:00,5.278390482729929,0.014646436283942561,2.383429667211763
T1,2026-01-01 02:40:00,6.628362791438967,0.05992746979459015,1.4466327640909658
T1,2026-01-01 02:50:00,3.553426612822367,0.00020929755226716134,2.6295844276416482
T1,2026-01-01 03:00:00,5.277802614832325,0.0158349358431634,1.8853717914305632
T1,2026-01-01 03:10:00,5.258921225256886,0.014516587143214346,1.504787520760352
T1,2026-01-01 03:20:00,4.732420829313071,0.00707196651842887,2.300115241950433
T1,2026-01-01 03:30:00,7.408688474452944,0.11148756930954092,1.8009254975452746
T1,2026-01-01 03:40:00,6.565431611331269,0.06111577925453012,3.115462945370078
T1,2026-01-01 03:50:00,5.598923712934136,0.023160822238670876,1.6861430388685126
T1,2026-01-01 04:00:00,4.1708441283128845,0.002035116295794732,3.2970274113757867
T1,2026-01-01 04:10:00,6.045680162244617,0.036952149919416095,0.1491508477128054
T1,2026-01-01 04:20:00,4.9657745035193495,0.009814610093039954,2.2909268396715614
T1,2026-01-01 04:30:00,6.660385477900524,0.06318145690353245,1.1937720179587306
T1,2026-01-01 04:40:00,5.804789028206093,0.028257644680811725,3.888439574056288
T1,2026-01-01 04:50:00,6.627946166501758,0.0628020063101309,3.757034703624579
T1,2026-01-01 05:00:00,8.102712466279538,0.17007578904210668,0.8910375795613512
T1,2026-01-01 05:10:00,7.4020516046656,0.1099218461641454,1.5983068147836272
T1,2026-01-01 05:20:00,6.308221316249394,0.04942215122394142,2.4507094917512373
T1,2026-01-01 05:30:00,6.584703890382734,0.061474857056541286,0.8818080226633536
T1,2026-01-01 05:40:00,5.830555090535221,0.028658374927601118,0.6883618891205954
T1,2026-01-01 05:50:00,7.835550299939639,0.14834039283136916,2.2760254977496346
T1,2026-01-01 06:00:00,6.003138389027206,0.03531168818064405,1.9689477365724717
T1,2026-01-01 06:10:00,6.503236162982034,0.05695904102009293,2.9171524725412805
T1,2026-01-01 06:20:00,5.602994536918565,0.023572278644305653,1.8338259667941155
T1,2026-01-01 06:30:00,7.467876505573089,0.11877354926664732,2.8434039450000297
T1,2026-01-01 06:40:00,9.719289656709009,0.375582286661532,3.333081644606974
T1,2026-01-01 06:50:00,7.070030034291745,0.0868815725841883,2.680865916264886
T1,2026-01-01 07:00:00,7.189989469770968,0.10086037446818966,2.5114431880054617
T1,2026-01-01 07:10:00,7.190382775825997,0.09306475849130225,2.5887160945714696
T1,2026-01-01 07:20:00,8.03533243477157,0.16584365945193294,1.8294447006557788
T1,2026-01-01 07:30:00,8.462000411341347,0.2173143224712137,2.1358852521469442
T1,2026-01-01 07:40:00,10.970308707480621,0.6822582023496658,3.3005197127572883
T1,2026-01-01 07:50:00,9.65538869365367,0.36677048907137155,2.2089690310007217
T1,2026-01-01 08:00:00,8.577896186471044,0.21573366115898612,3.668117206921443
T1,2026-01-01 08:10:00,7.21833297759454,0.10083675064167814,2.250813481043316
T1,2026-01-01 08:20:00,10.051227764388274,0.4646515831789976,-0.10460918745219416
T1,2026-01-01 08:30:00,9.1539236743583,0.29081431613575254,3.2493268997641382
T1,2026-01-01 08:40:00,7.837779003661114,0.14725178130309957,1.059470544073698
T1,2026-01-01 08:50:00,9.121065520953785,0.3069355428972091,1.8051573654914312
T1,2026-01-01 09:00:00,8.93780696030081,0.2781903574680208,0.6307246470747296
T1,2026-01-01 09:10:00,10.27807346793077,0.5096804267433126,2.8276145028518656
T1,2026-01-01 09:20:00,9.532078715896994,0.381506482309834,3.301958623301898
T1,2026-01-01 09:30:00,8.189384776705687,0.1884263546510065,2.9609434419632388
T1,2026-01-01 09:40:00,9.55472203236884,0.3797675258277999,2.0106547522221057
T1,2026-01-01 09:50:00,11.06962327241035,0.694235584154117,3.7895162523922723
T1,2026-01-01 10:00:00,9.727162465263445,0.41216311028891,0.2662959456510807
T1,2026-01-01 10:10:00,8.868018809629119,0.26959729471927135,3.5936862791440918
T1,2026-01-01 10:20:00,8.725113220403557,0.2489771878943664,3.5534475403105494
T1,2026-01-01 10:30:00,12.177419258280901,0.9632548658055302,3.1726342456868606
T1,2026-01-01 10:40:00,10.92681774222468,0.6306565912877702,1.9405008433596076
T1,2026-01-01 10:50:00,8.429938773593436,0.20385090918014606,2.7353064665847944
T1,2026-01-01 11:00:00,10.181916416786798,0.46567829097456537,2.9522983408971584
T1,2026-01-01 11:10:00,11.045126298754353,0.6639775589339215,4.6646946217248555
T1,2026-01-01 11:20:00,10.547445348630097,0.5809791886296115,2.4582313810966703
T1,2026-01-01 11:30:00,9.010740043028004,0.2892789123117167,2.1279320322312163
T1,2026-01-01 11:40:00,9.441590924755243,0.33789507102034433,2.354981321859099
T1,2026-01-01 11:50:00,7.274146071835331,0.09832546580234466,2.2866863056705404
T1,2026-01-01 12:00:00,9.287488561557895,0.32109415796220536,1.2061608060393523
T1,2026-01-01 12:10:00,9.361398421761463,0.3346464707710332,3.5831047219919423
T1,2026-01-01 12:20:00,10.527169778678239,0.5365225256021956,3.0608902780467067
T1,2026-01-01 12:30:00,9.22213500035998,0.32999366479170555,2.493920927587969
T1,2026-01-01 12:40:00,8.849317186511076,0.25736359549225823,2.979314194441849
T1,2026-01-01 12:50:00,11.350855085741436,0.7816163073332894,4.339455162306845
T1,2026-01-01 13:00:00,10.599212324496202,0.5922690347712477,2.106255868477192
T1,2026-01-01 13:10:00,8.715397851654075,0.2524918174027817,2.384097735745896
T1,2026-01-01 13:20:00,6.841086608699797,0.07079992543482494,2.5271084465833527
T1,2026-01-01 13:30:00,7.233618137964283,0.10372871316385464,2.685984872916608
T1,2026-01-01 13:40:00,9.082909221186924,0.29639654185152353,1.6360535629808632
T1,2026-01-01 13:50:00,9.188969573937827,0.30529056035796154,0.228834800720354
T1,2026-01-01 14:00:00,9.00272837804801,0.2789907240372889,1.8835931983937915
T1,2026-01-01 14:10:00,10.119294541220029,0.48125416605839083,2.5441527382983056
T1,2026-01-01 14:20:00,11.176766157248906,0.7304005800995417,2.5443916623166456
T1,2026-01-01 14:30:00,9.905123443468579,0.44631676849317437,-0.4798954798871278
T1,2026-01-01 14:40:00,9.245690810655502,0.33044041730009,1.6739994249539438
T1,2026-01-01 14:50:00,9.140218346135526,0.31029566005330356,2.970335311975525
T1,2026-01-01 15:00:00,7.054508835969121,0.0864021398164468,2.2783049440400434
T1,2026-01-01 15:10:00,9.831467938800369,0.4165699028422346,1.86358870185155
T1,2026-01-01 15:20:00,8.360427180937824,0.2048649709039839,2.1745277110088894
T1,2026-01-01 15:30:00,9.680043191758333,0.391006563850115,2.1542570606165876
T1,2026-01-01 15:40:00,7.043400988414182,0.08941233746314474,2.613503180685939
T1,2026-01-01 15:50:00,8.010774576388346,0.16670089507816355,-0.13887891954852272
T1,2026-01-01 16:00:00,6.294003205431021,0.048149990749463245,1.4948521086217925
T1,2026-01-01 16:10:00,7.775395717945027,0.13863861813474188,0.9844807186712397
T1,2026-01-01 16:20:00,10.126300314563153,0.49373792168804886,2.124408830477298
T1,2026-01-01 16:30:00,7.071573201785767,0.09044307859697463,3.750665161864859
T1,2026-01-01 16:40:00,7.315823398503712,0.10325835563361725,2.1743309970587075
T1,2026-01-01 16:50:00,7.157633818316148,0.09564415501926983,1.6389615118921035
T1,2026-01-01 17:00:00,8.022350004846485,0.16415764166555197,2.513112685760715
T1,2026-01-01 17:10:00,6.30756417465358,0.045589083224708324,3.3131360771752294
T1,2026-01-01 17:20:00,6.8024263450858635,0.07415284979920157,2.9210180450584877
T1,2026-01-01 17:30:00,5.675634164317295,0.025418971266225464,1.875172464944764
T1,2026-01-01 17:40:00,10.463789984396008,0.514700217506565,0.6144969295009393
T1,2026-01-01 17:50:00,6.325868826344298,0.046636601504836124,1.4943257176222335
T1,2026-01-01 18:00:00,6.716110651409664,0.06439415703599172,1.2011352509522748
T1,2026-01-01 18:10:00,5.391368514781989,0.018733106209195213,-0.0182684919584295
T1,2026-01-01 18:20:00,6.799258285699993,0.07062133932327667,2.1570268186289647
T1,2026-01-01 18:30:00,6.276827856159629,0.04817955975798817,1.494003936211243
T1,2026-01-01 18:40:00,4.1753784893471035,0.0021120738805803212,2.227685286018269
T1,2026-01-01 18:50:00,9.886611582274822,0.44473519903354214,1.8145172968882164
T1,2026-01-01 19:00:00,5.800202589625635,0.029339988428681987,2.7727193067108797
T1,2026-01-01 19:10:00,5.714410288728874,0.02494223884087109,4.106444452028232
T1,2026-01-01 19:20:00,7.0188103536482505,0.08519432491880163,1.6203121560286138
T1,2026-01-01 19:30:00,3.4997109142979856,0.00016586350171944201,3.710368715114786
T1,2026-01-01 19:40:00,5.663361771317996,0.025599785658691813,1.1876792317950293
T1,2026-01-01 19:50:00,4.243565301096014,0.0023962251305281795,1.3182169761837086
T1,2026-01-01 20:00:00,4.835055005568579,0.007889687814591543,3.6906417850649467
T1,2026-01-01 20:10:00,5.023801906238639,0.010833451002259877,1.5838945601136083
T1,2026-01-01 20:20:00,2.5526450865450623,0.0,4.903509954688971
T1,2026-01-01 20:30:00,4.752788043225501,0.007334601393068208,2.5988042165329124
T1,2026-01-01 20:40:00,5.632292677487753,0.023169394348483554,1.1561880758751686
T1,2026-01-01 20:50:00,4.0574480704168785,0.0015149519866393293,1.7423547022166006
T1,2026-01-01 21:00:00,5.370285876383958,0.017975487720861653,2.1449293983064197
T1,2026-01-01 21:10:00,4.765970633253771,0.007378345027164157,2.604964695420568
T1,2026-01-01 21:20:00,6.65639657655178,0.06175270602645764,2.631995940763796
T1,2026-01-01 21:30:00,4.775415981769254,0.0070786842554843975,1.9509190126553078
T1,2026-01-01 21:40:00,5.273469838728186,0.016060357678083895,1.4669083131986624
T1,2026-01-01 21:50:00,4.944167572771537,0.009615298078482956,0.5655652397248814
T1,2026-01-01 22:00:00,4.471185634833509,0.00408146104668701,1.3636777725257827
T1,2026-01-01 22:10:00,6.719238201492608,0.0639129435795158,2.1859885578382903
T1,2026-01-01 22:20:00,5.223092918063475,0.01503673385966831,2.3095147115082653
T1,2026-01-01 22:30:00,5.078528286430586,0.011770083249060299,3.741295522369064
T1,2026-01-01 22:40:00,5.527373923140753,0.02086278589288661,2.3210730353685896
T1,2026-01-01 22:50:00,7.136850586212249,0.09650256695950984,1.621056696222393
T1,2026-01-01 23:00:00,3.5631755842314647,0.00024322816081270073,2.5725707610782713
T1,2026-01-01 23:10:00,6.224636529324474,0.041704524436135024,1.5746889650281615
T1,2026-01-01 23:20:00,3.318320729562134,4.2802731324934145e-05,2.720375835105144
T1,2026-01-01 23:30:00,4.382560326110736,0.0032970062526328247,1.9024681579135947
T1,2026-01-01 23:40:00,5.390456341925223,0.018555743957721103,1.274234044244361
T1,2026-01-01 23:50:00,5.982843205964226,0.034150648349452216,2.552140845918047
T1,2026-01-02 00:00:00,3.520633281098686,0.00017584585491134825,4.798496035006192
T1,2026-01-02 00:10:00,5.956612612275455,0.03281225195522567,3.9953115223324165
T1,2026-01-02 00:20:00,5.3274457775731605,0.01688692576168843,2.9097226733326917
T1,2026-01-02 00:30:00,7.335955425352642,0.11072902328205075,1.0634959037186205
T1,2026-01-02 00:40:00,3.023131194115224,1.5340118835446455e-08,3.317380738810209
T1,2026-01-02 00:50:00,5.2269086131535785,0.014568736388477168,1.2555003990546834
T1,2026-01-02 01:00:00,4.069523172678081,0.0016402029055883342,2.464514326720588
T1,2026-01-02 01:10:00,4.2105791533958,0.0022556241070699375,2.9249180762923856
T1,2026-01-02 01:20:00,4.678039519974711,0.0063862167001396755,1.7631570843899806
T1,2026-01-02 01:30:00,4.091170834239283,0.0017369174467480374,2.279574845631566
T1,2026-01-02 01:40:00,5.337925451873646,0.01715652753460491,2.645912245987403
T1,2026-01-02 01:50:00,4.935981015232859,0.009681402697339973,1.5552704504594945
T1,2026-01-02 02:00:00,3.6524403358881217,0.0003683964605707919,0.5668376838785172
T1,2026-01-02 02:10:00,7.692079682287851,0.13828313354829014,2.6837047375711007
T1,2026-01-02 02:20:00,5.034484809711975,0.010586377410979328,1.9329191309330593
T1,2026-01-02 02:30:00,2.8920750649555083,0.0,4.060688569142146
T1,2026-01-02 02:40:00,4.80095043070867,0.007918430873520616,2.018485333096758
T1,2026-01-02 02:50:00,5.239349291316787,0.015378533871597683,1.9053357529344854
T1,2026-01-02 03:00:00,4.903783273593012,0.008788847933000896,2.574472567125949
T1,2026-01-02 03:10:00,4.99392461023157,0.010568137024413745,1.5862050328443822
T1,2026-01-02 03:20:00,6.927590212235662,0.0791943719741355,2.8249057604573027
T1,2026-01-02 03:30:00,4.815380491664065,0.00789288852484136,2.1593972410204882
T1,2026-01-02 03:40:00,5.0340443542997235,0.010698223939458809,0.9046928741986222
T1,2026-01-02 03:50:00,5.029604926174612,0.011132204805814578,1.7075629845505582
T1,2026-01-02 04:00:00,5.297347920709214,0.015443775680775455,1.598761587948888
T1,2026-01-02 04:10:00,5.047811621321275,0.010996681886937537,2.913303464266222
T1,2026-01-02 04:20:00,6.102559796305774,0.03753002589780385,3.6272091938902173
T1,2026-01-02 04:30:00,7.3788343637122535,0.11112032974282392,3.537797746758107
T1,2026-01-02 04:40:00,6.32596469388029,0.04710407470320109,0.6176933419636621
T1,2026-01-02 04:50:00,6.45064789398438,0.05632337047441163,1.542957006364725
T1,2026-01-02 05:00:00,5.798368800000493,0.02976288673481184,2.168937943518837
T1,2026-01-02 05:10:00,5.855705397014594,0.03086383233518914,3.19531293721859
T1,2026-01-02 05:20:00,4.823955654124285,0.008201427712898411,2.9877041232760417
T1,2026-01-02 05:30:00,8.915414353782042,0.2727938193040814,3.199239064947468
T1,2026-01-02 05:40:00,6.4885970263981765,0.05711061733818009,3.068726218115536
T1,2026-01-02 05:50:00,5.758007851205004,0.028266460487458088,0.821436718443769
T1,2026-01-02 06:00:00,7.066489544395255,0.0902666205839597,1.9539749575482965
T1,2026-01-02 06:10:00,6.8639431245837725,0.07330663173181311,3.054013987138304
T1,2026-01-02 06:20:00,8.611179377013968,0.22269310397460057,3.0604388871776376
T1,2026-01-02 06:30:00,7.801281112199717,0.14328308536085396,1.9705359694002933
T1,2026-01-02 06:40:00,6.12770716560826,0.03911776261735969,3.569683984465047
T1,2026-01-02 06:50:00,6.912883756061155,0.07588666630368758,3.223576256089173
T1,2026-01-02 07:00:00,6.579158280932277,0.06172326638742319,1.765529672819472
T1,2026-01-02 07:10:00,7.529134736538928,0.1272547721587745,2.2148531660471176
T1,2026-01-02 07:20:00,5.985735024305861,0.036178679159902714,2.9977453864038006
T1,2026-01-02 07:30:00,9.984791562038623,0.4464320836472613,2.2902807511219936
T1,2026-01-02 07:40:00,8.508158696121733,0.21709684087023576,1.726096550311568
T1,2026-01-02 07:50:00,8.378044166742779,0.20147251799970756,2.1581149704706695
T1,2026-01-02 08:00:00,8.581962702282878,0.23267929621853772,1.4629124109747647
T1,2026-01-02 08:10:00,9.085410097846513,0.28097611491068175,2.3899888961608298
T1,2026-01-02 08:20:00,7.4373251267446445,0.11129055549429619,2.0333932886193
T1,2026-01-02 08:30:00,8.678189200008022,0.22984895662576582,2.389296381503325
T1,2026-01-02 08:40:00,10.555908055768963,0.5609935007666778,2.734118208944569
T1,2026-01-02 08:50:00,10.421075198187337,0.553944163368604,0.7241490022175927
T1,2026-01-02 09:00:00,7.4546200101538975,0.10951024405368454,2.246955785675371
T1,2026-01-02 09:10:00,8.280408398252852,0.19058920164596113,3.100797882913191
T1,2026-01-02 09:20:00,8.562684217914505,0.2307281021057151,2.7948454210653857
T1,2026-01-02 09:30:00,6.783377883675229,0.07247421328552028,-0.44566135321547407
T1,2026-01-02 09:40:00,8.314325581041834,0.19152259951122647,2.2778605647550774
T1,2026-01-02 09:50:00,9.08110314028117,0.27982866532793577,3.5891822339467168
T1,2026-01-02 10:00:00,9.774477915143851,0.4214435867450466,3.771290875502457
T1,2026-01-02 10:10:00,9.02242168826502,0.2974599263058874,1.3163606184954402
T1,2026-01-02 10:20:00,7.549777308284599,0.12663911036883319,1.110968694536156
T1,2026-01-02 10:30:00,9.026813970710398,0.2924319508276425,3.105464632143723
T1,2026-01-02 10:40:00,8.415218566020764,0.19733049975423653,1.6215140814056306
T1,2026-01-02 10:50:00,10.532570836634768,0.5593575035666228,0.7744539435878082
T1,2026-01-02 11:00:00,10.466106176882063,0.5562615060693141,3.227900257088648
T1,2026-01-02 11:10:00,8.864730391047305,0.2545164998353844,1.8783223880755457
T1,2026-01-02 11:20:00,11.03273621252559,0.6441281344876946,1.6351896685788263
T1,2026-01-02 11:30:00,9.10671679637715,0.2846648790796435,2.4350259037659567
T1,2026-01-02 11:40:00,9.881403213190179,0.4342816614188569,1.7133844954734794
T1,2026-01-02 11:50:00,11.249350177944281,0.7532538698355858,3.1997271174118493
T1,2026-01-02 12:00:00,10.355953436027805,0.5242850526036985,0.8801563713525224
T1,2026-01-02 12:10:00,9.277107928710135,0.31152979380207785,1.5652807753049682
T1,2026-01-02 12:20:00,9.736472303681179,0.4155800107954605,3.2093820951767453
T1,2026-01-02 12:30:00,12.737486312497824,0.9558479483815147,1.8671334257345684
T1,2026-01-02 12:40:00,9.264630880641201,0.31131971705026584,0.846708056031702
T1,2026-01-02 12:50:00,9.97556203874974,0.4383926549633083,2.0414902221603213
T1,2026-01-02 13:00:00,8.240426108732983,0.19688572756327466,3.1426282104609404
T1,2026-01-02 13:10:00,10.121036127023286,0.4761480689075123,4.519400279290118
T1,2026-01-02 13:20:00,8.896657397293227,0.272200969491315,3.3429788965452714
T1,2026-01-02 13:30:00,10.414629654006927,0.5360541297048588,2.1225013945424998
T1,2026-01-02 13:40:00,8.335303890151922,0.19220010615220018,1.8957141037937717
T1,2026-01-02 13:50:00,10.085699112422107,0.45210440416213477,3.0393230565198706
T1,2026-01-02 14:00:00,9.314961621539208,0.32627435211761147,4.374998205979903
T1,2026-01-02 14:10:00,9.603423272739798,0.38764079904976406,3.588130754592415
T1,2026-01-02 14:20:00,9.745297159038937,0.4000397512033049,3.5130290540735714
T1,2026-01-02 14:30:00,10.009845883733613,0.43678954348509014,2.9813872147459857
T1,2026-01-02 14:40:00,7.970975308533127,0.15630004684373638,1.4836718788785381
T1,2026-01-02 14:50:00,6.6961616098327585,0.06784258018388972,2.900913685648522
T1,2026-01-02 15:00:00,8.706771186008048,0.23127038717528403,2.283752134676797
T1,2026-01-02 15:10:00,9.624450857869958,0.38063094609743026,1.9677621555445701
T1,2026-01-02 15:20:00,7.34784398351516,0.10922731405170416,2.7738274376519887
T1,2026-01-02 15:30:00,9.87380309799658,0.42640977805617614,3.631327107763467
T1,2026-01-02 15:40:00,7.446435988773988,0.11468560087459877,2.2130525949605406
T1,2026-01-02 15:50:00,8.60777511454704,0.22486366698051038,0.11199954939075063
T1,2026-01-02 16:00:00,8.370450632411199,0.20356432941023733,3.402382015915696
T1,2026-01-02 16:10:00,8.335649543077878,0.18849064782472755,0.8519442087688787
T1,2026-01-02 16:20:00,9.789818226702701,0.4251330651517634,1.0926385035483328
T1,2026-01-02 16:30:00,6.653052041512135,0.06384216140688631,0.30570517815818365
T1,2026-01-02 16:40:00,6.8001665490721885,0.07479964855876585,2.5650982723658666
T1,2026-01-02 16:50:00,7.254295807311025,0.10477843545032846,1.186917883734409
T1,2026-01-02 17:00:00,8.001371788282665,0.16278383783092834,1.1426091219376295
T1,2026-01-02 17:10:00,6.5759562863594505,0.0589372092082614,2.399427520196209
T1,2026-01-02 17:20:00,9.07318408715294,0.3063593783533323,1.4154911999513171
T1,2026-01-02 17:30:00,7.4282703669583405,0.10726145562703543,3.885518447004269
T1,2026-01-02 17:40:00,7.216914570257933,0.09580581478093687,2.4542986221165695
T1,2026-01-02 17:50:00,6.630076872476336,0.062478617698019726,2.9266332901879353
T1,2026-01-02 18:00:00,8.16630195594044,0.1743905292604828,2.1349899572011135
T1,2026-01-02 18:10:00,8.603049731046331,0.23756070420626463,4.289606084943623
T1,2026-01-02 18:20:00,3.900606403613762,0.0009338132860639845,4.258607654521739
T1,2026-01-02 18:30:00,7.347777924173892,0.11210889784742115,0.2202607793547946
T1,2026-01-02 18:40:00,5.31166248894213,0.015600749894819757,2.617848830623967
T1,2026-01-02 18:50:00,6.9844553861757,0.08269475432878225,2.871678644332688
T1,2026-01-02 19:00:00,6.615303612071187,0.05985332384209893,3.8855407786779774
T1,2026-01-02 19:10:00,6.6471282665240246,0.06385334107008807,3.420091123749507
T1,2026-01-02 19:20:00,6.053223217933967,0.03565831574678513,1.4689873464842989
T1,2026-01-02 19:30:00,5.540192409564072,0.02032007273609864,2.313172535749932
T1,2026-01-02 19:40:00,6.932877225169596,0.0822791419031337,1.8456504870420511
T1,2026-01-02 19:50:00,4.761648752340731,0.007042804771977672,2.1409215534917325
T1,2026-01-02 20:00:00,7.513784230955842,0.1260114576015432,2.0797410259962845
T1,2026-01-02 20:10:00,6.5707191582936995,0.06095687963916545,2.209549382236826
T1,2026-01-02 20:20:00,4.071664785263788,0.001670108517176989,3.0034860366777654
T1,2026-01-02 20:30:00,3.568896811366562,0.00024793453057720115,3.671076126438529
T1,2026-01-02 20:40:00,7.370153845455586,0.10989397904844778,3.3881520335188218
T1,2026-01-02 20:50:00,5.2075663843661,0.013570766172605667,2.11547391231292
T1,2026-01-02 21:00:00,4.004896591236499,0.001359730342607342,1.0930698091855677
T1,2026-01-02 21:10:00,6.295332375365717,0.048602424214332085,2.1406885658337225
T1,2026-01-02 21:20:00,5.249454229591854,0.014432291421774775,0.7095739016403761
T1,2026-01-02 21:30:00,5.627967777833004,0.02436989674192813,1.1690437093828572
T1,2026-01-02 21:40:00,5.00340275273785,0.010972361665108921,1.4979194088812375
T1,2026-01-02 21:50:00,5.0468220532707075,0.011748337411144122,0.600686194599557
T1,2026-01-02 22:00:00,5.601596927853771,0.022177333104111872,2.676412620776406
T1,2026-01-02 22:10:00,5.819358232242052,0.028095062226172342,1.7079751510284096
T1,2026-01-02 22:20:00,2.4731232569087354,0.0,1.7053512269055462
T1,2026-01-02 22:30:00,4.607055752350312,0.005156545733419671,3.1683038700480584
T1,2026-01-02 22:40:00,5.518739876571367,0.02002613731507586,1.72711360304507
T1,2026-01-02 22:50:00,5.877396372711601,0.032406729236530075,2.2803884335596325
T1,2026-01-02 23:00:00,4.196351114354753,0.002322406936215243,2.5930972201422264
T1,2026-01-02 23:10:00,4.482361265387647,0.0041884937132880135,3.36543464940535
T1,2026-01-02 23:20:00,3.6143536637804536,0.0003029743246028813,2.1397678335840133
T1,2026-01-02 23:30:00,2.4838517594582337,0.0,1.0361475195171848
T1,2026-01-02 23:40:00,3.85538829205922,0.000832332432308463,2.589563005994285
T1,2026-01-02 23:50:00,5.1370267650111465,0.012376094117124033,2.8070264852914164
T1,2026-01-03 00:00:00,4.406779147301122,0.0034581650073953114,1.6140226215409625
T1,2026-01-03 00:10:00,5.856011530122318,0.028964609209268258,1.9354592012781382
T1,2026-01-03 00:20:00,3.816022396718198,0.0007107560641571977,3.5767669820444565
T1,2026-01-03 00:30:00,5.063327072167996,0.011723747568615406,3.878654004940211
T1,2026-01-03 00:40:00,4.309600345719251,0.002894490423350002,3.6269273752760505
T1,2026-01-03 00:50:00,5.038219378277235,0.011102741593450684,4.0656552307675256
T1,2026-01-03 01:00:00,3.685382758659719,0.00042275968429779403,2.6213723383107004
T1,2026-01-03 01:10:00,4.438555190185185,0.0038711514461584303,1.9606244979422454
T1,2026-01-03 01:20:00,4.558950059611128,0.004786586763098989,1.689016346628046
T1,2026-01-03 01:30:00,4.9522284814685404,0.009896877201193428,2.721114489525836
T1,2026-01-03 01:40:00,7.012296259073014,0.08496824932824391,2.732139418851487
T1,2026-01-03 01:50:00,3.294631781722682,3.505962008991081e-05,2.8274462341558375
T1,2026-01-03 02:00:00,5.849287544664934,0.03061423756622049,0.5413982182586783
T1,2026-01-03 02:10:00,4.077307561753556,0.0016961093500141324,3.148163186094788
T1,2026-01-03 02:20:00,5.069470052306825,0.011591064030204039,1.5167526578968344
T1,2026-01-03 02:30:00,4.690808501081026,0.006086524920088362,2.141757211011025
T1,2026-01-03 02:40:00,5.065379066572412,0.010958800433463882,3.2941074933147245
T1,2026-01-03 02:50:00,6.96370132667728,0.0844691107589252,2.1304902857088246
T1,2026-01-03 03:00:00,4.8842268939221025,0.009056308566081531,1.299535099828576
T1,2026-01-03 03:10:00,7.396502372131221,0.10831130172027684,1.2484367571047503
T1,2026-01-03 03:20:00,4.09849345018236,0.0016843053868962165,2.883071027517442
T1,2026-01-03 03:30:00,5.559287049543165,0.020835779566448328,3.552651780404942
T1,2026-01-03 03:40:00,5.097849327135968,0.012216651151129791,1.3343766027282815
T1,2026-01-03 03:50:00,4.294572721193518,0.002762533037243002,3.501796399010612
T1,2026-01-03 04:00:00,6.168315620480779,0.042057543962629014,3.1239814612869594
T1,2026-01-03 04:10:00,5.073857961239042,0.012035912682210964,1.6501246920697046
T1,2026-01-03 04:20:00,6.893989046767391,0.07562880047725118,1.948953671942607
T1,2026-01-03 04:30:00,5.102321272845516,0.012657632537347453,2.5585774089956623
T1,2026-01-03 04:40:00,6.42822405264515,0.05145725453871765,4.02044796059579
T1,2026-01-03 04:50:00,6.5446449274240335,0.058976739026549,3.579547093642031
T1,2026-01-03 05:00:00,8.483129800048978,0.2213134991403372,3.3360964308074386
T1,2026-01-03 05:10:00,6.9771707592743875,0.07925053858872583,3.191383102187825
T1,2026-01-03 05:20:00,5.84983837019361,0.03046009457083792,1.1856340920599695
T1,2026-01-03 05:30:00,4.726199848489588,0.006896074126028251,2.2310991775650413
T1,2026-01-03 05:40:00,6.629479878608912,0.06315647092167706,2.1694262651020497
T1,2026-01-03 05:50:00,8.32929356821753,0.19641102524267107,1.7651488163056177
T1,2026-01-03 06:00:00,7.65890253727126,0.1366204488444081,0.991375276504598
T1,2026-01-03 06:10:00,6.1850914371861085,0.04237474772443039,3.2466853008695185
T1,2026-01-03 06:20:00,7.381064989658781,0.10850612599127903,2.2284741929169734
T1,2026-01-03 06:30:00,7.992292912227406,0.1659522008498715,2.0403137764801573
T1,2026-01-03 06:40:00,7.123264901082902,0.08988963063479206,2.4380585942174835
T1,2026-01-03 06:50:00,7.610822113658488,0.1231764844394828,2.3571178764452236
T1,2026-01-03 07:00:00,7.520871803415272,0.12037013484935105,2.665550431413224
T1,2026-01-03 07:10:00,7.856170618301193,0.15066211748198882,2.1291794067250684
T1,2026-01-03 07:20:00,9.043619464723262,0.2935180434234863,2.1370843414814753
T1,2026-01-03 07:30:00,5.033248261443855,0.01130378503399064,1.703047282963908
T1,2026-01-03 07:40:00,4.85146391091347,0.00794089106423792,2.5834509857727608
T1,2026-01-03 07:50:00,9.411017871921581,0.3378090166865834,1.4639551028622835
T1,2026-01-03 08:00:00,7.735035928062721,0.14415145993496237,1.490318599826499
T1,2026-01-03 08:10:00,9.686733106210388,0.3996470842619238,5.340898600686566
T1,2026-01-03 08:20:00,10.20764208318948,0.4926465725598457,1.5036644512862585
T1,2026-01-03 08:30:00,7.993805165068184,0.16238969599007866,2.305286307358649
T1,2026-01-03 08:40:00,8.374288299271765,0.21125798392732864,2.211112231276009
T1,2026-01-03 08:50:00,9.960103689451357,0.41776069796704385,2.426623166095011
T1,2026-01-03 09:00:00,10.070242091441617,0.4573615615806788,2.19318188966711
T1,2026-01-03 09:10:00,9.275404285062875,0.31724944115327053,2.4422725961977108
T1,2026-01-03 09:20:00,9.876670837203703,0.44035748025410854,0.26643476900198326
T1,2026-01-03 09:30:00,8.607210368064841,0.22605292110566572,2.632807206288205
T1,2026-01-03 09:40:00,9.558972733388444,0.35582521522403077,2.235914292482192
T1,2026-01-03 09:50:00,8.60931828948485,0.23702737275529656,2.4831514238960724
T1,2026-01-03 10:00:00,10.071779017332346,0.44496075731027734,0.8757430539603754
T1,2026-01-03 10:10:00,8.372923573970413,0.20397193917032935,1.2949668501920293
T1,2026-01-03 10:20:00,9.257834330537975,0.30609721746533125,2.9418794721106427
T1,2026-01-03 10:30:00,9.595253040989455,0.3643021546492162,2.5643883359723216
T1,2026-01-03 10:40:00,6.62763009872463,0.06324259840666789,2.996926212575479
T1,2026-01-03 10:50:00,11.230464323004263,0.7371177675451392,1.5301624934309663
T1,2026-01-03 11:00:00,7.47852861384278,0.11553458646792797,3.3238766946279386
T1,2026-01-03 11:10:00,9.063609513756479,0.298051979037089,2.5648293127117863
T1,2026-01-03 11:20:00,8.972342822559103,0.2891085339347598,2.7589036166253607
T1,2026-01-03 11:30:00,9.285432970798325,0.31227174953859616,2.099186689161099
T1,2026-01-03 11:40:00,7.034052083537528,0.08711291742210832,1.9912291724552778
T1,2026-01-03 11:50:00,10.256343039520207,0.5127829372724578,2.262798620625382
T1,2026-01-03 12:00:00,9.932763971264398,0.4266646122611932,3.1646946801922984
T1,2026-01-03 12:10:00,9.779184241538736,0.4126233021239609,2.455666192637218
T1,2026-01-03 12:20:00,10.023803589431445,0.43552184700565794,0.7554964428285407
T1,2026-01-03 12:30:00,11.03469527370614,0.69048573023499,1.1271174123587664
T1,2026-01-03 12:40:00,9.130307912883827,0.291865604214359,2.968417144992207
T1,2026-01-03 12:50:00,8.691899003229988,0.22871825761879833,2.338652312576028
T1,2026-01-03 13:00:00,10.521194870825823,0.5512585757380415,2.5518848994494867
T1,2026-01-03 13:10:00,8.051350684559411,0.15913241821738133,0.5268545836559966
T1,2026-01-03 13:20:00,8.887047819207952,0.26986385553574127,2.4552571369314435
T1,2026-01-03 13:30:00,8.214871357806542,0.19044986369410624,1.7997706824315616
T1,2026-01-03 13:40:00,10.615560450318025,0.5727283053047819,2.558574835990491
T1,2026-01-03 13:50:00,9.14597776419143,0.2937306268551132,1.8091984046550302
T1,2026-01-03 14:00:00,10.364018289188204,0.5174544275871522,1.8184485151490484
T1,2026-01-03 14:10:00,9.811504718436893,0.4260384136672627,1.0761383635059332
T1,2026-01-03 14:20:00,7.8110638943061765,0.14573267430567802,1.2789755866943733
T1,2026-01-03 14:30:00,8.888550092042886,0.2636227929528165,3.008026389710192
T1,2026-01-03 14:40:00,7.703729172190464,0.12850309870731633,2.8575256087407452
T1,2026-01-03 14:50:00,6.664091386883083,0.06583578861310915,3.281219912810363
T1,2026-01-03 15:00:00,8.783427070198766,0.2649583318947536,3.896344904683028
T1,2026-01-03 15:10:00,7.424697606786505,0.1160906837686066,1.497924133213019
T1,2026-01-03 15:20:00,8.443795201432685,0.2143025125565052,4.652302534252683
T1,2026-01-03 15:30:00,8.243933289783735,0.1949526633881673,2.999880536382717
T1,2026-01-03 15:40:00,10.22821354130691,0.47344064746902403,2.950396608842806
T1,2026-01-03 15:50:00,7.864346898645923,0.15307059269968315,1.7362012214797504
T1,2026-01-03 16:00:00,7.519833082756957,0.12033524842740347,3.045502162400741
T1,2026-01-03 16:10:00,7.963356069136979,0.15516259083682554,4.957481652182977
T1,2026-01-03 16:20:00,6.717563738416593,0.06599667093231834,1.4736607660566856
T1,2026-01-03 16:30:00,8.089104391440477,0.17189183904991553,2.35734726522142
T1,2026-01-03 16:40:00,8.440177639058431,0.21037656694330498,0.8914260649583516
T1,2026-01-03 16:50:00,7.07458116825708,0.08958599101858322,2.5893325686576176
T1,2026-01-03 17:00:00,6.142066274194299,0.039982647837574714,2.8199070673496465
T1,2026-01-03 17:10:00,6.567555093059137,0.061859140253618626,1.704465029074048
T1,2026-01-03 17:20:00,8.343675627637557,0.19091805281954072,3.0888054252016897
T1,2026-01-03 17:30:00,6.405225584228772,0.0526920009536161,1.9611172541910957
T1,2026-01-03 17:40:00,7.110429849479101,0.08617043455358402,3.1286440728788456
T1,2026-01-03 17:50:00,6.124509990818218,0.03940061782021021,1.7069882574501587
T1,2026-01-03 18:00:00,5.961112031527424,0.034284698952996184,2.5975982097271437
T1,2026-01-03 18:10:00,7.664034847168593,0.13434768307354278,2.807490949794559
T1,2026-01-03 18:20:00,4.589040142268199,0.005468694033844539,1.8190262423072534
T1,2026-01-03 18:30:00,8.256077998627774,0.19371952085745273,2.1651491905055904
T1,2026-01-03 18:40:00,6.793130597019131,0.06737651488972765,2.8485090975808576
T1,2026-01-03 18:50:00,7.307208758607294,0.10008244281623771,3.671552744597135
T1,2026-01-03 19:00:00,5.593208304895042,0.02330430620081543,1.720354449140284
T1,2026-01-03 19:10:00,4.7986557831844685,0.007341852649622465,1.565788832997942
T1,2026-01-03 19:20:00,3.1241555923076536,2.6187855267319432e-06,2.5488537700838423
T1,2026-01-03 19:30:00,5.231903822688937,0.015232317586570537,2.0331674043506927
T1,2026-01-03 19:40:00,6.635263331575447,0.060186629913585026,2.001944126255261
T1,2026-01-03 19:50:00,6.058497280706619,0.037378585102026955,1.3081697676523656
T1,2026-01-03 20:00:00,6.102267409136348,0.0372031164125307,1.7344856410014264
T1,2026-01-03 20:10:00,4.423548346671939,0.0036257142108322665,1.900498827944192
T1,2026-01-03 20:20:00,4.734891406988554,0.006504567341025846,4.489163429762856
T1,2026-01-03 20:30:00,6.665876897950048,0.06681920892638431,2.6941290119574015
T1,2026-01-03 20:40:00,3.7313399517911296,0.0005072394474440376,2.4007392065782622
T1,2026-01-03 20:50:00,3.830162618944315,0.0007719585828346946,3.716150137575803
T1,2026-01-03 21:00:00,7.094359529505974,0.08492759068705139,1.9617675907405059
T1,2026-01-03 21:10:00,5.874327546540534,0.03206920050428565,1.0695216282135573
T1,2026-01-03 21:20:00,6.161695494830788,0.04178620375898383,3.9584833315057115
T1,2026-01-03 21:30:00,4.5700648560302435,0.005122952450852299,3.266692257329643
T1,2026-01-03 21:40:00,3.6766392421506557,0.00041933656007850275,0.5273406380204948
T1,2026-01-03 21:50:00,4.643886873927324,0.005658805571820585,4.073285967842199
T1,2026-01-03 22:00:00,5.148553586262191,0.012332806840499762,1.8002280545464289
T1,2026-01-03 22:10:00,6.232209119617044,0.04188156619679304,4.13922165862696
T1,2026-01-03 22:20:00,6.702154461778977,0.0680250561687524,3.0877879588664476
T1,2026-01-03 22:30:00,4.199474186415859,0.0023290967999344183,2.7163174031837642
T1,2026-01-03 22:40:00,5.345969276637503,0.016348469068660026,2.514556179206844
T1,2026-01-03 22:50:00,3.8000041860395735,0.0006550435944571316,3.350222359596115
T1,2026-01-03 23:00:00,4.000777313566133,0.0012986449218550982,3.7596863956136515
T1,2026-01-03 23:10:00,4.106149447600377,0.0016780130621461124,1.257644759196945
T1,2026-01-03 23:20:00,3.0693599103403066,4.1624204634138994e-07,3.7005881517710444
T1,2026-01-03 23:30:00,3.2052930594788673,1.106989514021577e-05,1.7276164228384232
T1,2026-01-03 23:40:00,7.293589038682855,0.10229850839868437,0.507011519097821
T1,2026-01-03 23:50:00,3.321014240402553,4.3187390353564195e-05,1.2557038233184732
T1,2026-01-04 00:00:00,6.474715573607535,0.05741622522531455,2.574326024671702
T1,2026-01-04 00:10:00,3.7884651737754114,0.000624491887443216,2.702917783931838
T1,2026-01-04 00:20:00,5.0222570462477405,0.010352283769090653,2.3097317711851497
T1,2026-01-04 00:30:00,2.7433403785067267,0.0,2.394812661887806
T1,2026-01-04 00:40:00,6.927356046701767,0.07683720372555858,1.919259388544744
T1,2026-01-04 00:50:00,5.231427553197138,0.014672219373560015,2.8865607214457496
T1,2026-01-04 01:00:00,2.938404655091862,0.0,2.738407353144672
T1,2026-01-04 01:10:00,4.632302934332178,0.005950530342320483,2.880546905354433
T1,2026-01-04 01:20:00,5.559035850033846,0.022531801593541533,1.5589463862385076
T1,2026-01-04 01:30:00,3.070091241730921,4.2821985620116716e-07,-1.044296669252359
T1,2026-01-04 01:40:00,6.411636470517383,0.052640247339689,1.3553959680951737
T1,2026-01-04 01:50:00,4.468159578791217,0.004168881811811982,3.4960091236707123
T1,2026-01-04 02:00:00,4.7949462355794195,0.007323793140276085,2.949535056983201
T1,2026-01-04 02:10:00,3.099356994816648,1.2573518811750718e-06,2.596663645293878
T1,2026-01-04 02:20:00,4.572063556132296,0.005314005300638012,4.1154529470262435
T1,2026-01-04 02:30:00,6.4200770247883145,0.05317837136481781,2.313491344302677
T1,2026-01-04 02:40:00,5.109638170517513,0.011660648069472911,2.521915266436107
T1,2026-01-04 02:50:00,4.475945414963574,0.004234670464436067,3.0877071440654014
T1,2026-01-04 03:00:00,3.9834173883554147,0.0012219970356019644,2.5668398427561754
T1,2026-01-04 03:10:00,4.467796535296355,0.00427922266593369,2.3503663918476985
T1,2026-01-04 03:20:00,6.643200296922998,0.06382933751372141,-0.8704384344736078
T1,2026-01-04 03:30:00,5.230086931598866,0.015179301244898614,2.470242851295879
T1,2026-01-04 03:40:00,4.297966924448627,0.002717194430623711,2.6445116814774727
T1,2026-01-04 03:50:00,6.982658467561976,0.07821347855875042,1.6213164888941174
T1,2026-01-04 04:00:00,5.722854885149526,0.027450978393041506,3.692713711671164
T1,2026-01-04 04:10:00,7.810770643270462,0.13949246475774862,1.5778689884675532
T1,2026-01-04 04:20:00,8.002062275994017,0.16004753727362953,1.7074340508062524
T1,2026-01-04 04:30:00,6.3593627715328545,0.049292295426984205,2.977723639738692
T1,2026-01-04 04:40:00,4.885997720862093,0.008455070449643184,1.3551607428848367
T1,2026-01-04 04:50:00,5.507247262694982,0.020640256555003674,1.585833445117135
T1,2026-01-04 05:00:00,7.43712597470276,0.1093411956723597,2.2229735445868206
T1,2026-01-04 05:10:00,7.36012072190246,0.10503027825967169,2.987423304393965
T1,2026-01-04 05:20:00,6.426575356641225,0.0539347402088197,3.2247570506963568
T1,2026-01-04 05:30:00,7.561247077774737,0.12238612713746642,2.110280501261453
T1,2026-01-04 05:40:00,6.835306661625346,0.07481891856330437,3.255250539376756
T1,2026-01-04 05:50:00,4.858882815784526,0.008313699584478867,1.5201580392393739
T1,2026-01-04 06:00:00,7.649755808192324,0.13052251220882247,2.058223685537724
T1,2026-01-04 06:10:00,6.910021722397536,0.07739853869970932,1.346150704377273
T1,2026-01-04 06:20:00,7.234491486801133,0.10128822125488986,1.8610614285201188
T1,2026-01-04 06:30:00,6.744595629470096,0.06534544371055699,3.2071568116479985
T1,2026-01-04 06:40:00,9.484205901728593,0.3595948815474704,1.8169564796719282
T1,2026-01-04 06:50:00,7.710080442992241,0.13884094777988124,3.1319031758774014
T1,2026-01-04 07:00:00,6.260198429240046,0.043363379276892086,2.0912422733705665
T1,2026-01-04 07:10:00,7.538834728516594,0.12240389348320789,3.7910222197547716
T1,2026-01-04 07:20:00,10.078258410940812,0.4459157484001585,1.980138735756889
T1,2026-01-04 07:30:00,7.504459913560781,0.12521543653909772,2.0956805338078985
T1,2026-01-04 07:40:00,6.945797286027451,0.08313434281519921,2.436782353728595
T1,2026-01-04 07:50:00,8.325056486752345,0.1990154437397378,2.248416682013531
T1,2026-01-04 08:00:00,8.73781312739634,0.24465319323720638,2.025142559745474
T1,2026-01-04 08:10:00,8.820924135832326,0.2659705333639494,3.5212409702088703
T1,2026-01-04 08:20:00,7.764342206080002,0.14626656337434837,0.9484279842811913
T1,2026-01-04 08:30:00,8.27527898399659,0.19813097410529373,3.2633745393855276
T1,2026-01-04 08:40:00,8.280891880864749,0.1926061319846555,1.5495326150310702
T1,2026-01-04 08:50:00,9.598057251494412,0.3580546846223726,1.3023391203199506
T1,2026-01-04 09:00:00,8.587660039704357,0.22353799879734007,2.8459403704703314
T1,2026-01-04 09:10:00,9.512696212963922,0.35592240945721565,3.1285947586524925
T1,2026-01-04 09:20:00,12.717729600007914,0.9228815369609185,2.4094354477425086
T1,2026-01-04 09:30:00,9.329131758312775,0.33830385653636913,0.2964575969780414
T1,2026-01-04 09:40:00,9.341942276079678,0.3197271441285936,2.648788472563358
T1,2026-01-04 09:50:00,9.317375069651252,0.33483004334402394,2.993082019442168
T1,2026-01-04 10:00:00,7.964756818774101,0.16279967652748586,2.2439596156368014
T1,2026-01-04 10:10:00,10.411781850866102,0.5407194286957466,2.440494260223537
T1,2026-01-04 10:20:00,8.54136942813481,0.21333035931787664,3.4096700439281067
T1,2026-01-04 10:30:00,11.504599707122006,0.8399269820267727,1.0862248099271261
T1,2026-01-04 10:40:00,8.79164318611683,0.24958612422939294,4.516940142050624
T1,2026-01-04 10:50:00,11.400971193771573,0.7712552369216863,0.6473937089157713
T1,2026-01-04 11:00:00,8.967845398335903,0.2819215407202023,1.5625711561876998
T1,2026-01-04 11:10:00,10.555335829453782,0.5858260608532614,3.1360158023485636
T1,2026-01-04 11:20:00,9.294746312427806,0.3138898073256659,3.7038898705503014
T1,2026-01-04 11:30:00,11.37849095436565,0.7871566496996116,2.2225942615189225
T1,2026-01-04 11:40:00,11.90066111108517,0.9123965184329047,2.022365719185893
T1,2026-01-04 11:50:00,9.60430508120044,0.3664529282901786,3.521285327845537
T1,2026-01-04 12:00:00,9.483549697697715,0.34437539439969705,3.445686653725445
T1,2026-01-04 12:10:00,9.286007183833838,0.3257543063514051,1.8623271341829861
T1,2026-01-04 12:20:00,9.496055855340074,0.34176916229499554,2.6239412899077035
T1,2026-01-04 12:30:00,9.718630901301553,0.3985932575360049,2.951751089944224
T1,2026-01-04 12:40:00,10.082813441951565,0.4705359993002447,1.8471468828423556
T1,2026-01-04 12:50:00,10.33797730772746,0.5125425525701821,3.1185618430438864
T1,2026-01-04 13:00:00,9.099876814056579,0.29289437383373607,1.000558302640134
T1,2026-01-04 13:10:00,9.604973424351895,0.36889837190138874,2.6730743923635862
T1,2026-01-04 13:20:00,9.23190502696851,0.3258824072695029,1.7524581236881616
T1,2026-01-04 13:30:00,8.763351759045294,0.2553884261625147,2.324191393769857
T1,2026-01-04 13:40:00,10.78707763736499,0.6060906493286226,4.034717389768431
T1,2026-01-04 13:50:00,8.776067557768696,0.2502354783382935,2.0465808352709396
T1,2026-01-04 14:00:00,9.069164937080075,0.283538241957316,1.474413567191005
T1,2026-01-04 14:10:00,9.018131234034511,0.29342035469202016,1.448037227607944
T1,2026-01-04 14:20:00,8.888780633473031,0.2581663047274051,1.8257018482651846
T1,2026-01-04 14:30:00,8.28119870105779,0.18524668994610252,1.1613858143643738
T1,2026-01-04 14:40:00,8.885513808434183,0.25737121655594625,1.4403206238739032
T1,2026-01-04 14:50:00,11.575416245804384,0.8471139153889314,0.6257802831621917
T1,2026-01-04 15:00:00,7.925423816333781,0.16232556769199122,3.3496262852936107
T1,2026-01-04 15:10:00,7.76480728803332,0.14019526913397212,3.093486245394496
T1,2026-01-04 15:20:00,9.566567545829281,0.35116504720770253,1.554237407927908
T1,2026-01-04 15:30:00,6.734545808048995,0.06793783177528756,4.1073517046737775
T1,2026-01-04 15:40:00,8.86912547398602,0.26525410351204404,2.109690221191431
T1,2026-01-04 15:50:00,7.309760490092065,0.10835712125484835,2.811367757794224
T1,2026-01-04 16:00:00,6.950293979661712,0.07827977889086864,4.517349875215665
T1,2026-01-04 16:10:00,6.163745254605888,0.041059429962207794,1.7155829722153273
T1,2026-01-04 16:20:00,8.80233240519509,0.24686148410686348,4.647098112525927
T1,2026-01-04 16:30:00,6.449378585399104,0.052067035555857885,1.5462098035770975
T1,2026-01-04 16:40:00,7.968978689847389,0.15337663092167414,3.7302324368160917
T1,2026-01-04 16:50:00,7.204820348285242,0.09727548916386572,2.169691220075895
T1,2026-01-04 17:00:00,8.550718301170594,0.21325751711491986,1.6072956649285994
T1,2026-01-04 17:10:00,6.916486541309956,0.07972598626340767,2.3836533787241545
T1,2026-01-04 17:20:00,9.559250290897312,0.3596105136909943,0.9795222100756922
T1,2026-01-04 17:30:00,8.298257207497949,0.1950220379003202,0.1810572363018581
T1,2026-01-04 17:40:00,8.917001215761898,0.28033660482464123,3.7662998832297827
T1,2026-01-04 17:50:00,5.589762080365091,0.02292923893155216,1.6156357462078748
T1,2026-01-04 18:00:00,7.481524776219112,0.1149812711941806,1.9738025694366437
T1,2026-01-04 18:10:00,8.34627504821369,0.18901982826960062,0.7111137112504367
T1,2026-01-04 18:20:00,7.624571249316604,0.1277882539909187,1.845940707289795
T1,2026-01-04 18:30:00,5.060133335716189,0.010996152615637902,2.771559125447504
T1,2026-01-04 18:40:00,4.784226513550737,0.007042503236378844,2.5652134451387414
T1,2026-01-04 18:50:00,5.45805814105873,0.01912763283441501,4.535443254476357
T1,2026-01-04 19:00:00,5.375964332511983,0.01839343624143045,2.180097204112949
T1,2026-01-04 19:10:00,7.205232490273665,0.09642410325354935,3.443676301749005
T1,2026-01-04 19:20:00,6.490109346633445,0.056317371714101144,3.0934874209617362
T1,2026-01-04 19:30:00,4.023798604260856,0.0014045319144302178,1.066504662643433
T1,2026-01-04 19:40:00,6.320192474121588,0.04663162804780026,3.4493468875440794
T1,2026-01-04 19:50:00,6.3069304169091405,0.048626483500112554,2.469542032373221
T1,2026-01-04 20:00:00,6.375663152837646,0.04999956003678589,3.5629405702706234
T1,2026-01-04 20:10:00,5.152220775836688,0.01270583421682893,1.702558815918281
T1,2026-01-04 20:20:00,4.31729215499221,0.0030926245504375987,2.4113654570539933
T1,2026-01-04 20:30:00,3.9571351752687933,0.0011337912199261436,2.2741488216037786
T1,2026-01-04 20:40:00,5.662940826333215,0.02373235999889692,3.564947150770152
T1,2026-01-04 20:50:00,3.28548420483419,2.946369604849757e-05,3.315936557182182
T1,2026-01-04 21:00:00,3.9276758332742077,0.0010535936777778742,2.9820303946594473
T1,2026-01-04 21:10:00,6.308809621005048,0.04500188158542734,3.00834612143077
T1,2026-01-04 21:20:00,6.292193213590667,0.045709984297547426,2.7058344009506237
T1,2026-01-04 21:30:00,5.720060726931322,0.02664004865265666,1.8107547655771399
T1,2026-01-04 21:40:00,4.181695985086609,0.002177004410184596,2.3898600840101363
T1,2026-01-04 21:50:00,6.407480074323389,0.05124798092342244,0.44304809759311015
T1,2026-01-04 22:00:00,2.5518599569217826,0.0,1.3827669924963666
T1,2026-01-04 22:10:00,3.3328116527426785,4.583623188159815e-05,2.8326009215535723
T1,2026-01-04 22:20:00,4.327288761861676,0.00315152510413498,2.062124758056181
T1,2026-01-04 22:30:00,5.241125030070893,0.01421417807850222,3.0030536122666347
T1,2026-01-04 22:40:00,2.8180697136388035,0.0,4.496265712710892
T1,2026-01-04 22:50:00,5.497029297273975,0.020757695683826044,0.8631846302376949
T1,2026-01-04 23:00:00,4.188202438931365,0.0022126770186391633,1.5583861158551917
T1,2026-01-04 23:10:00,4.217070831372945,0.002265543034808732,3.32947759324782
T1,2026-01-04 23:20:00,3.7595485323335613,0.0005498117002669677,3.0709033776859385
T1,2026-01-04 23:30:00,5.9333690504731065,0.03228056391391484,3.540697592431107
T1,2026-01-04 23:40:00,3.4315587149716573,0.00010807204289438282,1.466345867698157
T1,2026-01-04 23:50:00,2.531956487547368,0.0,2.966697532074271
T1,2026-01-05 00:00:00,4.855307129931259,0.00838176510848926,2.861562733770474
T1,2026-01-05 00:10:00,5.204432018527991,0.014616080942746317,2.6294176490743237
T1,2026-01-05 00:20:00,4.699017463359585,0.006212970514678779,2.9216514420847384
T1,2026-01-05 00:30:00,1.4703486669859398,0.0,3.4065948675393476
T1,2026-01-05 00:40:00,5.086107138064759,0.011297903189135388,1.6340036020631947
T1,2026-01-05 00:50:00,3.9127209163097287,0.000980631252942159,1.8483371431322446
T1,2026-01-05 01:00:00,3.22447541981794,1.5191469027308063e-05,3.21453183316743
T1,2026-01-05 01:10:00,5.355231654573073,0.01710187831785155,3.1682831490752728
T1,2026-01-05 01:20:00,6.2192697131128645,0.04205998029725054,1.026999927291181
T1,2026-01-05 01:30:00,3.3433966024950035,5.155484086194179e-05,2.6307347383562476
T1,2026-01-05 01:40:00,4.607883885134413,0.00518081925456061,1.486184965085014
T1,2026-01-05 01:50:00,3.6922607776650462,0.00042271134722135555,-0.0036583937803866817
T1,2026-01-05 02:00:00,4.903524660766717,0.008562420559723552,3.4568648774121056
T1,2026-01-05 02:10:00,4.686105917927855,0.00654240488172394,2.0065249646563244
T1,2026-01-05 02:20:00,5.713878624207142,0.02536512521823565,2.2965469072203706
T1,2026-01-05 02:30:00,4.404389137598659,0.0036765144674394995,3.902804234827459
T1,2026-01-05 02:40:00,3.2480697082277334,2.0794541166003958e-05,3.5125800951666912
T1,2026-01-05 02:50:00,5.62859104400625,0.02264592748414735,3.597781527768957
T1,2026-01-05 03:00:00,5.508178219544845,0.021376624548171613,3.037717236531828
T1,2026-01-05 03:10:00,6.755903109123479,0.07147001282900396,3.769791868473936
T1,2026-01-05 03:20:00,3.9236506120913544,0.0009995008550029217,4.582850331627491
T1,2026-01-05 03:30:00,5.489193036626744,0.01914229295476064,2.0955903004328333
T1,2026-01-05 03:40:00,7.613383639516122,0.12591851967245668,1.3911525835892127
T1,2026-01-05 03:50:00,5.38589242227732,0.01713912775804483,2.762463110811486
T1,2026-01-05 04:00:00,6.751347187867521,0.07219375963068123,3.525853138868352
T1,2026-01-05 04:10:00,6.287572080445023,0.04489782391712465,2.03139936304692
T1,2026-01-05 04:20:00,6.6301566888495085,0.06277126309238347,2.231400724562234
T1,2026-01-05 04:30:00,5.172282193075043,0.012843361567144737,4.4327861904881125
T1,2026-01-05 04:40:00,4.763662934426025,0.007317550769995044,2.367420915107685
T1,2026-01-05 04:50:00,4.49030146283276,0.004137518542272998,2.8620191482458646
T1,2026-01-05 05:00:00,5.333071629002288,0.015951101571162654,2.747855105863047
T1,2026-01-05 05:10:00,7.015689103846784,0.08646265880138589,4.539616794557976
T1,2026-01-05 05:20:00,8.00691408546401,0.16114286559063587,1.783276592246383
T1,2026-01-05 05:30:00,5.90500333013662,0.03218371108476497,3.0872408525807655
T1,2026-01-05 05:40:00,7.044256825010698,0.09007461903802945,2.982471761975323
T1,2026-01-05 05:50:00,7.834985512205636,0.14804710688975992,3.2442067024547705
T1,2026-01-05 06:00:00,4.985667992832016,0.010108679707296826,2.8347895103499194
T1,2026-01-05 06:10:00,6.754461574394266,0.07198022017000495,5.352285369262843
T1,2026-01-05 06:20:00,8.652529389984393,0.22786654260146855,1.8213500376483154
T1,2026-01-05 06:30:00,7.800770489963755,0.14380953458993573,2.1710210934844696
T1,2026-01-05 06:40:00,7.462440192417145,0.11663167016002274,4.281922995668113
T1,2026-01-05 06:50:00,7.847719663520436,0.14473891359018107,2.3545422826198514
T1,2026-01-05 07:00:00,7.510065990021653,0.12241874669062758,3.6185849582518457
T1,2026-01-05 07:10:00,9.21427353291076,0.31197801638018813,-0.3474924568476201
T1,2026-01-05 07:20:00,8.383670857029651,0.2042990798679095,4.430101575680556
T1,2026-01-05 07:30:00,7.704046065247746,0.13117247139504362,0.7575250533843918
T1,2026-01-05 07:40:00,9.377645074609667,0.3338789981191812,2.356450999844952
T1,2026-01-05 07:50:00,9.603437987183943,0.3863031272861848,2.7864432175259264
T1,2026-01-05 08:00:00,8.671337566965525,0.23722156884113582,3.64096591052986
T1,2026-01-05 08:10:00,9.036951600165319,0.2868557069377578,3.0579671333857372
T1,2026-01-05 08:20:00,7.9986811515817555,0.1558825301478529,4.145825127776215
T1,2026-01-05 08:30:00,8.027195000697946,0.16486189460642267,3.732342354295235
T1,2026-01-05 08:40:00,9.344885193412544,0.34006303354787853,2.09316459425841
T1,2026-01-05 08:50:00,9.807427594738058,0.42479709302100344,3.7113168250569983
T1,2026-01-05 09:00:00,7.2334707584276146,0.09830707009130983,2.7812790761691724
T1,2026-01-05 09:10:00,9.07430030225029,0.28022919847114725,0.8472575092698658
T1,2026-01-05 09:20:00,8.353107241085361,0.19737712563573512,1.240834799080392
T1,2026-01-05 09:30:00,8.112957691753236,0.16651769661650756,1.6032972368993683
T1,2026-01-05 09:40:00,7.64626312917985,0.13671060189272366,2.4233122336619304
T1,2026-01-05 09:50:00,7.594674498040848,0.12062055331004282,3.1938542224145525
T1,2026-01-05 10:00:00,7.873311723975908,0.15431099568793238,2.881617172908983
T1,2026-01-05 10:10:00,9.37036697539356,0.3241099096524225,2.10909753079982
T1,2026-01-05 10:20:00,9.678577527409747,0.4078444168407273,2.8722554515837677
T1,2026-01-05 10:30:00,10.211637084856381,0.4632277522074912,2.2569607040530024
T1,2026-01-05 10:40:00,8.59273821342051,0.23679852448071323,1.7751103400701902
T1,2026-01-05 10:50:00,8.005086593580375,0.16744090202023512,2.9858173047986303
T1,2026-01-05 11:00:00,9.081411630762764,0.28626623426737774,3.3526329497053156
T1,2026-01-05 11:10:00,13.175385396619719,0.9024100936608654,2.732696260593436
T1,2026-01-05 11:20:00,8.938461102467643,0.2641390051301403,2.8630731693392493
T1,2026-01-05 11:30:00,8.122359237987144,0.17419965916908023,5.164787097960301
T1,2026-01-05 11:40:00,7.648650713704474,0.1313732541247604,2.5644193800502992
T1,2026-01-05 11:50:00,9.682635787965108,0.3966837722744808,3.830875288082269
T1,2026-01-05 12:00:00,11.059928816674592,0.7087329896951218,1.842646514795494
T1,2026-01-05 12:10:00,9.032542302562122,0.27593697522552485,3.613235347714994
T1,2026-01-05 12:20:00,11.33923024009349,0.7391360049398258,3.801623136864132
T1,2026-01-05 12:30:00,8.664072783292559,0.2389295557880469,2.0980341143079047
T1,2026-01-05 12:40:00,8.303327024117541,0.19325934439528702,4.215683279218141
T1,2026-01-05 12:50:00,9.023994811110017,0.27711542495008246,-0.0933589289599781
T1,2026-01-05 13:00:00,10.832918487246522,0.6207213055277875,3.0239406752044546
T1,2026-01-05 13:10:00,8.891265802565375,0.274750375051187,3.919332325927548
T1,2026-01-05 13:20:00,8.699505151149257,0.24865578902502797,3.6683192740593706
T1,2026-01-05 13:30:00,9.231350436762078,0.33115083176760046,4.734404898655549
T1,2026-01-05 13:40:00,10.809439191218981,0.6472734098880173,2.987254327652263
T1,2026-01-05 13:50:00,9.740158196703618,0.38703944012638863,2.861277811637918
T1,2026-01-05 14:00:00,9.519557582262278,0.35091366259472345,3.0800911371904105
T1,2026-01-05 14:10:00,6.953035920617138,0.08231312970535402,3.1335018588773944
T1,2026-01-05 14:20:00,8.694360972252428,0.24117714234174897,3.0784225490792436
T1,2026-01-05 14:30:00,9.401157202824075,0.3326818026581261,3.8762319975691555
T1,2026-01-05 14:40:00,9.770822486465514,0.4021933075298442,3.128933552576174
T1,2026-01-05 14:50:00,9.779020241348203,0.42497837157889,3.169731671014149
T1,2026-01-05 15:00:00,7.168254841950391,0.09477637237076979,2.641432467869794
T1,2026-01-05 15:10:00,10.068412014452406,0.46358982965654777,3.129305320872627
T1,2026-01-05 15:20:00,7.654083081456796,0.13248900249484835,4.312792366881537
T1,2026-01-05 15:30:00,10.155273326475738,0.45307731635504306,2.153467622141072
T1,2026-01-05 15:40:00,5.980221783843852,0.03345357773499445,1.565686223931378
T1,2026-01-05 15:50:00,9.204968393171054,0.3040170541695808,4.110758036277295
T1,2026-01-05 16:00:00,8.41976410545474,0.20843774658665093,4.288896286162808
T1,2026-01-05 16:10:00,10.869098592835464,0.6462066959758055,4.117303469588219
T1,2026-01-05 16:20:00,8.010644900348913,0.17078706432261914,3.1695324814128036
T1,2026-01-05 16:30:00,5.274512513717738,0.015318142718000551,2.4205506353395676
T1,2026-01-05 16:40:00,8.545001024792473,0.2334958438192666,3.550901797429236
T1,2026-01-05 16:50:00,7.256129267113767,0.10063750370910719,2.1118378702318563
T1,2026-01-05 17:00:00,6.817427265732748,0.07099660927176539,3.154980001563631
T1,2026-01-05 17:10:00,9.282716868988633,0.3318766421882267,1.8558075424893592
T1,2026-01-05 17:20:00,8.449193885080106,0.2148037577601415,2.8645250671146436
T1,2026-01-05 17:30:00,7.680396218419731,0.12991552593801312,3.5409168587710695
T1,2026-01-05 17:40:00,7.42030999173709,0.11495532651043656,2.6215195733087597
T1,2026-01-05 17:50:00,7.743357600506658,0.1423492824875264,2.1927998408944456
T1,2026-01-05 18:00:00,9.374704707387249,0.3314418221803338,3.3761138385052165
T1,2026-01-05 18:10:00,10.105243371263207,0.46985160062224535,0.7658499597566504
T1,2026-01-05 18:20:00,6.428171560163477,0.05097668159905323,1.7584307474388536
T1,2026-01-05 18:30:00,5.391833300078059,0.0169529934228025,2.365203797962585
T1,2026-01-05 18:40:00,4.536456092371065,0.004729337277704155,2.64851732408307
T1,2026-01-05 18:50:00,5.242337661625347,0.014222364997860372,2.1977877330048408
T1,2026-01-05 19:00:00,6.590165358770075,0.05976763723204776,1.8548285178353505
T1,2026-01-05 19:10:00,4.8903625670750035,0.009078717963648432,4.259396047543195
T1,2026-01-05 19:20:00,6.046216350261668,0.038483093996700746,4.110408977271259
T1,2026-01-05 19:30:00,5.7685130648029705,0.02791287625931992,2.224868716245993
T1,2026-01-05 19:40:00,8.40544262238893,0.20582134467189073,4.127129476254296
T1,2026-01-05 19:50:00,5.873300864134736,0.031233050577363582,2.897143305387952
T1,2026-01-05 20:00:00,6.413414402422168,0.05379222890073556,2.478378852896188
T1,2026-01-05 20:10:00,6.894351190940312,0.07404783240264448,2.9938043170923607
T1,2026-01-05 20:20:00,3.211518920038604,1.2757588603506476e-05,3.1764743121742587
T1,2026-01-05 20:30:00,6.733750248085512,0.06465065535148282,3.756706518805335
T1,2026-01-05 20:40:00,5.6880334965333965,0.024776215506729267,5.035006182860688
T1,2026-01-05 20:50:00,6.102807960179886,0.03848160578560152,2.204541394970449
T1,2026-01-05 21:00:00,4.968838365632957,0.00971588736275669,1.9022602985723938
T1,2026-01-05 21:10:00,6.743600213874575,0.0702514030701837,1.9953982161333081
T1,2026-01-05 21:20:00,4.8519704214316794,0.007844934416902288,0.11281423997577056
T1,2026-01-05 21:30:00,5.4448704911734405,0.019527955676970587,2.3414910139146716
T1,2026-01-05 21:40:00,7.061530036591062,0.08277292708027242,3.9177377713649113
T1,2026-01-05 21:50:00,6.6681337287071685,0.06578981262136734,2.947431500617892
T1,2026-01-05 22:00:00,3.3931502846681996,7.797840082492286e-05,2.5755842281073047
T1,2026-01-05 22:10:00,4.12351789269982,0.0018717533317014897,1.7305997418307473
T1,2026-01-05 22:20:00,4.756740431976987,0.0068065254349997705,2.8326014210779156
T1,2026-01-05 22:30:00,4.391807419102775,0.003414824608568215,3.6713717234982295
T1,2026-01-05 22:40:00,4.728509675213712,0.006950253652325322,3.037460941033504
T1,2026-01-05 22:50:00,5.791195869437511,0.02763180103400162,2.157938709804764
T1,2026-01-05 23:00:00,5.501072554897949,0.01990587908022891,2.861027630137979
T1,2026-01-05 23:10:00,5.374083089596633,0.01722375257091915,2.5683085306231552
T1,2026-01-05 23:20:00,5.767703853675542,0.027307704435977298,3.8540432326843597
T1,2026-01-05 23:30:00,3.191742015575561,9.454500649208877e-06,3.4850078258637334
T1,2026-01-05 23:40:00,3.9650609019200997,0.0011786677641751116,1.774103092473546
T1,2026-01-05 23:50:00,6.078144981623028,0.03929885219474563,1.8949635162952285
T1,2026-01-06 00:00:00,3.3610911349205073,5.869610166842398e-05,3.103718308109575
T1,2026-01-06 00:10:00,2.9943864522939165,0.0,3.385508687895889
T1,2026-01-06 00:20:00,3.986981841214796,0.0012118194282669775,2.8762301792367575
T1,2026-01-06 00:30:00,3.14154171072964,3.670358070015774e-06,1.73580354968275
T1,2026-01-06 00:40:00,4.071093169252184,0.001583815287390275,3.2339167660590733
T1,2026-01-06 00:50:00,6.037180867196785,0.036948502782011707,2.149742041297267
T1,2026-01-06 01:00:00,4.734184216682916,0.006850289445015729,2.468242567293645
T1,2026-01-06 01:10:00,4.663940764938576,0.005864553667473504,0.5327945267480794
T1,2026-01-06 01:20:00,3.4686457656525382,0.00013101832646029974,2.21554491365838
T1,2026-01-06 01:30:00,3.080212034029307,6.430738169261998e-07,2.2120524864603848
T1,2026-01-06 01:40:00,6.198150905434169,0.044052953614683116,2.6230873926856653
T1,2026-01-06 01:50:00,2.4284811638632395,0.0,2.547695102057773
T1,2026-01-06 02:00:00,3.516507746174235,0.00018206289577611526,0.8068468390074268
T1,2026-01-06 02:10:00,6.890777027802339,0.079087349805445,2.456554879782444
T1,2026-01-06 02:20:00,4.935766391057155,0.00964263663372627,2.584753464141593
T1,2026-01-06 02:30:00,3.568986805454438,0.00023440216490395273,5.261675552554145
T1,2026-01-06 02:40:00,6.66239057742318,0.06132573590331343,2.838340502298844
T1,2026-01-06 02:50:00,4.722776484514678,0.006854657545592784,2.959315293211423
T1,2026-01-06 03:00:00,5.319871024219907,0.016391455553622723,4.383586078223281
T1,2026-01-06 03:10:00,6.671054273190177,0.06386000855209087,2.804207178512557
T1,2026-01-06 03:20:00,4.730217477267904,0.006790315099735495,2.2266014850745695
T1,2026-01-06 03:30:00,3.1603958433463304,5.570212500210215e-06,3.228598597832861
T1,2026-01-06 03:40:00,5.641581035422657,0.024128981427523264,1.5840472877729088
T1,2026-01-06 03:50:00,7.436068218034677,0.11778429413757072,2.82246542890829
T1,2026-01-06 04:00:00,6.26755715200185,0.04549830413673085,1.6130013455734846
T1,2026-01-06 04:10:00,6.399207323793392,0.053763092983285854,3.367260902838346
T1,2026-01-06 04:20:00,4.96363133471263,0.010271694453589416,1.832962882032304
T1,2026-01-06 04:30:00,6.420694994533897,0.05398481477676284,1.4811960356855256
T1,2026-01-06 04:40:00,8.219316521720167,0.18586465472800634,4.329143667123621
T1,2026-01-06 04:50:00,7.845490869633411,0.14997087487131855,3.9730017030480678
T1,2026-01-06 05:00:00,6.244514116687399,0.04309420043415451,1.8692896432571902
T1,2026-01-06 05:10:00,7.899704003242942,0.15818010020714868,1.6626308198953765
T1,2026-01-06 05:20:00,6.297102216947159,0.04891452127528597,4.1707490937311675
T1,2026-01-06 05:30:00,8.525235916466242,0.21079638610719859,4.839515135225484
T1,2026-01-06 05:40:00,5.2167540925713425,0.013957696139691418,2.127314030724116
T1,2026-01-06 05:50:00,7.100447009029571,0.09346993845696634,3.1044552129692713
T1,2026-01-06 06:00:00,4.254379067334899,0.0025574236241174084,2.1504083425130487
T1,2026-01-06 06:10:00,6.759012542996303,0.06685597465298333,3.7420325974553124
T1,2026-01-06 06:20:00,11.06647410451539,0.6810566944295342,2.4494433794431956
T1,2026-01-06 06:30:00,7.094403913557371,0.0916741102003534,0.7472619775522662
T1,2026-01-06 06:40:00,9.326913800345451,0.32755551016761425,3.9323881670536336
T1,2026-01-06 06:50:00,8.235332923259666,0.18234353958159413,4.041980439459431
T1,2026-01-06 07:00:00,9.568116636738118,0.3519191149331376,2.5238075251013776
T1,2026-01-06 07:10:00,7.192108432565436,0.09518452352880735,2.5921674420510494
T1,2026-01-06 07:20:00,7.311669818064208,0.10612649260195829,2.3962742537039166
T1,2026-01-06 07:30:00,7.883794492124371,0.14755121347234496,2.9375449643823424
T1,2026-01-06 07:40:00,8.193386331087622,0.18276067271052365,2.1770577728071787
T1,2026-01-06 07:50:00,8.232500077607279,0.17804149194281926,1.7839355238244683
T1,2026-01-06 08:00:00,8.901715068958204,0.2649662015747129,3.6266436982217907
T1,2026-01-06 08:10:00,7.387350348731441,0.10837925875897339,3.4831404400026447
T1,2026-01-06 08:20:00,9.227136446567263,0.302231421235888,1.5238653625626106
T1,2026-01-06 08:30:00,10.14996213400822,0.46847401019260126,4.501015800563483
T1,2026-01-06 08:40:00,7.609774686343288,0.12729919054777084,2.095068997798973
T1,2026-01-06 08:50:00,7.502241697713405,0.1144656769146179,3.204781601902748
T1,2026-01-06 09:00:00,9.792507312317694,0.4169758782316115,3.376636296804377
T1,2026-01-06 09:10:00,9.08623411590234,0.28604502650267033,3.864299703499551
T1,2026-01-06 09:20:00,10.023446414256572,0.44575921319190076,2.4956913665415312
T1,2026-01-06 09:30:00,7.75450243670507,0.14440095791524543,3.132401185463129
T1,2026-01-06 09:40:00,8.593551090282821,0.22851421308315328,3.3809819961741754
T1,2026-01-06 09:50:00,9.696798954188434,0.38874879797236095,0.6910432538494855
T1,2026-01-06 10:00:00,8.432119145335212,0.20819038644215884,2.5258168348309438
T1,2026-01-06 10:10:00,9.59854875542083,0.36695378907841875,1.56504692554337
T1,2026-01-06 10:20:00,9.384335923488482,0.3382746468423884,2.648221932298036
T1,2026-01-06 10:30:00,8.36909182513483,0.2059391556602161,3.0079212499319623
T1,2026-01-06 10:40:00,8.99392261944723,0.2889498678519999,3.792372518931141
T1,2026-01-06 10:50:00,8.270991800077239,0.2006158006395726,2.766090309818075
T1,2026-01-06 11:00:00,7.94695995101759,0.16533662977704464,2.5333761540181303
T1,2026-01-06 11:10:00,8.638279608403272,0.2300967633377126,2.454508179186039
T1,2026-01-06 11:20:00,11.348368831323281,0.765842641908635,4.702805456472347
T1,2026-01-06 11:30:00,9.415333876492308,0.3422909931078817,2.641362206322569
T1,2026-01-06 11:40:00,9.918609108600082,0.42920747365350614,1.4578812324415629
T1,2026-01-06 11:50:00,8.829797563372331,0.24468177417614886,2.9452089057278013
T1,2026-01-06 12:00:00,8.997875191575996,0.268447342077266,2.272067158993058
T1,2026-01-06 12:10:00,9.53256030517683,0.36672477230421835,1.3218680669815592
T1,2026-01-06 12:20:00,7.277721364210414,0.10570683721207783,2.1893660385660745
T1,2026-01-06 12:30:00,7.654406662298939,0.12880194553246654,3.248989565425556
T1,2026-01-06 12:40:00,8.13994657707745,0.1780323779713153,2.9679061084270812
T1,2026-01-06 12:50:00,10.987338251601445,0.6407090483895381,2.488638613000412
T1,2026-01-06 13:00:00,10.22543155401026,0.486632768368742,2.2718361110054164
T1,2026-01-06 13:10:00,7.826764412346447,0.14902986228337517,2.3351993001122495
T1,2026-01-06 13:20:00,8.490560267071123,0.2156568881295777,4.135690556351322
T1,2026-01-06 13:30:00,10.073657708553409,0.4576049315931016,3.8240305496898346
T1,2026-01-06 13:40:00,8.870210177158661,0.2773528371376924,2.545137733172563
T1,2026-01-06 13:50:00,11.359309041903916,0.7793758258605316,2.472012172518208
T1,2026-01-06 14:00:00,9.702607191256119,0.3848364703195211,2.5846178181532315
T1,2026-01-06 14:10:00,8.766196526884219,0.24592949804785852,2.7252815571225497
T1,2026-01-06 14:20:00,9.46467829281995,0.3554146186556353,4.092148061523826
T1,2026-01-06 14:30:00,10.14795771519019,0.49204754741457907,3.7266518406675035
T1,2026-01-06 14:40:00,9.36725054994112,0.3300387008183825,2.4246413991947913
T1,2026-01-06 14:50:00,8.331503269072696,0.20096889217688071,1.8657537753664588
T1,2026-01-06 15:00:00,10.076468732699684,0.4556241041113237,1.8069780959524067
T1,2026-01-06 15:10:00,10.012916253355769,0.472356024688479,3.0023839338135403
T1,2026-01-06 15:20:00,8.929024149446677,0.26421451688261466,2.6554269230179033
T1,2026-01-06 15:30:00,9.834453857735788,0.4259919331002235,1.609010470280289
T1,2026-01-06 15:40:00,9.76134333925288,0.3925383243921573,2.143887531903399
T1,2026-01-06 15:50:00,9.29037772682484,0.3261950803102941,3.875900190975077
T1,2026-01-06 16:00:00,6.707580386864066,0.0689797446802881,1.761333893307841
T1,2026-01-06 16:10:00,6.17811372971565,0.04141774516390376,2.860068753299823
T1,2026-01-06 16:20:00,8.292779254374217,0.19373685487721656,2.6071077204423134
T1,2026-01-06 16:30:00,8.878018215302504,0.27088075562574604,3.5007417116888866
T1,2026-01-06 16:40:00,7.844927932103139,0.14272039851516735,2.199099567594928
T1,2026-01-06 16:50:00,6.687761367805237,0.06394588725395782,2.6251641769941596
T1,2026-01-06 17:00:00,8.10954270924002,0.17672908997729989,0.9053185661669978
T1,2026-01-06 17:10:00,6.393486233973552,0.05102937551552748,4.256060957989439
T1,2026-01-06 17:20:00,6.538773172080313,0.059492304132867775,2.429406635382108
T1,2026-01-06 17:30:00,7.357313766894087,0.10368557435684399,2.9026525540543213
T1,2026-01-06 17:40:00,8.077156852435495,0.17507774276264876,3.24828302176812
T1,2026-01-06 17:50:00,7.971956797835133,0.16362860983286429,1.9241570087588342
T1,2026-01-06 18:00:00,6.699762452774063,0.0625450666494726,5.154230907935238
T1,2026-01-06 18:10:00,6.887034774493304,0.07588920714054849,4.040412325515194
T1,2026-01-06 18:20:00,8.621114236171888,0.2267587667115313,3.799469800455462
T1,2026-01-06 18:30:00,4.513337648174733,0.0045560391668890655,2.014755111925146
T1,2026-01-06 18:40:00,6.908466085253576,0.0737566359148464,2.563172719082047
T1,2026-01-06 18:50:00,7.2438006146625895,0.09831056565199488,3.436245630998538
T1,2026-01-06 19:00:00,7.57809788389917,0.1301853777796297,2.5607081845118724
T1,2026-01-06 19:10:00,6.402917027700498,0.04887990888029377,4.74231210912245
T1,2026-01-06 19:20:00,5.720548017205784,0.026022364434475552,4.204060900158812
T1,2026-01-06 19:30:00,7.848773770433679,0.1439066019524613,3.9322861176049138
T1,2026-01-06 19:40:00,5.661658631442539,0.025053243154415525,2.378857547183938
T1,2026-01-06 19:50:00,5.9373020136453665,0.03360413282196511,2.5732978348895426
T1,2026-01-06 20:00:00,7.9810339005563655,0.15947312181964482,4.813432795849558
T1,2026-01-06 20:10:00,6.136784432501056,0.042336790907367174,4.037038790253327
T1,2026-01-06 20:20:00,5.332263161725619,0.0172585305218545,0.9872739356215339
T1,2026-01-06 20:30:00,4.898645850393043,0.009318638302626579,2.24589657655756
T1,2026-01-06 20:40:00,6.437028441614246,0.05165122378365913,3.578580731346164
T1,2026-01-06 20:50:00,2.84168666418288,0.0,3.929973278668031
T1,2026-01-06 21:00:00,4.629565002064124,0.0054836862512748965,2.6065180886247896
T1,2026-01-06 21:10:00,5.201533629429854,0.013463605465259043,2.2149967875620966
T1,2026-01-06 21:20:00,5.373992368675046,0.017586699709858364,1.4212676364215082
T1,2026-01-06 21:30:00,2.5733996255600156,0.0,2.1639376229944123
T1,2026-01-06 21:40:00,4.438349222433754,0.0038148224923264594,2.1694853188279435
T1,2026-01-06 21:50:00,5.4215782655199245,0.01856198289433682,3.2545909431501268
T1,2026-01-06 22:00:00,3.5908861998569126,0.00027118398939924557,3.663738720470134
T1,2026-01-06 22:10:00,3.7753396609157113,0.0005998736083784721,2.0478038340382456
T1,2026-01-06 22:20:00,2.784948553679019,0.0,3.697230078008542
T1,2026-01-06 22:30:00,6.202370427487671,0.04306332763537444,3.0492424655742427
T1,2026-01-06 22:40:00,6.293899133594489,0.04572713877457433,3.2904930821336773
T1,2026-01-06 22:50:00,6.253360693636004,0.043003729988299155,3.087288307668116
T1,2026-01-06 23:00:00,3.759787184056629,0.0005547482104178227,3.0616535216751397
T1,2026-01-06 23:10:00,4.661781226320779,0.005824665938962312,2.108924821331433
T1,2026-01-06 23:20:00,5.23067948568734,0.014644802293250828,3.542400002573846
T1,2026-01-06 23:30:00,6.186087427791736,0.043483805050876234,3.6058157767939707
T1,2026-01-06 23:40:00,3.489862482370901,0.00015968792664858612,3.776081920281224
T1,2026-01-06 23:50:00,5.6884271492054,0.025138217772098157,3.3120043379527138
T1,2026-01-07 00:00:00,5.051511999817654,0.011150917839895568,3.949643894365081
T1,2026-01-07 00:10:00,5.693007989603706,0.02631292097068948,3.5284232748910025
T1,2026-01-07 00:20:00,5.591933540873393,0.02380778522563229,2.877322836328935
T1,2026-01-07 00:30:00,3.9895989749458263,0.0013079925869934003,1.8029038833601772
T1,2026-01-07 00:40:00,5.053376828018533,0.01121480385241146,3.8555101592967844
T1,2026-01-07 00:50:00,4.036837059254734,0.0014162860154057757,1.7800091325616967
T1,2026-01-07 01:00:00,2.9360963174904815,0.0,2.5020981015179515
T1,2026-01-07 01:10:00,4.9252050688199915,0.009159974095945081,2.8956197053583312
T1,2026-01-07 01:20:00,2.653534929031516,0.0,4.04469750385565
T1,2026-01-07 01:30:00,6.507458048243651,0.054573357927973326,3.928712161301995
T1,2026-01-07 01:40:00,5.665769843160921,0.024218995464050538,3.362729584001615
T1,2026-01-07 01:50:00,4.352799888789178,0.003206412376730961,3.2955373357602236
T1,2026-01-07 02:00:00,5.598324468482013,0.021886698911073307,3.8790850060797277
T1,2026-01-07 02:10:00,4.531481812870401,0.00488611643559093,3.3452104998837657
T1,2026-01-07 02:20:00,5.223514206662114,0.014258802082811873,3.0357062321223247
T1,2026-01-07 02:30:00,3.834244460919587,0.0007926700998661383,4.3173427544478855
T1,2026-01-07 02:40:00,6.357979989168104,0.050587659925019145,2.30793399537357
T1,2026-01-07 02:50:00,3.7857219121246466,0.0006544968811777338,3.8842595657640735
T1,2026-01-07 03:00:00,4.281783976419122,0.002879194008976192,1.5261297425481677
T1,2026-01-07 03:10:00,8.641741219165304,0.24268950685846524,4.130897685751462
T1,2026-01-07 03:20:00,6.331306837353035,0.046098956314326096,2.35495940562243
T1,2026-01-07 03:30:00,4.582431016855567,0.0054051965102854165,3.723123839148013
T1,2026-01-07 03:40:00,6.560858189980725,0.05605446128453278,4.454002389176895
T1,2026-01-07 03:50:00,4.159168955607736,0.0019387953461791501,3.0268971495297485
T1,2026-01-07 04:00:00,5.654391858183152,0.024218574763059404,3.655053347960186
T1,2026-01-07 04:10:00,4.829135123055432,0.007621553141110826,4.219708669508312
T1,2026-01-07 04:20:00,5.181619937831243,0.01345434919420939,2.7968508089455764
T1,2026-01-07 04:30:00,6.078980986738016,0.03845419649506329,3.7093098318900157
T1,2026-01-07 04:40:00,6.87861750320797,0.07753352753718055,2.4962268433939707
T1,2026-01-07 04:50:00,7.538353538692862,0.11938014617243004,1.9794960181811918
T1,2026-01-07 05:00:00,6.1487185484790645,0.03922105329910085,2.3135226641189655
T1,2026-01-07 05:10:00,4.4326618195596215,0.003757232064429163,3.4109349962251416
T1,2026-01-07 05:20:00,6.950989092292523,0.07964664884404284,1.3031107961445656
T1,2026-01-07 05:30:00,6.884074253252192,0.07676133059473933,3.30852197516786
T1,2026-01-07 05:40:00,8.421062966491107,0.20806643872826686,1.341435206880632
T1,2026-01-07 05:50:00,7.3813284437462245,0.11357068227144622,3.0004240906547675
T1,2026-01-07 06:00:00,9.401745108192015,0.33498145424506687,2.094070211764584
T1,2026-01-07 06:10:00,8.48039249622353,0.21953240961675524,3.533054467391373
T1,2026-01-07 06:20:00,7.040843158643756,0.08976149032820886,2.2067627456923393
T1,2026-01-07 06:30:00,7.985018282890308,0.15517935817734246,3.9175324070116355
T1,2026-01-07 06:40:00,7.526489211785408,0.12289239261767351,2.624587323863921
T1,2026-01-07 06:50:00,9.941729056967828,0.42161177109615455,3.7902437046786113
T1,2026-01-07 07:00:00,6.512396506883111,0.058808919497882056,2.6861836900601594
T1,2026-01-07 07:10:00,7.603006302267926,0.12177952721733426,1.5684921259216358
T1,2026-01-07 07:20:00,8.716938621266388,0.24026602799010002,1.3615134239524493
T1,2026-01-07 07:30:00,6.720123376076093,0.07019513790155074,2.6820102729185344
T1,2026-01-07 07:40:00,9.276098058166017,0.3361592490900731,2.3466963608287728
T1,2026-01-07 07:50:00,6.2811693522076455,0.04443873505896417,4.09325605509067
T1,2026-01-07 08:00:00,9.733855470168137,0.3770278472171354,3.9017142716856608
T1,2026-01-07 08:10:00,8.857544461774976,0.27004065285551604,2.840764410807498
T1,2026-01-07 08:20:00,8.282740340868903,0.18555749737475746,3.15379361360007
T1,2026-01-07 08:30:00,8.559236580865933,0.21753781534243455,1.8199571861204924
T1,2026-01-07 08:40:00,7.224334011527574,0.09701121505828657,3.387768090081773
T1,2026-01-07 08:50:00,9.834261112688043,0.41567129020109295,4.437370211889293
T1,2026-01-07 09:00:00,9.787571690745603,0.38998582476207094,3.0774977298540547
T1,2026-01-07 09:10:00,7.521435293113643,0.11915850275606474,3.4758923540245026
T1,2026-01-07 09:20:00,9.429569596577622,0.33065281659567486,3.6490157965130092
T1,2026-01-07 09:30:00,8.94080271694094,0.26279555397312815,1.6196456711657068
T1,2026-01-07 09:40:00,9.098312935712011,0.2995368845863397,2.3548820917545465
T1,2026-01-07 09:50:00,7.66034066599045,0.12592331254279854,3.261804856958727
T1,2026-01-07 10:00:00,11.384850980972878,0.784341300930263,3.1237283787009864
T1,2026-01-07 10:10:00,10.572039664652122,0.5389506467135025,3.002503635039893
T1,2026-01-07 10:20:00,8.693370282845505,0.25168164498002615,3.9978333473785064
T1,2026-01-07 10:30:00,9.461409746148018,0.336101226840054,3.917971630036605
T1,2026-01-07 10:40:00,11.722857185843106,0.8930510157013852,1.7297349234454578
T1,2026-01-07 10:50:00,9.48263268528568,0.35558960053123506,3.4060132131285936
T1,2026-01-07 11:00:00,9.362513832400628,0.3254081970454447,3.8523050112438475
T1,2026-01-07 11:10:00,10.108607247445459,0.4534173582981089,3.6205218816736906
T1,2026-01-07 11:20:00,10.409432092681454,0.5100068928553773,0.6513670472406026
T1,2026-01-07 11:30:00,9.457084293211512,0.3644980190812818,0.8441762462969278
T1,2026-01-07 11:40:00,9.677535107029199,0.4001189874804833,3.405471093396881
T1,2026-01-07 11:50:00,10.817931534593892,0.6466359559558668,0.8231284391328937
T1,2026-01-07 12:00:00,8.987146036332705,0.2871267804902451,3.4869063541336818
T1,2026-01-07 12:10:00,8.815217092619203,0.26309423448118974,2.3002301152422726
T1,2026-01-07 12:20:00,9.55888226341692,0.3530614602632462,3.681853198200724
T1,2026-01-07 12:30:00,7.083339817769543,0.08668252962032622,3.425166698640378
T1,2026-01-07 12:40:00,8.169919536966646,0.1780814431261559,5.894450258114071
T1,2026-01-07 12:50:00,9.89718746355856,0.4118578744239498,3.0139979217450525
T1,2026-01-07 13:00:00,8.381513594070606,0.20998532005155468,2.3494808332691424
T1,2026-01-07 13:10:00,9.699906690641136,0.40176773719052444,2.066264843656583
T1,2026-01-07 13:20:00,8.939185994796071,0.272393719699947,3.9040778916108803
T1,2026-01-07 13:30:00,9.235767634089045,0.30435217073663823,0.984583188971305
T1,2026-01-07 13:40:00,7.345840961335431,0.10452284272511184,4.150361790970697
T1,2026-01-07 13:50:00,7.238124843315068,0.0966368956110858,2.6238992172642708
T1,2026-01-07 14:00:00,7.111187227245885,0.0927312483862592,2.9257054931723463
T1,2026-01-07 14:10:00,10.506424814848188,0.5465399983561142,3.620170043173603
T1,2026-01-07 14:20:00,8.52735142571381,0.2135383752612263,0.4093153495174442
T1,2026-01-07 14:30:00,9.149320400140086,0.3011232894873195,2.485766240049763
T1,2026-01-07 14:40:00,9.769645960588232,0.3943301633054532,2.9040358329627036
T1,2026-01-07 14:50:00,9.825303135313193,0.4245220541934206,3.1961881701272823
T1,2026-01-07 15:00:00,7.971204981385941,0.1535442868899423,3.5661542883536104
T1,2026-01-07 15:10:00,6.647577426102279,0.06547378855014466,3.878002736076538
T1,2026-01-07 15:20:00,7.660062192481624,0.12619217567483884,1.8618114816715334
T1,2026-01-07 15:30:00,8.170711702019673,0.1809323745880569,2.4199122620410205
T1,2026-01-07 15:40:00,7.815562483551083,0.14005176446506665,2.349045482568551
T1,2026-01-07 15:50:00,8.08416000787736,0.1799858221166479,4.091793317272538
T1,2026-01-07 16:00:00,5.7970065402678435,0.028242475152098604,2.3178033773994544
T1,2026-01-07 16:10:00,7.226473367394124,0.10073079882191224,3.5807403850127324
T1,2026-01-07 16:20:00,6.5035631778300855,0.05651732742148145,2.2460035734361754
T1,2026-01-07 16:30:00,9.118494456148929,0.2870934881348746,3.4964842855689815
T1,2026-01-07 16:40:00,6.530546652523932,0.05769327600734795,4.346359496732537
T1,2026-01-07 16:50:00,5.386134453634666,0.01745361743872446,1.686506992235079
T1,2026-01-07 17:00:00,7.975733384146606,0.15400616304318865,4.53979805069926
T1,2026-01-07 17:10:00,9.024688187625763,0.29343192532145973,1.2137047614736107
T1,2026-01-07 17:20:00,8.401154480225065,0.1969975768757527,3.2009974992674417
T1,2026-01-07 17:30:00,8.193905729223186,0.17773215200939724,3.0423768247144194
T1,2026-01-07 17:40:00,7.848714156823454,0.14258823420008881,5.177032939339389
T1,2026-01-07 17:50:00,7.0945745691989,0.08908130224118757,2.568777681795479
T1,2026-01-07 18:00:00,6.763404485076338,0.06961309776204756,4.650793875187839
T1,2026-01-07 18:10:00,5.527751031138622,0.020202722445260984,3.472071379109421
T1,2026-01-07 18:20:00,7.07836221842166,0.0903855690995008,4.662667827706479
T1,2026-01-07 18:30:00,7.9592665484133445,0.15937488983237955,2.699833042618265
T1,2026-01-07 18:40:00,7.653942116145593,0.12747650168839106,1.3324097672450892
T1,2026-01-07 18:50:00,4.892030725667424,0.008365913212194424,3.7044173430446925
T1,2026-01-07 19:00:00,7.630796805092531,0.1287315687787354,2.072658683728445
T1,2026-01-07 19:10:00,5.946310663084235,0.03422925824692727,3.9084018853035607
T1,2026-01-07 19:20:00,6.628237903470352,0.0621992909773555,2.2835730688256826
T1,2026-01-07 19:30:00,6.883470515476156,0.07583661377621154,0.9812649236821531
T1,2026-01-07 19:40:00,4.771442260816818,0.0075163794336866796,3.4649765863606836
T1,2026-01-07 19:50:00,5.508783838906328,0.021161501712826037,1.1323325537291882
T1,2026-01-07 20:00:00,6.425634040281068,0.05194097632464636,3.2253260546362403
T1,2026-01-07 20:10:00,4.368710238747764,0.0033011062031422242,3.6199720156680883
T1,2026-01-07 20:20:00,4.840913597288485,0.008310654153298305,3.2566102708034252
T1,2026-01-07 20:30:00,5.773199053107116,0.02671393968390775,3.2295997845749027
T1,2026-01-07 20:40:00,2.968167022350157,0.0,0.9159651158541622
T1,2026-01-07 20:50:00,3.274206774958617,2.7392191666618606e-05,2.925171080162255
T1,2026-01-07 21:00:00,4.456071719889563,0.00416288067037782,3.911386473935826
T1,2026-01-07 21:10:00,3.3402147462632663,4.944098141370788e-05,2.886297474013384
T1,2026-01-07 21:20:00,4.0873653693961,0.0017284677295514477,2.705611881448724
T1,2026-01-07 21:30:00,6.43267375817439,0.05523944400211182,5.023627918276826
T1,2026-01-07 21:40:00,5.304145200963057,0.01667385101359341,2.555016170310391
T1,2026-01-07 21:50:00,5.858877716848678,0.030098035932908787,1.681543374311219
T1,2026-01-07 22:00:00,3.4631689259464813,0.00012799542206414716,3.7896772357398234
T1,2026-01-07 22:10:00,5.631045390650083,0.024358225304671122,3.7138186277351477
T1,2026-01-07 22:20:00,4.468842366031856,0.003970565505874407,3.1744444072387585
T1,2026-01-07 22:30:00,6.071672572771256,0.039072334076114684,4.085727516888118
T1,2026-01-07 22:40:00,3.8977130686551256,0.0009906074761550298,2.5655124136746656
T1,2026-01-07 22:50:00,4.910723233309713,0.008893505548287425,2.2334671604076735
T1,2026-01-07 23:00:00,5.073645001432129,0.012043551393536748,3.38249197741747
T1,2026-01-07 23:10:00,6.6855848386309535,0.06430661337434546,4.456369349149474
T1,2026-01-07 23:20:00,5.0859463560583436,0.011925580702820942,4.186089593636126
T1,2026-01-07 23:30:00,3.425134003152966,0.0001053073183333513,3.017944275791423
T1,2026-01-07 23:40:00,4.735311805902192,0.006611088133601903,3.7121957129048435
T1,2026-01-07 23:50:00,6.731994043596874,0.07057370410378395,2.6598752638915606
T1,2026-01-08 00:00:00,3.5815970768624386,0.00025355442603014033,5.670875853402056
T1,2026-01-08 00:10:00,2.6159534473197876,0.0,4.038526366213429
T1,2026-01-08 00:20:00,3.7164515834187144,0.00048744957252611667,0.669622896702613
T1,2026-01-08 00:30:00,5.495794346621787,0.02065239495007512,4.019195277336291
T1,2026-01-08 00:40:00,2.4525243757041735,0.0,4.29495218164197
T1,2026-01-08 00:50:00,3.2212273667411444,1.3438334780075177e-05,3.632906151955377
T1,2026-01-08 01:00:00,7.266005975842651,0.09649837858357886,4.292049660171748
T1,2026-01-08 01:10:00,4.191625302072382,0.002247968410225686,4.411716931829932
T1,2026-01-08 01:20:00,4.301168631273653,0.002798745898636751,-0.5001252262890699
T1,2026-01-08 01:30:00,4.887555276687792,0.008459343649171782,2.634019970343641
T1,2026-01-08 01:40:00,4.8765451338378485,0.008658298775661826,3.078367525553019
T1,2026-01-08 01:50:00,3.900011151581032,0.0009750610225314449,2.6749459263408033
T1,2026-01-08 02:00:00,4.4116201532714765,0.0034952003622675757,2.8357933273711784
T1,2026-01-08 02:10:00,2.816407360997922,0.0,2.0071562990215908
T1,2026-01-08 02:20:00,5.462312731803108,0.01980310733776168,2.6138089979477606
T1,2026-01-08 02:30:00,5.151027341413906,0.012815724631957768,3.556262785506362
T1,2026-01-08 02:40:00,7.549107462305379,0.1241698459752222,5.029796157552245
T1,2026-01-08 02:50:00,4.228263894719865,0.0025111378880244848,4.594189894583459
T1,2026-01-08 03:00:00,4.541732913714349,0.004610533676618902,3.3348881059925435
T1,2026-01-08 03:10:00,4.397821817226811,0.00360435504775591,2.646685397942816
T1,2026-01-08 03:20:00,4.926715546249684,0.009065011242288366,2.991826147787677
T1,2026-01-08 03:30:00,6.159842142295318,0.04086544290141386,3.0592072268173838
T1,2026-01-08 03:40:00,6.721919005141412,0.06707679141226539,3.8530468219651692
T1,2026-01-08 03:50:00,5.097815481523862,0.011595599095057807,3.9904464521975367
T1,2026-01-08 04:00:00,5.517102017804846,0.021351310329594742,4.327456642299062
T1,2026-01-08 04:10:00,4.937926582502364,0.00993170016470724,4.531932921852867
T1,2026-01-08 04:20:00,6.99853082437404,0.08751960663927033,1.777658215342751
T1,2026-01-08 04:30:00,4.688034512028416,0.006118364932360429,3.318082760692712
T1,2026-01-08 04:40:00,5.109128853284109,0.011635334268974675,4.299468848465289
T1,2026-01-08 04:50:00,6.039662190800371,0.03757376830667224,3.1996765806008884
T1,2026-01-08 05:00:00,6.362484003240872,0.04862954199559783,4.460233148039748
T1,2026-01-08 05:10:00,4.7841448642275735,0.007746913107923735,4.41291596322109
T1,2026-01-08 05:20:00,5.7830529681775875,0.029514142619503404,3.9495909154434856
T1,2026-01-08 05:30:00,6.248722581111131,0.045982389661459865,2.319142107555096
T1,2026-01-08 05:40:00,7.330533053882117,0.10966279966885344,4.079185338541699
T1,2026-01-08 05:50:00,5.944938081336417,0.0336077827713703,2.7299251126810224
T1,2026-01-08 06:00:00,6.112291522277334,0.03732560199660898,4.098177430649241
T1,2026-01-08 06:10:00,9.256175646764003,0.30801778351025716,2.775097320960769
T1,2026-01-08 06:20:00,8.262747177636069,0.1973649908398477,4.924611104766458
T1,2026-01-08 06:30:00,9.704281611135185,0.4073335484466151,4.140103962249311
T1,2026-01-08 06:40:00,9.394651833446163,0.34611952170357146,3.017238641129261
T1,2026-01-08 06:50:00,8.228145643574353,0.17913430388000168,5.0778644496855465
T1,2026-01-08 07:00:00,8.719833660258754,0.2452105609566655,3.772191458127431
T1,2026-01-08 07:10:00,5.535467258995603,0.021506687895074462,3.0749421634736214
T1,2026-01-08 07:20:00,6.276843117161913,0.04722781925332212,2.6910090174973673
T1,2026-01-08 07:30:00,7.467252890905919,0.11740996839285621,3.856595533649708
T1,2026-01-08 07:40:00,8.992912501989775,0.2755825805897584,3.137810218532365
T1,2026-01-08 07:50:00,8.199851270980231,0.18453489913895085,2.67321799027816
T1,2026-01-08 08:00:00,7.391990359961927,0.108208020425277,2.0009015379551487
T1,2026-01-08 08:10:00,6.7685111335992625,0.07317093732277555,2.1328402779272033
T1,2026-01-08 08:20:00,9.917566943050382,0.4509429951915916,5.150335312830148
T1,2026-01-08 08:30:00,7.082625676320477,0.08707413662512682,3.373205106530249
T1,2026-01-08 08:40:00,8.682006579834482,0.24959580370390677,2.4869841767692935
T1,2026-01-08 08:50:00,8.663005323591177,0.24220657199470727,2.928775065733114
T1,2026-01-08 09:00:00,8.272444471053404,0.18908725560214124,0.30945407822791626
T1,2026-01-08 09:10:00,8.894825540861268,0.2725616627002024,3.106870126223737
T1,2026-01-08 09:20:00,9.06733095528785,0.2883365715173329,2.722135057255635
T1,2026-01-08 09:30:00,10.757091268720353,0.5915771981572663,4.226775073465678
T1,2026-01-08 09:40:00,7.823297870342715,0.1461355479087984,3.4535305671583
T1,2026-01-08 09:50:00,8.639601136712367,0.22844267606249347,3.849873211460505
T1,2026-01-08 10:00:00,7.819312981535933,0.14379575934748615,3.8341387410498875
T1,2026-01-08 10:10:00,10.718618184881022,0.5707628852746821,3.37183949404191
T1,2026-01-08 10:20:00,10.058102323934166,0.46634345139551064,3.1846705333387626
T1,2026-01-08 10:30:00,9.531091179144665,0.3610366475971239,2.946433146656323
T1,2026-01-08 10:40:00,9.421031781820178,0.36034917981787845,2.6625969610919773
T1,2026-01-08 10:50:00,9.04858399927798,0.2897955048021699,5.038128520349666
T1,2026-01-08 11:00:00,9.812739871533516,0.40820869854360015,2.881226078159106
T1,2026-01-08 11:10:00,10.43531158249548,0.5256500388490254,2.745322225269338
T1,2026-01-08 11:20:00,10.285303199736525,0.510104047558342,3.430032807484415
T1,2026-01-08 11:30:00,9.448359159245504,0.3472217759407408,2.979583718926987
T1,2026-01-08 11:40:00,10.502626483207333,0.5433996766942665,2.1967329186835083
T1,2026-01-08 11:50:00,9.389612929220423,0.3264694007162293,2.7347083581250557
T1,2026-01-08 12:00:00,6.680836201817943,0.06767545821948673,2.4838285806972458
T1,2026-01-08 12:10:00,10.805757889983338,0.6184051788405299,0.9881827628520803
T1,2026-01-08 12:20:00,8.931161906656886,0.27936695392140565,4.9104816798580035
T1,2026-01-08 12:30:00,8.763536620833081,0.26092209987254267,4.235960702899117
T1,2026-01-08 12:40:00,10.061903895354831,0.45628036081172113,2.9669715103679293
T1,2026-01-08 12:50:00,9.356405571212813,0.33886345880803403,3.3542962740217117
T1,2026-01-08 13:00:00,8.974305235298255,0.28490870213168484,1.536927588084082
T1,2026-01-08 13:10:00,9.211006748401411,0.29865691169681297,2.670521402195695
T1,2026-01-08 13:20:00,10.109244685121185,0.4542364900237022,3.777765708626968
T1,2026-01-08 13:30:00,9.351022803087844,0.3308837359143232,1.9694186250409829
T1,2026-01-08 13:40:00,9.081168898395575,0.3074922615363348,2.40909714347537
T1,2026-01-08 13:50:00,7.821997279330311,0.1498566816897999,4.423700861012977
T1,2026-01-08 14:00:00,10.311870222118943,0.5072011698107108,2.13132758968102
T1,2026-01-08 14:10:00,7.684903147957844,0.12844748741259726,2.810331132990342
T1,2026-01-08 14:20:00,8.13213151069908,0.17475546035469602,2.162982951265038
T1,2026-01-08 14:30:00,9.472326107358295,0.3454990572599158,2.8658489383412467
T1,2026-01-08 14:40:00,8.396642771795513,0.19520732932332296,2.3634045911491555
T1,2026-01-08 14:50:00,9.260533352174841,0.30844617138063735,3.2555184017696583
T1,2026-01-08 15:00:00,7.3406807845176205,0.10213326807168735,3.510970418536656
T1,2026-01-08 15:10:00,8.472675489574609,0.2217578682199966,4.3789258168386525
T1,2026-01-08 15:20:00,9.413106801937552,0.34832859746805617,3.633377153966498
T1,2026-01-08 15:30:00,9.94555716624221,0.4143491388352942,1.694316587552176
T1,2026-01-08 15:40:00,8.028907532439904,0.16998199754264834,4.167491266820822
T1,2026-01-08 15:50:00,8.576952994795631,0.2289011390580556,3.051755225480926
T1,2026-01-08 16:00:00,8.737335928582423,0.2561932723909412,5.013120781014247
T1,2026-01-08 16:10:00,10.670517436153979,0.6129641155065559,3.0917503287119774
T1,2026-01-08 16:20:00,6.855218683697615,0.07254442931606048,2.609273640249119
T1,2026-01-08 16:30:00,9.846462965955343,0.40254828706025003,4.023816998843548
T1,2026-01-08 16:40:00,6.769555253765447,0.07101029775034272,2.5751898759999916
T1,2026-01-08 16:50:00,8.098285224600357,0.1740496510955278,4.696171455755669
T1,2026-01-08 17:00:00,8.9408319789901,0.27702592549145105,4.15339118601097
T1,2026-01-08 17:10:00,6.007009569764061,0.03547140556539682,4.616878379399192
T1,2026-01-08 17:20:00,8.090105209431512,0.16545554577175245,3.1561443968007836
T1,2026-01-08 17:30:00,5.356218096533222,0.016560917569348056,2.9369803865319892
T1,2026-01-08 17:40:00,7.959085379537418,0.1591878211185406,3.0518091110498995
T1,2026-01-08 17:50:00,7.2929938583736105,0.10675694314828978,3.1773871773263913
T1,2026-01-08 18:00:00,9.194568912984003,0.3234176566462922,2.2354513960774836
T1,2026-01-08 18:10:00,7.266857526967591,0.10545400953332341,3.68373662236994
T1,2026-01-08 18:20:00,7.414437968250579,0.1148134192005535,2.573899143957777
T1,2026-01-08 18:30:00,6.395113555927404,0.05059311056038168,4.182522338960236
T1,2026-01-08 18:40:00,7.942735759915771,0.161302310532417,2.6908044228726586
T1,2026-01-08 18:50:00,5.749644227727316,0.027167333291270714,2.1987781911541964
T1,2026-01-08 19:00:00,5.201803330085404,0.014312972640486137,3.370716039434659
T1,2026-01-08 19:10:00,6.202735273287661,0.0409427148978991,3.244803551012991
T1,2026-01-08 19:20:00,6.862637746622429,0.07575342694555759,5.2673895708176115
T1,2026-01-08 19:30:00,6.726216032074661,0.06464445809362603,5.2167732309586405
T1,2026-01-08 19:40:00,5.854954390326807,0.029729806622290737,4.903227455754052
T1,2026-01-08 19:50:00,5.361363551287027,0.016413148757891734,3.1884414694042276
T1,2026-01-08 20:00:00,3.9546038583687038,0.0011773881571576438,4.3941630496911355
T1,2026-01-08 20:10:00,3.9570044388914942,0.0011602374971530069,3.008532786213826
T1,2026-01-08 20:20:00,5.437650640093296,0.01801966861764116,2.586438481364909
T1,2026-01-08 20:30:00,6.254972152176719,0.0438952160544903,3.2305194742584455
T1,2026-01-08 20:40:00,7.206539235361246,0.09691840861740493,1.7434028948446827
T1,2026-01-08 20:50:00,6.602446563789375,0.05846699597161808,3.419082938262717
T1,2026-01-08 21:00:00,6.139878720824518,0.038599902522986826,4.245684411951672
T1,2026-01-08 21:10:00,4.795025276580084,0.007201886923269229,3.8429930728271833
T1,2026-01-08 21:20:00,3.5333843092018906,0.00019621747410886287,2.7227030577440696
T1,2026-01-08 21:30:00,4.7656019256466,0.00703534526219717,3.0222800961779575
T1,2026-01-08 21:40:00,4.2439256925056075,0.002486310472753321,3.0531715335238543
T1,2026-01-08 21:50:00,4.287543664059153,0.002799042829686847,1.650733743515347
T1,2026-01-08 22:00:00,5.636545168896375,0.025022994049996226,2.4868161165011546
T1,2026-01-08 22:10:00,4.23134895048689,0.0025552123911101996,4.6535399195347305
T1,2026-01-08 22:20:00,4.296494581953276,0.0028980887019256444,2.4593241585150896
T1,2026-01-08 22:30:00,4.864557744937778,0.00803577486521892,1.9868756745766512
T1,2026-01-08 22:40:00,5.04908310274332,0.011019762864234816,3.120068543860043
T1,2026-01-08 22:50:00,4.9010013400876185,0.008786327804268412,2.581094167171247
T1,2026-01-08 23:00:00,5.994816874376868,0.03498626915497545,2.8690069844282493
T1,2026-01-08 23:10:00,2.8672243225521035,0.0,2.0645183751711436
T1,2026-01-08 23:20:00,6.585399185214601,0.06072591551746531,0.37939565016536925
T1,2026-01-08 23:30:00,4.108600622881945,0.0017131436811141964,3.76214967477878
T1,2026-01-08 23:40:00,3.3197215254758925,4.248448097065915e-05,2.909413334945249
T1,2026-01-08 23:50:00,5.878613267107257,0.03260720044698667,2.266097186166057
T1,2026-01-09 00:00:00,2.0021036182277765,0.0,3.0793062395628255
T1,2026-01-09 00:10:00,4.79325220235741,0.007263643671792105,2.625523133403329
T1,2026-01-09 00:20:00,1.9787497607639621,0.0,3.172226219527462
T1,2026-01-09 00:30:00,5.8432069313846915,0.03076639066718992,4.1518241899022446
T1,2026-01-09 00:40:00,3.7798988268419915,0.0006111943118730689,3.0957274075734063
T1,2026-01-09 00:50:00,8.254455094381289,0.18491071213472132,0.4942751702280157
T1,2026-01-09 01:00:00,3.2122627756654722,1.3106578557912761e-05,2.468250403176215
T1,2026-01-09 01:10:00,6.587789460849088,0.06216301575373596,3.5423809716500982
T1,2026-01-09 01:20:00,4.402734176772756,0.0037193353554423403,3.0669777034650796
T1,2026-01-09 01:30:00,4.548241405443221,0.004974917884639743,3.8701280247182535
T1,2026-01-09 01:40:00,4.004533783741435,0.0012529949954288265,3.318245784116457
T1,2026-01-09 01:50:00,3.9714540189970444,0.0012132611179044104,2.5758561503794573
T1,2026-01-09 02:00:00,4.386091721119437,0.0034684373892803844,0.787406473723014
T1,2026-01-09 02:10:00,6.612667768851265,0.060875410588059176,3.2554022917245287
T1,2026-01-09 02:20:00,5.843045398824355,0.028764160897892455,4.194324431180846
T1,2026-01-09 02:30:00,5.80771823049465,0.029339674587726176,1.7609771765115405
T1,2026-01-09 02:40:00,3.8301565348685025,0.0007776855509474813,3.6799672155676224
T1,2026-01-09 02:50:00,5.307429341275866,0.015367058539489834,2.4083371232493107
T1,2026-01-09 03:00:00,6.088530328782105,0.0376767854772484,2.9088228644816434
T1,2026-01-09 03:10:00,3.9301901377533413,0.0010979147952635204,3.818544916140494
T1,2026-01-09 03:20:00,6.3423606220530555,0.04780573466809268,1.9574148849083894
T1,2026-01-09 03:30:00,7.018022762132597,0.08502892335139407,3.189982784271265
T1,2026-01-09 03:40:00,5.924654462789301,0.03426470368633096,2.0144540138657803
T1,2026-01-09 03:50:00,5.7743630429174395,0.02652166578930769,1.9604739910596978
T1,2026-01-09 04:00:00,6.3886648599654405,0.04910869602516594,2.0786032956707077
T1,2026-01-09 04:10:00,4.9459087920007665,0.01005088284207455,2.962827309252605
T1,2026-01-09 04:20:00,7.223919683375742,0.0991923044807714,3.77054750895154
T1,2026-01-09 04:30:00,8.334063983142784,0.20350660357707775,3.0016903879132317
T1,2026-01-09 04:40:00,6.0096831992092135,0.03497845325303091,0.7015100612403291
T1,2026-01-09 04:50:00,6.5669199272355145,0.057754673171695345,3.632026076343849
T1,2026-01-09 05:00:00,5.8629420322778865,0.030676925341779016,4.121256170918567
T1,2026-01-09 05:10:00,5.956402517436844,0.0334346683784843,3.9552409284506846
T1,2026-01-09 05:20:00,5.948680880217128,0.033664736024220675,4.184883936301443
T1,2026-01-09 05:30:00,5.6858762096620445,0.02633674939974759,3.6812663545380775
T1,2026-01-09 05:40:00,8.036296423344456,0.16311435550704,3.6306452845366795
T1,2026-01-09 05:50:00,6.531653973269683,0.05692820021892182,3.381605393619273
T1,2026-01-09 06:00:00,6.836763107670593,0.07632605590127588,3.898735224627849
T1,2026-01-09 06:10:00,7.245026796817744,0.09688887745560443,2.436683731841971
T1,2026-01-09 06:20:00,6.025628437637021,0.035603319012580875,2.53389212265132
T1,2026-01-09 06:30:00,8.53562497175735,0.21610581417403602,1.8723663358392857
T1,2026-01-09 06:40:00,8.47885963741097,0.21065974244344052,2.5446625259411073
T1,2026-01-09 06:50:00,9.20062570562472,0.3029914936788619,4.074156629175825
T1,2026-01-09 07:00:00,5.92604256803457,0.0313128820078697,3.9946865228947535
T1,2026-01-09 07:10:00,8.030608013618027,0.1733289291649813,2.8073917384024907
T1,2026-01-09 07:20:00,9.46687572705371,0.3443800650320379,5.705556294520523
T1,2026-01-09 07:30:00,5.951479488401995,0.03287681025124451,3.913309360928992
T1,2026-01-09 07:40:00,7.421616136889649,0.10677022274332575,3.314465323775762
T1,2026-01-09 07:50:00,6.724348684650361,0.07045850035049203,3.1473897966906934
T1,2026-01-09 08:00:00,8.333769438704236,0.20591237820777647,4.407382339015995
T1,2026-01-09 08:10:00,8.780300866466908,0.26425145027705194,2.0385528590247137
T1,2026-01-09 08:20:00,8.671501058031538,0.24693270167078213,4.1526126158028545
T1,2026-01-09 08:30:00,8.015852977864752,0.17155095732202283,3.034714728468166
T1,2026-01-09 08:40:00,9.179221680218205,0.3064183507811937,2.8355986583239092
T1,2026-01-09 08:50:00,7.56492082560935,0.11905970087497854,1.3793431480730383
T1,2026-01-09 09:00:00,10.131831077665913,0.4944245096714371,3.0343435547028577
T1,2026-01-09 09:10:00,8.790329086583128,0.24033809962459166,3.783288113984783
T1,2026-01-09 09:20:00,6.57971733782875,0.061366019220190964,2.9902954373322626
T1,2026-01-09 09:30:00,8.792860752758058,0.24352287275048387,3.558580803818206
T1,2026-01-09 09:40:00,9.545416919926696,0.3518907593605785,3.3760443856884073
T1,2026-01-09 09:50:00,6.031380196257791,0.034945357716233125,3.5136714384534877
T1,2026-01-09 10:00:00,12.199078810888084,0.9527713146854305,2.5644718361765397
T1,2026-01-09 10:10:00,8.450537181798435,0.20921315985930258,3.4054279328595474
T1,2026-01-09 10:20:00,6.989155207375443,0.08616235652475585,3.435881360834821
T1,2026-01-09 10:30:00,10.651641143292144,0.5686630070222967,2.1111941942453187
T1,2026-01-09 10:40:00,11.28549040483225,0.7756216520778133,4.23318102560237
T1,2026-01-09 10:50:00,10.679603100695461,0.5693074866203074,4.196161140603931
T1,2026-01-09 11:00:00,9.764553016973961,0.418593641819988,2.103041655974722
T1,2026-01-09 11:10:00,9.239360582596253,0.3181723843274056,2.6048059362515934
T1,2026-01-09 11:20:00,11.69076761330523,0.8263964421791605,3.9539625258931075
T1,2026-01-09 11:30:00,10.408859050340254,0.5205627143597568,1.0814432168683403
T1,2026-01-09 11:40:00,7.368931408459473,0.10551725995482392,2.4919270706224994
T1,2026-01-09 11:50:00,10.837837890019664,0.6274485447563086,3.2855100410974782
T1,2026-01-09 12:00:00,10.979885603094035,0.6874792442368634,3.6763491160792876
T1,2026-01-09 12:10:00,7.361675455297814,0.10407720814843748,2.4372061047586513
T1,2026-01-09 12:20:00,7.524764759613473,0.115319959985431,2.9687778886551284
T1,2026-01-09 12:30:00,11.039173682131315,0.6991127256891092,3.175249985082209
T1,2026-01-09 12:40:00,9.382065974404448,0.32698162500755457,3.0029569234682962
T1,2026-01-09 12:50:00,8.718434864075224,0.2461005328057305,4.1205296693612725
T1,2026-01-09 13:00:00,8.803341800452605,0.26022101526889785,2.7505833131362496
T1,2026-01-09 13:10:00,10.71521526958316,0.6270669677871539,2.3784552423420235
T1,2026-01-09 13:20:00,8.986872145087744,0.2892802977256379,2.7825384811557927
T1,2026-01-09 13:30:00,7.945901546311521,0.16353837687656753,2.439427314914361
T1,2026-01-09 13:40:00,9.959313795808507,0.4196936260117645,2.773114231324968
T1,2026-01-09 13:50:00,9.012248835195074,0.28002635306639756,6.172335357144836
T1,2026-01-09 14:00:00,9.28604112278303,0.3245050947475437,3.7579598679336175
T1,2026-01-09 14:10:00,9.245412653991199,0.3013465298883415,3.628338472002217
T1,2026-01-09 14:20:00,6.58162332406566,0.05945601744635453,2.9438929976177644
T1,2026-01-09 14:30:00,8.983599076671537,0.2730318145392711,2.2083796360278423
T1,2026-01-09 14:40:00,8.8055547163825,0.25017834980411224,1.7739347896663322
T1,2026-01-09 14:50:00,9.197473549722117,0.3225937136175129,1.7100666443534973
T1,2026-01-09 15:00:00,9.119053213232448,0.30768771022467034,2.587326193672822
T1,2026-01-09 15:10:00,8.989856674768665,0.28551663800294524,2.985502259509176
T1,2026-01-09 15:20:00,8.669815785858482,0.24126982231722172,2.2561802920392124
T1,2026-01-09 15:30:00,9.451726203149507,0.33544522691662826,2.924951696839881
T1,2026-01-09 15:40:00,8.556629394887294,0.23475514530348798,4.070352741142203
T1,2026-01-09 15:50:00,10.231147345500904,0.5179274129556987,4.251542461953768
T1,2026-01-09 16:00:00,7.688140832568589,0.14044997899613845,2.4231328966114383
T1,2026-01-09 16:10:00,7.546375131142099,0.12438255111500325,4.135207610346115
T1,2026-01-09 16:20:00,10.109044236510398,0.489446467742261,2.3565503471684286
T1,2026-01-09 16:30:00,8.329250040178295,0.18927223464630635,1.814083496929228
T1,2026-01-09 16:40:00,7.6902371377276415,0.14026809984410496,3.3688052770147716
T1,2026-01-09 16:50:00,6.050484652131823,0.03788795661231468,2.5533381147104297
T1,2026-01-09 17:00:00,8.113000439592613,0.18236344937645693,3.4927654216131465
T1,2026-01-09 17:10:00,5.742640353874227,0.025474312004855403,3.6922164262951234
T1,2026-01-09 17:20:00,6.58391847204215,0.06245790950884241,3.026035592309496
T1,2026-01-09 17:30:00,7.002295095405903,0.08317700132230892,2.638681232257036
T1,2026-01-09 17:40:00,8.713127340314276,0.23452702638527587,5.099464853557974
T1,2026-01-09 17:50:00,8.215913045292433,0.17632736919924072,4.161065050791071
T1,2026-01-09 18:00:00,7.3406532147398105,0.10971084568965242,5.02212130863693
T1,2026-01-09 18:10:00,7.5922851356550165,0.12416198231767346,3.302667000303687
T1,2026-01-09 18:20:00,6.576712825800813,0.05736485733131949,3.3696083739483313
T1,2026-01-09 18:30:00,7.545203359011663,0.12338598074346198,2.2232894757408257
T1,2026-01-09 18:40:00,6.515752541093767,0.056772701702089846,2.7142108220433543
T1,2026-01-09 18:50:00,7.115801489850581,0.09196286378029628,4.67202968848424
T1,2026-01-09 19:00:00,7.0082986478743035,0.08398249830422443,2.875543216139292
T1,2026-01-09 19:10:00,3.622514038231238,0.0003029278762626118,2.468975624853749
T1,2026-01-09 19:20:00,4.08311056251196,0.0016674218178545706,3.398089618704217
T1,2026-01-09 19:30:00,2.870111611770987,0.0,4.318778565446544
T1,2026-01-09 19:40:00,2.983643482415543,0.0,4.615090229495382
T1,2026-01-09 19:50:00,5.234405130861853,0.014522097229826586,2.2756950159346814
T1,2026-01-09 20:00:00,5.482544696633799,0.02001853481132626,2.8892020911074825
T1,2026-01-09 20:10:00,6.943500225115908,0.07681392901420546,3.9673084160565804
T1,2026-01-09 20:20:00,8.186284747222949,0.18253218246077446,2.9411644033224174
T1,2026-01-09 20:30:00,4.892451575457732,0.008640454901585241,4.434162402282203
T1,2026-01-09 20:40:00,6.925348995574005,0.08290162432342209,4.872483054582198
T1,2026-01-09 20:50:00,6.996206633405231,0.08127289778538134,3.7672600257253515
T1,2026-01-09 21:00:00,5.9896245223753475,0.03371633551774053,4.973219589666656
T1,2026-01-09 21:10:00,2.8936597081476196,0.0,4.332871506045405
T1,2026-01-09 21:20:00,3.6511538176864056,0.0003777155917381319,2.4358948701184433
T1,2026-01-09 21:30:00,3.740566987928239,0.0005306070711669043,1.9716860312283089
T1,2026-01-09 21:40:00,5.40438347827241,0.01796652751471095,2.5306388085396896
T1,2026-01-09 21:50:00,6.5682128888668245,0.05877551564994766,4.9672969280295955
T1,2026-01-09 22:00:00,3.3760805802020037,7.062425848227637e-05,3.5689362465246415
T1,2026-01-09 22:10:00,3.9885359308888506,0.001287492083612565,3.2803778888569126
T1,2026-01-09 22:20:00,4.60740152858766,0.00547317333299241,3.4542425862411017
T1,2026-01-09 22:30:00,5.16504691243188,0.013780587833517467,5.4049635019581075
T1,2026-01-09 22:40:00,3.6721912468646605,0.0004143504124394336,2.1029456633617882
T1,2026-01-09 22:50:00,6.036597131630988,0.03715421645626397,4.466333333207947
T1,2026-01-09 23:00:00,5.123398558822263,0.012053931515179047,3.284098725181146
T1,2026-01-09 23:10:00,6.050926426593386,0.037960669254274354,1.9359268855142264
T1,2026-01-09 23:20:00,3.3577096027715463,6.14908829939225e-05,3.390808352756931
T1,2026-01-09 23:30:00,5.556380224173292,0.021817079221147864,3.1632370302323283
T1,2026-01-09 23:40:00,3.1386059010032827,3.3083482358850985e-06,4.419102715585713
T1,2026-01-09 23:50:00,5.419799726965879,0.019184811039547126,5.341820126876653
T1,2026-01-10 00:00:00,5.134857216849233,0.013079293153154342,4.539147195959025
T1,2026-01-10 00:10:00,5.459104561806073,0.019558094807392887,4.123089418001316
T1,2026-01-10 00:20:00,5.517678113407367,0.020450995344463464,3.1650534573280042
T1,2026-01-10 00:30:00,5.3513403672424875,0.01624807690833427,4.293627110191941
T1,2026-01-10 00:40:00,4.085148626187825,0.0017362901385808932,2.245465503872403
T1,2026-01-10 00:50:00,6.819979139219276,0.07518913324303544,5.1844409613885105
T1,2026-01-10 01:00:00,2.5861484942561526,0.0,3.5517457560935846
T1,2026-01-10 01:10:00,6.227629600010615,0.04574358598342773,4.851162926796696
T1,2026-01-10 01:20:00,4.87639403320625,0.0090356968490088,3.248155975071168
T1,2026-01-10 01:30:00,4.291865146774216,0.0026780288079142718,4.319360839598159
T1,2026-01-10 01:40:00,3.4110251272886396,8.996553758380508e-05,3.6350001215653016
T1,2026-01-10 01:50:00,4.143146722641734,0.0019087942683078528,2.963131440701874
T1,2026-01-10 02:00:00,4.179499772431844,0.0021925160659108803,4.431027030658315
T1,2026-01-10 02:10:00,1.9618328997124985,0.0,3.6933774658703116
T1,2026-01-10 02:20:00,5.379487027237304,0.017367986179193037,4.3598116646832645
T1,2026-01-10 02:30:00,3.007225940628264,5.104446232533762e-10,1.877459805915319
T1,2026-01-10 02:40:00,4.014081505381402,0.001291269620949521,3.96172664496967
T1,2026-01-10 02:50:00,3.173651860465564,6.889027909567944e-06,4.358074703022505
T1,2026-01-10 03:00:00,7.710322016820811,0.13967863469887448,1.990770645238103
T1,2026-01-10 03:10:00,5.321469683813637,0.01688708874970798,2.385740035874946
T1,2026-01-10 03:20:00,6.001761369700775,0.03515717071460228,3.576423801972328
T1,2026-01-10 03:30:00,5.639992835723089,0.02393769544702743,2.9633719777620935
T1,2026-01-10 03:40:00,5.7486929219345395,0.027814321804364977,4.744638350630574
T1,2026-01-10 03:50:00,5.547208859255479,0.021061788226392868,5.344079854996813
T1,2026-01-10 04:00:00,4.652312092432318,0.005824695095380663,2.8113970877785945
T1,2026-01-10 04:10:00,7.8967345956452135,0.15308803520441713,2.990405222295117
T1,2026-01-10 04:20:00,6.744331774943302,0.07115634964063501,4.621565176663542
T1,2026-01-10 04:30:00,4.6126713294746375,0.0054367573322739,5.294071708345604
T1,2026-01-10 04:40:00,6.601754780417096,0.05988242662636613,2.5066240220503992
T1,2026-01-10 04:50:00,5.393465739675728,0.018035370162517748,4.099387394870864
T1,2026-01-10 05:00:00,4.758260146999648,0.006954026315831467,4.126680858761469
T1,2026-01-10 05:10:00,4.539612441254359,0.004947013044987142,2.3462176888097437
T1,2026-01-10 05:20:00,6.016367749541516,0.03673265168688422,2.880463143078714
T1,2026-01-10 05:30:00,4.796146954643649,0.0076195295798406225,4.0877022466213475
T1,2026-01-10 05:40:00,5.689251888773918,0.02455920672278548,0.5096541996303352
T1,2026-01-10 05:50:00,6.673579163237093,0.06594755792639082,1.702530863618784
T1,2026-01-10 06:00:00,5.2869890510184785,0.016275448181446297,2.2310351297536917
T1,2026-01-10 06:10:00,6.578781095931965,0.0603040130626264,0.7022654779180306
T1,2026-01-10 06:20:00,6.076793460069954,0.03879501254510374,3.4424762182851767
T1,2026-01-10 06:30:00,9.257421706753634,0.32978359280341724,2.6318764366667113
T1,2026-01-10 06:40:00,7.2335146604998775,0.1002297342693491,3.544493655432756
T1,2026-01-10 06:50:00,9.215748839542128,0.31231826070140684,3.4093594162321073
T1,2026-01-10 07:00:00,8.946906021278677,0.2789844945236533,2.4741920798251624
T1,2026-01-10 07:10:00,8.850835924602658,0.2596552162661427,3.5229683236390206
T1,2026-01-10 07:20:00,7.101659990940515,0.08837841701295053,5.114167813489913
T1,2026-01-10 07:30:00,7.628595098231405,0.13451886211124892,3.0544528584176054
T1,2026-01-10 07:40:00,9.506823488639611,0.35929575963226834,0.7099997453195415
T1,2026-01-10 07:50:00,9.31144908521118,0.3390568892755643,3.822778358233198
T1,2026-01-10 08:00:00,7.096839448742317,0.08936673307010058,3.9570482814865313
T1,2026-01-10 08:10:00,4.9961550654061275,0.010649145637806156,1.9578582637899988
T1,2026-01-10 08:20:00,8.508480416014335,0.21813646369833406,3.1633777755132915
T1,2026-01-10 08:30:00,7.662697391612182,0.13299518988215883,5.310052377680878
T1,2026-01-10 08:40:00,8.962843937861049,0.2672961527275544,1.5384382070779345
T1,2026-01-10 08:50:00,9.854045817950295,0.40588905210370635,3.5005043124643795
T1,2026-01-10 09:00:00,9.620464903016106,0.3839050648039026,4.5894034436041675
T1,2026-01-10 09:10:00,8.34182497992502,0.19146989457818056,1.0173534705214387
T1,2026-01-10 09:20:00,6.346618229107113,0.04817376604855373,4.672466924566301
T1,2026-01-10 09:30:00,10.34540896196823,0.5377023933492634,1.3005780536393825
T1,2026-01-10 09:40:00,9.736084237962608,0.4077246276704431,3.0806414116312624
T1,2026-01-10 09:50:00,8.537930991267103,0.21608140473196594,4.08321568229637
T1,2026-01-10 10:00:00,9.296946174291115,0.32180911449799865,4.340388518310551
T1,2026-01-10 10:10:00,9.264502882737293,0.3339865305431733,2.9045527818134
T1,2026-01-10 10:20:00,9.09908729090012,0.30995657533780235,3.9402847572893727
T1,2026-01-10 10:30:00,9.122762978835109,0.30955490903438704,3.8905724483038413
T1,2026-01-10 10:40:00,9.658208440844662,0.40325933645784034,3.789160976681753
T1,2026-01-10 10:50:00,8.769898509625115,0.2613259257651111,2.644965368937436
T1,2026-01-10 11:00:00,9.264502843659871,0.32773407771448565,3.3823017330791165
T1,2026-01-10 11:10:00,9.636231753593462,0.3786328855761048,4.003178670242258
T1,2026-01-10 11:20:00,8.33095266856419,0.205879876778512,2.3549581632977015
T1,2026-01-10 11:30:00,8.685279107102955,0.2415334252181579,4.765670274035114
T1,2026-01-10 11:40:00,7.746625176341808,0.14074932174963325,3.5081462630542752
T1,2026-01-10 11:50:00,11.231735633725188,0.7147568821852411,4.1304779052723
T1,2026-01-10 12:00:00,8.971962171044765,0.2736968003065503,3.756904462751423
T1,2026-01-10 12:10:00,11.548663468687227,0.8045235328284497,3.0121307062572016
T1,2026-01-10 12:20:00,7.625911729198221,0.1306901008100494,2.899827738486217
T1,2026-01-10 12:30:00,10.619612811108393,0.5786260274892574,3.1679234387840665
T1,2026-01-10 12:40:00,10.892264976945649,0.6659550453197107,4.899330169943967
T1,2026-01-10 12:50:00,10.23670039874848,0.4891965568748026,3.722040059204795
T1,2026-01-10 13:00:00,10.302346634653185,0.5323764230377289,2.880768039540096
T1,2026-01-10 13:10:00,11.444238720542524,0.815802810966208,3.4752996555065776
T1,2026-01-10 13:20:00,11.604252007219731,0.8154900726451554,2.7246226114820162
T1,2026-01-10 13:30:00,7.9954938093783285,0.1706413307332806,3.54577151486523
T1,2026-01-10 13:40:00,7.000088167789542,0.0822821949898991,3.6685506336554177
T1,2026-01-10 13:50:00,6.912056779418073,0.08094792898158755,4.704638890463302
T1,2026-01-10 14:00:00,8.572597530362662,0.2362730216735132,3.756318824627339
T1,2026-01-10 14:10:00,8.318514413029382,0.20594413553757843,4.292592225940371
T1,2026-01-10 14:20:00,8.435608224392178,0.2134497522720878,1.6987090330957042
T1,2026-01-10 14:30:00,8.31551049210871,0.19236540770411667,3.121059028271487
T1,2026-01-10 14:40:00,8.94974312445894,0.26508459705452775,1.637036878701549
T1,2026-01-10 14:50:00,8.762290229295523,0.2530881807520376,2.132994531421807
T1,2026-01-10 15:00:00,9.31995641500673,0.3310178692803484,4.256100618034329
T1,2026-01-10 15:10:00,7.155887934552059,0.09396711258996115,4.354752489310845
T1,2026-01-10 15:20:00,8.378575905389422,0.19941696988091,0.8505991575663843
T1,2026-01-10 15:30:00,9.048975808235571,0.2803086166187278,2.6173095450299613
T1,2026-01-10 15:40:00,10.60173172874935,0.6000561819259514,3.6254226524524586
T1,2026-01-10 15:50:00,9.00131925293016,0.28492912340901694,4.014129085750733
T1,2026-01-10 16:00:00,7.8639678236565995,0.1453149176895236,3.051315128238194
T1,2026-01-10 16:10:00,8.741727163880059,0.25853015804279156,4.824897235092255
T1,2026-01-10 16:20:00,9.12131665278554,0.29979424702439855,3.5888717478202365
T1,2026-01-10 16:30:00,8.172384113879179,0.17425003893498042,3.9247156892299753
T1,2026-01-10 16:40:00,7.657640136907946,0.13642647914651324,3.912243724642403
T1,2026-01-10 16:50:00,7.121643605507419,0.09148463759365429,3.7326140673779644
T1,2026-01-10 17:00:00,6.065049154856872,0.03672930904244683,3.213248372429324
T1,2026-01-10 17:10:00,8.014108218705669,0.1668706597506317,1.5059670322067213
T1,2026-01-10 17:20:00,5.884962970946264,0.03237366398799071,1.5957562734612605
T1,2026-01-10 17:30:00,7.543727332843619,0.11583701048335707,2.4308641147770826
T1,2026-01-10 17:40:00,6.08155608008145,0.03725815868541482,3.00127959675574
T1,2026-01-10 17:50:00,6.252013763723069,0.043341669032200984,3.631081591187928
T1,2026-01-10 18:00:00,7.34220558217764,0.10877676794834559,3.2528077272716494
T1,2026-01-10 18:10:00,7.6998054265087905,0.13931514806884837,4.3470657084646644
T1,2026-01-10 18:20:00,6.966120302647172,0.07764774708800533,3.522307502822994
T1,2026-01-10 18:30:00,6.434598533840442,0.05375955253732293,4.547523605697172
T1,2026-01-10 18:40:00,6.720801192139257,0.06753843578941708,3.657132215157615
T1,2026-01-10 18:50:00,8.049581623276195,0.16952108281211842,3.50128765594843
T1,2026-01-10 19:00:00,4.968357588729918,0.009736803626400616,1.6753027532943259
T1,2026-01-10 19:10:00,8.548578342657914,0.21403675423738827,4.9835645235311
T1,2026-01-10 19:20:00,7.5497039402851485,0.12580264716727,3.829573336831211
T1,2026-01-10 19:30:00,5.938284068153595,0.03157994479064238,3.3802977855127088
T1,2026-01-10 19:40:00,7.422595193604231,0.11195671191814772,3.5264078843107396
T1,2026-01-10 19:50:00,6.021584205757541,0.03671180801194956,1.5035318539274136
T1,2026-01-10 20:00:00,5.8811110042701396,0.03013804059999489,3.0163167707954504
T1,2026-01-10 20:10:00,7.307159143058152,0.09920650367861912,4.371940458423279
T1,2026-01-10 20:20:00,6.63503637480742,0.06065802943301391,4.36298907811574
T1,2026-01-10 20:30:00,3.7720300603632464,0.0006310075394163664,3.949419350254685
T1,2026-01-10 20:40:00,5.24198188093678,0.015428592961466956,4.029984668810264
T1,2026-01-10 20:50:00,6.355716007541839,0.0493142578284739,5.199239314327023
T1,2026-01-10 21:00:00,3.0179204740933194,7.200609693946548e-09,2.9063767683418065
T1,2026-01-10 21:10:00,4.845845945168956,0.007776954560634771,3.9718375413052383
T1,2026-01-10 21:20:00,1.9779686087415134,0.0,2.602278544101744
T1,2026-01-10 21:30:00,6.705187436727812,0.06851793621644058,3.865981699671308
T1,2026-01-10 21:40:00,5.111398506771501,0.012437384970129618,3.1535097026817414
T1,2026-01-10 21:50:00,5.479490855074591,0.01940132665292713,1.959281257260014
T1,2026-01-10 22:00:00,5.501370871604668,0.020799435719269163,4.423842259917921
T1,2026-01-10 22:10:00,5.65097890590906,0.024580266096090642,6.289065578176356
T1,2026-01-10 22:20:00,3.225866417537567,1.4665614383248528e-05,3.608204114301086
T1,2026-01-10 22:30:00,5.886122215589726,0.031601181619107264,1.1204109169732424
T1,2026-01-10 22:40:00,3.691587292976271,0.00043513288170719003,3.208931248885639
T1,2026-01-10 22:50:00,4.276310926065587,0.002724194766706476,3.0802522133830132
T1,2026-01-10 23:00:00,7.007322835538089,0.08646648282919887,2.074617183615448
T1,2026-01-10 23:10:00,3.5186998714776636,0.0001861986666981417,2.861242753912908
T1,2026-01-10 23:20:00,5.157311497951246,0.012715600429184366,2.3519227579206485
T1,2026-01-10 23:30:00,5.7689512558230955,0.02826566236402698,2.8163572568631006
T1,2026-01-10 23:40:00,3.433311924376382,0.0001107233637451107,3.4425693111547866
T1,2026-01-10 23:50:00,4.627536643263417,0.005837250116127844,2.148613415358792
T1,2026-01-11 00:00:00,4.468099911205425,0.00431310256007503,3.1006768272093796
T1,2026-01-11 00:10:00,4.969071568402642,0.009862210345020155,2.329111054279144
T1,2026-01-11 00:20:00,5.8640646381169885,0.029598609469386666,2.4997642892292276
T1,2026-01-11 00:30:00,5.3065327278827334,0.015700887245272105,3.2153321777259984
T1,2026-01-11 00:40:00,5.2318847104948905,0.0149359912633414,3.4976311261656257
T1,2026-01-11 00:50:00,2.300042837085633,0.0,5.741935353362936
T1,2026-01-11 01:00:00,4.471011256699067,0.004362656487433187,2.035138626445243
T1,2026-01-11 01:10:00,6.066578373786343,0.03788315502297064,4.21442813233449
T1,2026-01-11 01:20:00,4.379824804126173,0.003464924717785772,2.1183236176993367
T1,2026-01-11 01:30:00,4.498985878418092,0.004439394919098289,3.408366241615162
T1,2026-01-11 01:40:00,5.522985069041543,0.020740956105713956,2.1385633085775764
T1,2026-01-11 01:50:00,4.602291431556879,0.005196053764778576,5.252689340648116
T1,2026-01-11 02:00:00,4.694971668193894,0.0064413041501038375,2.7449983474171096
T1,2026-01-11 02:10:00,5.157260725163346,0.012895012597354436,3.78465500891718
T1,2026-01-11 02:20:00,3.3934236693244215,8.025323780012756e-05,2.123518354245901
T1,2026-01-11 02:30:00,5.275169535381968,0.015689987033673067,3.333915896499933
T1,2026-01-11 02:40:00,3.0554845352371967,2.123582511511587e-07,5.411265966466966
T1,2026-01-11 02:50:00,4.471968735173382,0.004246207342894612,2.3073732415942994
T1,2026-01-11 03:00:00,3.1274759166282746,2.5749000074163186e-06,4.572805191209686
T1,2026-01-11 03:10:00,4.047112018924184,0.0014704554139282806,2.5897104170239764
T1,2026-01-11 03:20:00,4.313887406461086,0.002805567745840899,5.064600278361553
T1,2026-01-11 03:30:00,6.712934327904389,0.06390728682942699,4.003034722420985
T1,2026-01-11 03:40:00,6.6829146554957894,0.06649621219900266,3.1664464702161252
T1,2026-01-11 03:50:00,5.3550464401722255,0.016929333772575904,4.175120896053345
T1,2026-01-11 04:00:00,5.270091047359867,0.015420499581558085,3.0330694340461766
T1,2026-01-11 04:10:00,6.65362280942634,0.06568859877348165,1.3627288306081078
T1,2026-01-11 04:20:00,4.079268045385234,0.0016997709864195864,2.4410043572945472
T1,2026-01-11 04:30:00,6.611265305022102,0.06443934119796262,5.493703071176956
T1,2026-01-11 04:40:00,5.3964758005155105,0.018485251975131806,2.786732794553978
T1,2026-01-11 04:50:00,7.425612188797404,0.11408107659421575,3.2365411877374752
T1,2026-01-11 05:00:00,7.208033955405514,0.09255924199611831,3.468471220036017
T1,2026-01-11 05:10:00,6.007597009975272,0.03419324679194211,2.2576138563818082
T1,2026-01-11 05:20:00,6.8168691544628395,0.0725366265036104,4.505246619898303
T1,2026-01-11 05:30:00,5.977417954823018,0.03561056752941031,3.3403252799810765
T1,2026-01-11 05:40:00,4.553250950643303,0.004969169715075515,3.7121103211925086
T1,2026-01-11 05:50:00,9.253782229915835,0.3140465602369512,3.0212845968325626
T1,2026-01-11 06:00:00,7.952814929923946,0.15548777303661335,3.6028738112577154
T1,2026-01-11 06:10:00,7.824492907342394,0.15402130880573123,2.227426897209104
T1,2026-01-11 06:20:00,6.625358851394401,0.06474791672726356,3.9544512878078737
T1,2026-01-11 06:30:00,6.822232907127939,0.07350591396314886,1.7620585518793312
T1,2026-01-11 06:40:00,6.267972995408722,0.04326464233717245,5.090211955334331
T1,2026-01-11 06:50:00,9.053590741889021,0.28872518253608725,2.2132907216553592
T1,2026-01-11 07:00:00,6.3399222870361225,0.04682863047494482,1.7282457791030756
T1,2026-01-11 07:10:00,7.214076996888649,0.10147786511635416,4.532178910325339
T1,2026-01-11 07:20:00,7.091054870173235,0.08616095669342981,3.8421833161197547
T1,2026-01-11 07:30:00,5.720086081425272,0.02685400218287394,1.4063967110033122
T1,2026-01-11 07:40:00,6.44104994986599,0.054408097407424534,3.0833980946535964
T1,2026-01-11 07:50:00,10.665395770612333,0.5721136010857283,4.10834182485652
T1,2026-01-11 08:00:00,9.101207310273711,0.301422936118345,2.1495421010422393
T1,2026-01-11 08:10:00,7.199672533702862,0.10025957290099445,4.303333975269355
T1,2026-01-11 08:20:00,7.621594369968587,0.12535351047560353,3.8650391297550035
T1,2026-01-11 08:30:00,10.53411511512423,0.5657812112313934,2.7785882149575194
T1,2026-01-11 08:40:00,8.651732681207198,0.24637343938041625,2.1296400751910687
T1,2026-01-11 08:50:00,7.024666845636976,0.08108843030888795,3.830267963861497
T1,2026-01-11 09:00:00,7.041926250087135,0.08852829006597632,2.9928197396036538
T1,2026-01-11 09:10:00,10.36048693562018,0.5453443576199478,2.910234894854477
T1,2026-01-11 09:20:00,9.463379170815928,0.35355108325191126,4.205133006935377
T1,2026-01-11 09:30:00,10.720913731348835,0.6023896193809773,4.406794419052647
T1,2026-01-11 09:40:00,8.705701743510152,0.2376438454428286,3.489999206264332
T1,2026-01-11 09:50:00,7.287990327846314,0.1072018969948567,2.686445403158406
T1,2026-01-11 10:00:00,8.66162245209666,0.22828336239581162,3.9078585932954217
T1,2026-01-11 10:10:00,10.038027326958316,0.4613118055151344,3.3392960148078275
T1,2026-01-11 10:20:00,10.687849538652205,0.6052812155873813,3.3355491928786423
T1,2026-01-11 10:30:00,10.662353705000926,0.5929809589885555,3.7460125079430457
T1,2026-01-11 10:40:00,10.458752667251211,0.5208031082446072,4.122542340140082
T1,2026-01-11 10:50:00,8.099626404772247,0.1642893608662162,2.6689994197305524
T1,2026-01-11 11:00:00,10.619072455408794,0.5477377274949154,3.8640014339984847
T1,2026-01-11 11:10:00,9.439155353995378,0.36023073988381527,3.9131746355815955
T1,2026-01-11 11:20:00,9.15806238668383,0.3175711342897575,1.5557268065467864
T1,2026-01-11 11:30:00,9.213908894712354,0.3132428814228722,2.5986348036162923
T1,2026-01-11 11:40:00,11.154382871606785,0.7067205183598607,2.809789287026547
T1,2026-01-11 11:50:00,11.300831256094918,0.7445149999494886,5.395602850747343
T1,2026-01-11 12:00:00,9.624980116356355,0.37093826848349504,3.4956897414021606
T1,2026-01-11 12:10:00,10.801743009554526,0.6183650494686457,2.9692248639527987
T1,2026-01-11 12:20:00,7.568659508346295,0.12222873391437296,3.131097316429334
T1,2026-01-11 12:30:00,9.363876740469184,0.3444529123457401,2.82098349817997
T1,2026-01-11 12:40:00,6.807841204339118,0.07137687766847127,2.5385827892319286
T1,2026-01-11 12:50:00,9.903692717494563,0.41702425630255424,3.4491979366268155
T1,2026-01-11 13:00:00,10.70677219691104,0.6131233800568079,4.566280874726759
T1,2026-01-11 13:10:00,10.689073817150547,0.5982360071717842,3.697741578222091
T1,2026-01-11 13:20:00,10.417368376459029,0.5320164440286856,3.583028105173108
T1,2026-01-11 13:30:00,10.473973096866368,0.5708948223682766,3.4130989478796443
T1,2026-01-11 13:40:00,7.397458430440931,0.11253071496267684,3.3040459962748883
T1,2026-01-11 13:50:00,8.686484781589588,0.2351479160819667,3.178379557333103
T1,2026-01-11 14:00:00,11.05625642687543,0.6522757183681266,4.464283411421949
T1,2026-01-11 14:10:00,8.653969614676324,0.2245613821504811,3.771182065495014
T1,2026-01-11 14:20:00,8.409323226500533,0.21440577387726054,3.0990049570692757
T1,2026-01-11 14:30:00,10.183684318871537,0.4835139926876372,3.3256946263370026
T1,2026-01-11 14:40:00,10.098642573738154,0.4588512491382222,4.005718115456678
T1,2026-01-11 14:50:00,8.69754272294137,0.2322624838475921,1.0963482933773054
T1,2026-01-11 15:00:00,8.29558967649772,0.18855544169222763,3.179744628521848
T1,2026-01-11 15:10:00,9.116399640207273,0.30531675367044003,2.8220554094171786
T1,2026-01-11 15:20:00,9.698713290893718,0.40786262586932276,4.015751982246906
T1,2026-01-11 15:30:00,7.550350047053456,0.12607926247014103,3.781726456687902
T1,2026-01-11 15:40:00,10.368419759196321,0.534395411627984,2.893248442859999
T1,2026-01-11 15:50:00,8.056433764002094,0.17623437810744347,2.7514290098279073
T1,2026-01-11 16:00:00,7.5318767729773155,0.11932262363130344,5.028296289486729
T1,2026-01-11 16:10:00,8.85158529414792,0.26444220207061037,3.6254857349023704
T1,2026-01-11 16:20:00,6.010879133617223,0.03396735747643696,3.0237592271953213
T1,2026-01-11 16:30:00,9.102535041758685,0.29886215009480466,3.1017357676141315
T1,2026-01-11 16:40:00,9.763479382899224,0.40466200239675554,3.3963998059591143
T1,2026-01-11 16:50:00,8.47091353479936,0.21421500685695172,4.440861376164546
T1,2026-01-11 17:00:00,7.249226087962549,0.09844161132640754,3.644251565082379
T1,2026-01-11 17:10:00,7.407943766687237,0.11610895086817073,3.769517622319716
T1,2026-01-11 17:20:00,5.785463396200553,0.027812094358389303,3.403209582640169
T1,2026-01-11 17:30:00,6.926134168068246,0.07535985131465642,3.1052759672895123
T1,2026-01-11 17:40:00,7.836815999313411,0.1468115256253713,4.440678123187843
T1,2026-01-11 17:50:00,8.260186157414559,0.18286420622992436,1.1359573451643068
T1,2026-01-11 18:00:00,6.793420228302126,0.07426576141980225,4.68231080230635
T1,2026-01-11 18:10:00,7.722047888954942,0.13860840057981566,2.852820818456281
T1,2026-01-11 18:20:00,7.836394558444729,0.14379615560500178,2.9747870714382927
T1,2026-01-11 18:30:00,7.716950007539943,0.14236451184269444,3.1084106660591204
T1,2026-01-11 18:40:00,5.648875004230717,0.024920209535458333,2.544225199679693
T1,2026-01-11 18:50:00,6.623104755469126,0.06520290843191189,4.551851368715178
T1,2026-01-11 19:00:00,5.617290036351416,0.02226202099274773,3.035504112782243
T1,2026-01-11 19:10:00,6.061497040657665,0.037789125437193795,3.003257131071635
T1,2026-01-11 19:20:00,5.983227324209576,0.03459505006944665,3.5135838987216554
T1,2026-01-11 19:30:00,6.367723166104283,0.04919918400842903,3.5392651582965278
T1,2026-01-11 19:40:00,8.07706309110243,0.17341946475928433,2.9677044032990225
T1,2026-01-11 19:50:00,3.986826540852003,0.0012784339324370486,4.573154592293755
T1,2026-01-11 20:00:00,5.954379697279497,0.034254673443153964,2.335192535748505
T1,2026-01-11 20:10:00,5.848467812219778,0.029003612865846722,3.8802639470820415
T1,2026-01-11 20:20:00,4.808242223006014,0.007897396048025421,2.522164511998662
T1,2026-01-11 20:30:00,4.949952686568742,0.009633611049787232,2.476439686190345
T1,2026-01-11 20:40:00,5.103752560848971,0.012498644091434384,4.679851658778162
T1,2026-01-11 20:50:00,5.768022011292685,0.02871852610262938,3.9950613095275553
T1,2026-01-11 21:00:00,4.997272339392673,0.010009638422490818,4.6326404426816135
T1,2026-01-11 21:10:00,4.74599684024517,0.006791143393064788,3.547811632212722
T1,2026-01-11 21:20:00,5.647962578518377,0.024819038713295292,3.1694406411731433
T1,2026-01-11 21:30:00,4.245069693165712,0.002575186748499589,4.272096052133535
T1,2026-01-11 21:40:00,3.7268701222468392,0.0005097016581767993,1.094809423315172
T1,2026-01-11 21:50:00,4.753718748869195,0.007202291453996003,4.414822186388473
T1,2026-01-11 22:00:00,4.13461058576577,0.0018731904449687787,3.7048140587458764
T1,2026-01-11 22:10:00,4.377831223668279,0.0033789486724833716,2.715053591657827
T1,2026-01-11 22:20:00,4.663868242418827,0.006179921353107222,4.1524679544306
T1,2026-01-11 22:30:00,3.717309906251121,0.0004914598051818612,3.7467566118264366
T1,2026-01-11 22:40:00,5.302933219290911,0.01625530163688429,2.7679143815565705
T1,2026-01-11 22:50:00,4.305945354732669,0.0029279228392512396,3.8191691344221432
T1,2026-01-11 23:00:00,5.387018781706726,0.017979209752774797,2.356139375694166
T1,2026-01-11 23:10:00,5.87544289927335,0.02968455881048681,2.7420012062542227
T1,2026-01-11 23:20:00,5.238162560319265,0.014030819687105643,5.861008816759397
T1,2026-01-11 23:30:00,4.879427214670504,0.008732859394026873,4.919960880194548
T1,2026-01-11 23:40:00,4.9909753368349365,0.010694367641396915,4.0804135941736215
T1,2026-01-11 23:50:00,5.134703842046009,0.013228349788340883,6.973332221330893
T1,2026-01-12 00:00:00,5.097830587244848,0.011598258937021553,3.7577245659835046
T1,2026-01-12 00:10:00,4.2369799891093605,0.002511507148339287,3.697026569066135
T1,2026-01-12 00:20:00,3.567644622738684,0.00024195592937609135,3.4082603024974203
T1,2026-01-12 00:30:00,4.586603381433032,0.005015993779544487,3.6364167349221073
T1,2026-01-12 00:40:00,6.114161468695962,0.04125328414946092,4.1416258932405
T1,2026-01-12 00:50:00,6.403723374235311,0.05069869228605192,3.338109445364917
T1,2026-01-12 01:00:00,5.6191443225934,0.024150135537786947,3.6949536448908145
T1,2026-01-12 01:10:00,5.79062067241615,0.027570115866431617,3.5004754318050733
T1,2026-01-12 01:20:00,3.5369183073989263,0.0001941600108655967,2.578204392349827
T1,2026-01-12 01:30:00,4.853860085876966,0.00873117919235771,2.5029625240118394
T1,2026-01-12 01:40:00,2.368187796711161,0.0,4.086687430201495
T1,2026-01-12 01:50:00,2.9769448801516516,0.0,3.6643139137059
T1,2026-01-12 02:00:00,9.104374842655314,0.28222598717928876,3.9268752381521987
T1,2026-01-12 02:10:00,5.561018402311126,0.021404878293819672,3.56077861756695
T1,2026-01-12 02:20:00,5.239091565890332,0.014929494772196622,2.0562236803136864
T1,2026-01-12 02:30:00,4.073202856372703,0.00153108584050478,2.998772530430651
T1,2026-01-12 02:40:00,6.388228276765702,0.05200324298843547,5.328354121280896
T1,2026-01-12 02:50:00,5.852311393051015,0.029728738721173265,3.369663258913103
T1,2026-01-12 03:00:00,5.756647345494683,0.02602004839824652,4.269154232935039
T1,2026-01-12 03:10:00,3.5797147827248463,0.0002434288191238289,3.973063496322122
T1,2026-01-12 03:20:00,4.727407912885795,0.006365497350107134,5.44297055969232
T1,2026-01-12 03:30:00,6.917567656932652,0.08039868967143186,2.4532329603730316
T1,2026-01-12 03:40:00,5.3341209790133135,0.016169599459635666,4.280527534279807
T1,2026-01-12 03:50:00,7.535230498405782,0.11525616966685769,2.800397693350726
T1,2026-01-12 04:00:00,5.442878416456957,0.019782376460165067,6.301888179366043
T1,2026-01-12 04:10:00,6.0683963131395116,0.03674395546865842,5.364126315595035
T1,2026-01-12 04:20:00,5.790765903804536,0.028880511515990658,4.638917476803867
T1,2026-01-12 04:30:00,8.239458722547337,0.17783015187094303,3.8436409781468233
T1,2026-01-12 04:40:00,4.696785632651798,0.006570202904817194,2.2464643361392174
T1,2026-01-12 04:50:00,7.831038066992897,0.14236153622504705,4.0293918597188645
T1,2026-01-12 05:00:00,7.893729270668535,0.15253920671256632,2.228391699022103
T1,2026-01-12 05:10:00,6.391396005725701,0.051104892545360596,2.649851343623049
T1,2026-01-12 05:20:00,8.204374557439785,0.185688573641733,4.837772056001506
T1,2026-01-12 05:30:00,7.223069690415339,0.09580161076114661,3.6806458871221275
T1,2026-01-12 05:40:00,5.686956350068855,0.02557887451916911,3.3119578532202794
T1,2026-01-12 05:50:00,5.842711016318875,0.03015946300640338,2.3943576960433473
T1,2026-01-12 06:00:00,5.662991405766359,0.02380175686292653,4.283867891670087
T1,2026-01-12 06:10:00,6.305941823909628,0.04751159921906097,3.760693502874928
T1,2026-01-12 06:20:00,9.030937712490369,0.2920626021910707,5.201237414890498
T1,2026-01-12 06:30:00,5.3544410509859235,0.016619837064957538,3.886073817862984
T1,2026-01-12 06:40:00,5.960549216045427,0.034662130368900056,3.475390667213575
T1,2026-01-12 06:50:00,6.213381550899357,0.04143727349899435,2.53942490150388
T1,2026-01-12 07:00:00,7.744342524221525,0.133383346179089,5.004576131165443
T1,2026-01-12 07:10:00,9.05957007318738,0.2787082800014862,2.9183494736385276
T1,2026-01-12 07:20:00,8.439850748715347,0.20403266059730688,3.6123908053866907
T1,2026-01-12 07:30:00,9.13303152077328,0.3125142316866507,2.51337777816068
T1,2026-01-12 07:40:00,7.127235028848162,0.09470874156443763,4.260616864509029
T1,2026-01-12 07:50:00,7.996696629235352,0.16438044935983612,3.7066064461986037
T1,2026-01-12 08:00:00,8.76172450298564,0.26095731880778616,3.1316552188166518
T1,2026-01-12 08:10:00,7.910924068847123,0.14883271037083745,4.272871439858656
T1,2026-01-12 08:20:00,8.016908877107674,0.16001554069425525,3.619771860492732
T1,2026-01-12 08:30:00,9.649354359921851,0.3721425076138765,4.923309591296389
T1,2026-01-12 08:40:00,7.703604472382975,0.13563746655380915,3.358850854873639
T1,2026-01-12 08:50:00,8.70597489394349,0.25451848398016846,4.903131736283026
T1,2026-01-12 09:00:00,7.035858150845639,0.08902535596019881,3.9826871531222277
T1,2026-01-12 09:10:00,5.4663209907480415,0.018983501321321337,4.999544469333948
T1,2026-01-12 09:20:00,9.736893422577637,0.3795053167517655,4.419341353275549
T1,2026-01-12 09:30:00,8.432381543411573,0.20085894234169852,3.134918856315085
T1,2026-01-12 09:40:00,10.2495833465139,0.49347802863894774,2.4137215148050424
T1,2026-01-12 09:50:00,9.358160255578072,0.33764773071317467,5.333057418472802
T1,2026-01-12 10:00:00,9.592794453249242,0.3665820101162412,3.540647446747868
T1,2026-01-12 10:10:00,9.636717367119992,0.3797342416093105,4.782600219582439
T1,2026-01-12 10:20:00,8.317463441819005,0.20598257540640705,4.264855744494661
T1,2026-01-12 10:30:00,9.75471454064338,0.4095536503722242,4.445175592267531
T1,2026-01-12 10:40:00,7.494425199009731,0.11334947315736552,4.0019431773084015
T1,2026-01-12 10:50:00,9.241357017908022,0.3144388915762727,3.3635829205405905
T1,2026-01-12 11:00:00,7.059831545911324,0.0830334855368542,3.2571173097897743
T1,2026-01-12 11:10:00,6.8627208885354065,0.07428425179914615,2.2180396993830787
T1,2026-01-12 11:20:00,8.960981036999728,0.2662513158877952,3.2246787753699455
T1,2026-01-12 11:30:00,9.529111321670323,0.3798795944459885,3.471527614700685
T1,2026-01-12 11:40:00,8.374732035636358,0.2111856805054224,3.033439056549552
T1,2026-01-12 11:50:00,8.817970469460256,0.24711697759634324,1.9772023740561389
T1,2026-01-12 12:00:00,10.705921501477555,0.598112864087881,3.37508599998017
T1,2026-01-12 12:10:00,8.873278759383819,0.27485675108050855,3.542855550659435
T1,2026-01-12 12:20:00,9.971472630939271,0.4598509134065301,5.424823833736759
T1,2026-01-12 12:30:00,9.802469171448355,0.42868538571800296,3.0486062658762045
T1,2026-01-12 12:40:00,8.496865508003191,0.2208860946172278,4.624420814754484
T1,2026-01-12 12:50:00,8.501353376455928,0.22038596657601162,3.3325159111316807
T1,2026-01-12 13:00:00,10.720319347636092,0.626467650498537,4.01645448556873
T1,2026-01-12 13:10:00,9.068921759386127,0.29606993630442446,4.50894107480575
T1,2026-01-12 13:20:00,9.418753882978905,0.33845440446968045,3.7564282803705336
T1,2026-01-12 13:30:00,9.925504379051755,0.41257917803685173,4.610027670793936
T1,2026-01-12 13:40:00,9.308869318477788,0.33999051955154663,4.739947637704228
T1,2026-01-12 13:50:00,6.570580130051651,0.05856882084632638,1.696296949089016
T1,2026-01-12 14:00:00,10.243340320732639,0.5021450858940824,3.6333893036613136
T1,2026-01-12 14:10:00,9.655177548178338,0.3681650740293984,5.738211084602288
T1,2026-01-12 14:20:00,8.77057151990642,0.2516586576492865,4.117298087593847
T1,2026-01-12 14:30:00,9.315812002338006,0.34162454678376303,2.7309031278775193
T1,2026-01-12 14:40:00,9.749428721351858,0.4083106569761022,1.4974301028277859
T1,2026-01-12 14:50:00,10.235518243578884,0.4923504227430266,3.2166215812383308
T1,2026-01-12 15:00:00,8.537108447254724,0.21589135358947587,2.776885011684113
T1,2026-01-12 15:10:00,7.222046004349614,0.0937309261099182,5.082352158467463
T1,2026-01-12 15:20:00,9.240146000280385,0.32100444482316515,4.306103016031351
T1,2026-01-12 15:30:00,6.084189483300992,0.03758114652350178,3.0587516841892204
T1,2026-01-12 15:40:00,10.53396108336866,0.5822187125617676,3.2625832107149573
T1,2026-01-12 15:50:00,7.8895450267811045,0.15160929904851783,2.3469241198485866
T1,2026-01-12 16:00:00,6.441064465971906,0.053615765709079805,4.87447684481425
T1,2026-01-12 16:10:00,7.815467249764157,0.1514186230338907,3.7399985100295905
T1,2026-01-12 16:20:00,6.395760508373969,0.05278085515182582,3.365582117968872
T1,2026-01-12 16:30:00,8.3000770705806,0.18947320043894214,5.883857966462209
T1,2026-01-12 16:40:00,6.931627530782683,0.07942980832194538,2.654494771243958
T1,2026-01-12 16:50:00,7.6652780765866755,0.13202587137074664,3.291326994238595
T1,2026-01-12 17:00:00,9.63954982246351,0.36323070632369636,4.8711760758643425
T1,2026-01-12 17:10:00,10.173637871342079,0.4572832752901187,3.555893077427859
T1,2026-01-12 17:20:00,7.811638107943872,0.1413003494766146,3.5014802811964225
T1,2026-01-12 17:30:00,6.603308677742669,0.06357179176421884,4.084294601269505
T1,2026-01-12 17:40:00,7.680131031834363,0.13346545103926694,2.834383036195403
T1,2026-01-12 17:50:00,7.708152831562451,0.1296323863390484,3.330819189445354
T1,2026-01-12 18:00:00,4.412715458897894,0.003517360905573186,4.896597421467618
T1,2026-01-12 18:10:00,5.6493533430341785,0.02379136052800346,2.5781799020984977
T1,2026-01-12 18:20:00,6.449538686778084,0.05616181066305927,2.843421531194279
T1,2026-01-12 18:30:00,8.32551439255977,0.18995595661963588,3.405139056046322
T1,2026-01-12 18:40:00,7.446471779182994,0.1189198513288436,3.3657068782357533
T1,2026-01-12 18:50:00,7.974206720086048,0.155940155959264,4.1492695066769825
T1,2026-01-12 19:00:00,4.954981134708295,0.010244704181395172,4.2906443567649175
T1,2026-01-12 19:10:00,6.248155987678036,0.04301168217377947,3.7708548150097805
T1,2026-01-12 19:20:00,5.693492016325703,0.025495749693332646,4.775661585062809
T1,2026-01-12 19:30:00,6.428190752708042,0.05220024873806724,4.981872951083556
T1,2026-01-12 19:40:00,7.912403553741852,0.15467439420099152,3.8793810637935997
T1,2026-01-12 19:50:00,6.910454989535257,0.0767516203744548,4.5453862181395905
T1,2026-01-12 20:00:00,5.141873931322376,0.012991119435966415,4.019626640344779
T1,2026-01-12 20:10:00,6.1791673067533885,0.04173241308264265,5.013346281635526
T1,2026-01-12 20:20:00,7.250377672744239,0.10492531922802975,3.422150623184093
T1,2026-01-12 20:30:00,6.497502035155401,0.05837440700985833,3.4047346430585
T1,2026-01-12 20:40:00,5.348695918903926,0.017476125037642194,5.383773138186012
T1,2026-01-12 20:50:00,6.682180548417584,0.06263277124666211,4.703831960801937
T1,2026-01-12 21:00:00,4.214285820849006,0.002218582566274343,3.4580427159126472
T1,2026-01-12 21:10:00,4.376939855717462,0.0032811272178054174,4.9687412197898455
T1,2026-01-12 21:20:00,6.045658941125518,0.03608850118046332,3.3840423580950594
T1,2026-01-12 21:30:00,5.373050001673166,0.016995657432676402,4.409669848759719
T1,2026-01-12 21:40:00,3.7755473963896526,0.0006158951992048935,3.243972209479751
T1,2026-01-12 21:50:00,5.02945947425109,0.010533457554428914,4.153942823047803
T1,2026-01-12 22:00:00,5.1693746763159005,0.012934526822912254,3.5291287491410746
T1,2026-01-12 22:10:00,2.0809921256779,0.0,4.515130847372622
T1,2026-01-12 22:20:00,5.6071573621019,0.023253324549824848,3.9608853956318484
T1,2026-01-12 22:30:00,3.8763793090779255,0.0008756292052269119,2.9482472319584136
T1,2026-01-12 22:40:00,2.2427979745869044,0.0,3.48098745391527
T1,2026-01-12 22:50:00,3.8944887703506974,0.0009169820180047021,5.0343918961256975
T1,2026-01-12 23:00:00,4.461185117240253,0.004205400344916369,4.403712694881575
T1,2026-01-12 23:10:00,5.896604108421044,0.03287623882791969,1.0703213716977267
T1,2026-01-12 23:20:00,3.146116046764753,4.078425024995747e-06,4.001432452948535
T1,2026-01-12 23:30:00,3.0555462572926944,2.2381911970799882e-07,4.6502430332113
T1,2026-01-12 23:40:00,4.919124723986041,0.008900634192812066,3.897198107459314
T1,2026-01-12 23:50:00,2.502897429370818,0.0,2.7003640849835793
T1,2026-01-13 00:00:00,7.109136806804178,0.09064768010282183,1.9832280067655348
T1,2026-01-13 00:10:00,3.7641010407085935,0.000610937859004608,4.81110366192336
T1,2026-01-13 00:20:00,5.233952975718416,0.013905368845213635,4.042937502714555
T1,2026-01-13 00:30:00,4.284939572613549,0.0026545213011750684,4.229117286268078
T1,2026-01-13 00:40:00,5.424597649910873,0.019359963363270144,4.200936154637661
T1,2026-01-13 00:50:00,4.207161452706521,0.0022416132982098057,3.957950601557803
T1,2026-01-13 01:00:00,3.994287358665976,0.001249075715326789,5.199174289296194
T1,2026-01-13 01:10:00,4.030921324276173,0.0013965545885690532,4.753337400669713
T1,2026-01-13 01:20:00,6.556423844841866,0.061133107611153724,5.714112919869268
T1,2026-01-13 01:30:00,5.288366305482519,0.015487560353285277,3.2230116943257494
T1,2026-01-13 01:40:00,4.388760925245448,0.003477084768620823,3.254616017627118
T1,2026-01-13 01:50:00,4.834418356021247,0.00797622151840632,4.08359252021425
T1,2026-01-13 02:00:00,6.08801150711797,0.03658464669339368,5.434675554977095
T1,2026-01-13 02:10:00,6.182027795827469,0.042475100791602736,6.180000626366963
T1,2026-01-13 02:20:00,4.24548080567136,0.0024608251048672865,4.740639147731928
T1,2026-01-13 02:30:00,3.4689769182579333,0.00013644709002692034,0.39152328745105835
T1,2026-01-13 02:40:00,5.979792308162281,0.035645478638053944,4.728603880506692
T1,2026-01-13 02:50:00,5.954039143245398,0.03295079947322765,3.6096043896959427
T1,2026-01-13 03:00:00,5.986062172196195,0.033161804177152567,4.0736916690136225
T1,2026-01-13 03:10:00,6.921109159500447,0.08049522473920441,4.943010961047353
T1,2026-01-13 03:20:00,4.4128924183332225,0.003620422217044079,4.702710984756065
T1,2026-01-13 03:30:00,5.5863508300389615,0.02220018122261527,4.216277788461731
T1,2026-01-13 03:40:00,5.927641418853964,0.03405611121442625,5.052059908423282
T1,2026-01-13 03:50:00,5.832726992288944,0.029122748173398782,4.909343618411027
T1,2026-01-13 04:00:00,4.588420810809183,0.005398374783493754,3.5985161879791567
T1,2026-01-13 04:10:00,7.276521976571912,0.09748259818000818,2.952624333028338
T1,2026-01-13 04:20:00,7.148041947197613,0.08977092742365718,4.9719572645418175
T1,2026-01-13 04:30:00,6.64745356397089,0.06505765956281716,4.222613853264209
T1,2026-01-13 04:40:00,6.67154018941615,0.06539768101833812,3.8819850547819863
T1,2026-01-13 04:50:00,6.353799492779379,0.046749137767953676,4.288744063206717
T1,2026-01-13 05:00:00,4.612423197735534,0.005180957082991513,4.5057351503963385
T1,2026-01-13 05:10:00,5.9071452196065355,0.03191258919745954,2.8142227846689294
T1,2026-01-13 05:20:00,5.1545709923091625,0.012709210590833271,3.4990346835006423
T1,2026-01-13 05:30:00,7.723462417068188,0.14298181469503268,3.2928752389573113
T1,2026-01-13 05:40:00,5.5724456325222835,0.022661084304969364,3.736641845952933
T1,2026-01-13 05:50:00,5.783774015994556,0.02823232869377354,2.8131428320854175
T1,2026-01-13 06:00:00,8.557670738737654,0.23464826514395207,4.1342800729719364
T1,2026-01-13 06:10:00,6.394111264481481,0.05121794602423605,4.143710909646425
T1,2026-01-13 06:20:00,8.371629227862943,0.206700702262308,5.7628872141840395
T1,2026-01-13 06:30:00,6.182314714981948,0.04413886204639628,3.935657792564206
T1,2026-01-13 06:40:00,9.525910205082198,0.36148200337689035,3.100225005933596
T1,2026-01-13 06:50:00,8.737291591537646,0.2579342924954556,4.26293254744377
T1,2026-01-13 07:00:00,6.689673071963352,0.06825234803523902,3.7570101563391596
T1,2026-01-13 07:10:00,5.126508273811736,0.013060961722366168,3.9448769078074886
T1,2026-01-13 07:20:00,9.115577948654789,0.31079654715513444,5.512815969311562
T1,2026-01-13 07:30:00,8.175361352568041,0.1854903436535459,3.2124082005100982
T1,2026-01-13 07:40:00,6.504226779225382,0.05400840310651878,2.785678223343889
T1,2026-01-13 07:50:00,10.085149453581646,0.4699817093750358,3.250891756565296
T1,2026-01-13 08:00:00,8.141202247798608,0.17804153433873,4.27104841484988
T1,2026-01-13 08:10:00,8.893745494607877,0.2799496551150695,4.051043185078815
T1,2026-01-13 08:20:00,10.23871330126933,0.5105158178671054,3.3430605122397865
T1,2026-01-13 08:30:00,11.761567062132665,0.8707566913387412,4.699064151787759
T1,2026-01-13 08:40:00,6.351955432377723,0.05001343392268023,3.870309906632808
T1,2026-01-13 08:50:00,10.552863599777282,0.5644003350672212,4.172595742421721
T1,2026-01-13 09:00:00,7.996424030590678,0.15620756380339865,3.5733460346873738
T1,2026-01-13 09:10:00,9.909021797835026,0.4445379473514738,3.595006384430208
T1,2026-01-13 09:20:00,7.062796414037275,0.08635822996737416,5.5762403316991085
T1,2026-01-13 09:30:00,7.104102107798459,0.0858971441005996,5.147520142170022
T1,2026-01-13 09:40:00,8.287519843848262,0.18830508874374322,3.3205683467834373
T1,2026-01-13 09:50:00,8.31155138313765,0.19154167610116732,3.34064818444413
T1,2026-01-13 10:00:00,7.841080190088721,0.1523789793091536,1.951318580690154
T1,2026-01-13 10:10:00,9.216481911774846,0.3140647127503646,5.132053998483203
T1,2026-01-13 10:20:00,9.022352420168206,0.29574859858895586,3.9429003223283603
T1,2026-01-13 10:30:00,9.178150311522943,0.3176144301202924,5.503688258679858
T1,2026-01-13 10:40:00,10.123454680889239,0.4807096584092189,4.6999637208925975
T1,2026-01-13 10:50:00,9.919721844915381,0.43245900384825836,2.722697089293482
T1,2026-01-13 11:00:00,8.775942025579672,0.24178541032954864,3.555913471486642
T1,2026-01-13 11:10:00,8.946967873630387,0.26524331859568523,5.864338626819295
T1,2026-01-13 11:20:00,9.874968842399568,0.4218502261528638,2.2282900836290445
T1,2026-01-13 11:30:00,10.40401332070329,0.5531661762865114,4.464286565607127
T1,2026-01-13 11:40:00,8.058738137333473,0.16927345405308217,4.187673180913663
T1,2026-01-13 11:50:00,7.395201507920187,0.10868450261683102,4.852043853681818
T1,2026-01-13 12:00:00,10.934414733778679,0.6450357919464692,3.290568451301967
T1,2026-01-13 12:10:00,8.154534416354979,0.17923037308263876,2.961355197590338
T1,2026-01-13 12:20:00,7.144235480405808,0.090805595221016,3.168902031827838
T1,2026-01-13 12:30:00,10.169246359917926,0.47818250797486256,4.6736595240343775
T1,2026-01-13 12:40:00,9.657609806008415,0.3716976779718396,5.735199050253426
T1,2026-01-13 12:50:00,7.991033924406647,0.16540086065742823,4.536420721326624
T1,2026-01-13 13:00:00,9.019024192943286,0.2975881825871963,5.0529439580598545
T1,2026-01-13 13:10:00,10.548862384133297,0.5735115080690092,4.742418189631203
T1,2026-01-13 13:20:00,9.060150704517262,0.3033368130958259,4.301335321514549
T1,2026-01-13 13:30:00,9.72250344304792,0.3929688556568747,3.151020759879705
T1,2026-01-13 13:40:00,8.57757840001176,0.21421667065495967,3.518559517394474
T1,2026-01-13 13:50:00,9.579531640658066,0.3865022318430921,5.196252173486138
T1,2026-01-13 14:00:00,8.70342434571135,0.23937748756207713,3.7960509901456123
T1,2026-01-13 14:10:00,9.36820876212489,0.34985270222677767,4.509395400664739
T1,2026-01-13 14:20:00,8.341804706671981,0.20032771163342236,4.129907225859222
T1,2026-01-13 14:30:00,10.830703558866547,0.6423849584591774,4.48915643471253
T1,2026-01-13 14:40:00,9.343764426282148,0.3179376334068292,3.076676079222576
T1,2026-01-13 14:50:00,9.538868447502018,0.34880372643428736,4.104930901100935
T1,2026-01-13 15:00:00,7.526697336245098,0.11855920458283131,4.289028930968316
T1,2026-01-13 15:10:00,8.838448320311496,0.2676885869996801,3.3737348319516625
T1,2026-01-13 15:20:00,8.234533551896916,0.18431448467352843,4.051412182400714
T1,2026-01-13 15:30:00,9.9725500580431,0.4216623996605864,5.262307891463618
T1,2026-01-13 15:40:00,8.656299479718978,0.22530228836381472,3.0214652118260035
T1,2026-01-13 15:50:00,8.953770031501442,0.2852324015979462,2.742220497843573
T1,2026-01-13 16:00:00,8.40280570092163,0.2106718868385483,3.3912970445498867
T1,2026-01-13 16:10:00,4.981413757079261,0.010209806515773216,3.2402614474552944
T1,2026-01-13 16:20:00,8.27054361099566,0.1925810204928252,3.511182666340776
T1,2026-01-13 16:30:00,9.723969621918911,0.39458648613795283,4.992659391583428
T1,2026-01-13 16:40:00,6.91148097455828,0.0797410664292971,3.422776385850354
T1,2026-01-13 16:50:00,7.805138912715861,0.14923591216622048,2.697375279582169
T1,2026-01-13 17:00:00,7.866199053664227,0.15694131670869954,4.427617285508267
T1,2026-01-13 17:10:00,7.063297302290277,0.08696639888412229,3.3055181201760884
T1,2026-01-13 17:20:00,8.565067965242736,0.22782721818749893,4.252045197327198
T1,2026-01-13 17:30:00,7.793790478723097,0.1502353791450768,3.792599966474322
T1,2026-01-13 17:40:00,8.649301465320644,0.242780690524562,4.142050168281287
T1,2026-01-13 17:50:00,5.690780333196057,0.02497927889676031,4.389217691474567
T1,2026-01-13 18:00:00,7.011260587651267,0.08431385399275922,2.906467812619765
T1,2026-01-13 18:10:00,9.07652508766217,0.278972785070323,2.0010159181233997
T1,2026-01-13 18:20:00,5.265328855751842,0.015918430930330393,3.44456909596797
T1,2026-01-13 18:30:00,6.628707282740335,0.06050223004817328,5.404943733020409
T1,2026-01-13 18:40:00,6.699562573704441,0.06830120786934925,3.9839673772623945
T1,2026-01-13 18:50:00,6.337806010961918,0.048400789669792395,4.249053068359547
T1,2026-01-13 19:00:00,7.734778496460242,0.1424859341072153,2.787825837141555
T1,2026-01-13 19:10:00,5.320667046936557,0.01552679557166652,1.2529254439838957
T1,2026-01-13 19:20:00,4.847207927283179,0.007826142834827044,3.5180329512327218
T1,2026-01-13 19:30:00,8.01171261329292,0.15994624349631983,3.111046613609034
T1,2026-01-13 19:40:00,6.486668996169227,0.055717241443235456,4.676497154827843
T1,2026-01-13 19:50:00,4.893412448378167,0.0091302982836032,5.145611696025811
T1,2026-01-13 20:00:00,5.865430283991701,0.02912795231794468,4.676914638638765
T1,2026-01-13 20:10:00,5.142068273808627,0.012350043399796045,3.82149172977855
T1,2026-01-13 20:20:00,5.612554725034732,0.024375029145077668,4.468036203325653
T1,2026-01-13 20:30:00,5.502537101856723,0.021183467830575307,1.9731858499048798
T1,2026-01-13 20:40:00,7.101639923430429,0.09043345177853385,3.933791766494358
T1,2026-01-13 20:50:00,6.2078512929216325,0.04437645020772846,5.461508854150117
T1,2026-01-13 21:00:00,6.872964920558007,0.07647565546158906,3.93260565446011
T1,2026-01-13 21:10:00,5.863533965329605,0.029050803816872344,3.065227556041133
T1,2026-01-13 21:20:00,4.73408118025663,0.0064906781767744386,2.17479209915973
T1,2026-01-13 21:30:00,5.788335173323462,0.02874381957851692,6.0201420909089265
T1,2026-01-13 21:40:00,4.906399911693066,0.009212882363221861,4.289212183583142
T1,2026-01-13 21:50:00,6.0489717537908465,0.038330967567061704,5.474648885618278
T1,2026-01-13 22:00:00,5.0787390946330015,0.012247270456585342,2.617332561274784
T1,2026-01-13 22:10:00,3.59205827739511,0.000273245593979976,2.4162126400416075
T1,2026-01-13 22:20:00,4.574804859420872,0.00489985328343692,2.8320446697300805
T1,2026-01-13 22:30:00,2.375394012841673,0.0,2.847604220574567
T1,2026-01-13 22:40:00,7.083287960971425,0.0872333811547511,2.6876213842276124
T1,2026-01-13 22:50:00,6.49483005692827,0.05635276336579738,3.3542348554187322
T1,2026-01-13 23:00:00,3.8029334330141573,0.0006792637270243516,4.34503447251239
T1,2026-01-13 23:10:00,3.154156029282503,4.9615045467568324e-06,5.571329317892962
T1,2026-01-13 23:20:00,6.342368916509358,0.04835233650995698,3.501603015045207
T1,2026-01-13 23:30:00,3.322774177523175,4.2682793903010026e-05,4.057602816543877
T1,2026-01-13 23:40:00,5.257049629853952,0.014951308912796174,4.2908250020703305
T1,2026-01-13 23:50:00,7.424221079383839,0.11154191463364174,2.9796789561304053
T1,2026-01-14 00:00:00,4.682371462521661,0.0059834203940564434,3.0688995592784134
T1,2026-01-14 00:10:00,5.252974947657163,0.014572205135844481,4.002949613331915
T1,2026-01-14 00:20:00,5.983329586551323,0.03358606554798547,3.6176964959422584
T1,2026-01-14 00:30:00,5.075948065101656,0.01195781814392856,3.0011667404214633
T1,2026-01-14 00:40:00,3.5385277206355514,0.00019719613424885787,3.659845841148381
T1,2026-01-14 00:50:00,4.710743160325855,0.006787850952964209,4.917436446993579
T1,2026-01-14 01:00:00,8.865729806821147,0.26510084593467786,6.119691950398563
T1,2026-01-14 01:10:00,5.149951480477508,0.012652304293144085,4.707153514884376
T1,2026-01-14 01:20:00,5.1527024338310525,0.013417634510116249,3.142859354331165
T1,2026-01-14 01:30:00,4.9128133656382165,0.00939252506335428,3.7925327643250535
T1,2026-01-14 01:40:00,5.022856821935661,0.010506912845761678,5.915587648661788
T1,2026-01-14 01:50:00,4.143649927516083,0.0018927235388731785,4.317180707624903
T1,2026-01-14 02:00:00,5.104402612097295,0.01267484128186116,4.298680991379872
T1,2026-01-14 02:10:00,6.337289846797459,0.047888392039597306,4.362459516200693
T1,2026-01-14 02:20:00,2.0596844542844956,0.0,2.766285659429936
T1,2026-01-14 02:30:00,5.141565487739099,0.012151582377728863,2.724045431593424
T1,2026-01-14 02:40:00,5.310447060432552,0.01680678306010238,3.368291038595805
T1,2026-01-14 02:50:00,4.967068653673793,0.01019820583708906,2.4587789467833354
T1,2026-01-14 03:00:00,4.778088027436732,0.007591805512898669,4.123208075274929
T1,2026-01-14 03:10:00,4.989176205154856,0.010018304565719642,3.8175517505360625
T1,2026-01-14 03:20:00,7.338677177436056,0.10796957101960493,4.7304733954861184
T1,2026-01-14 03:30:00,5.142994190262167,0.01235741844978524,4.102726944516579
T1,2026-01-14 03:40:00,5.888863507251,0.03175900637265798,2.7826842223303316
T1,2026-01-14 03:50:00,5.768711792357188,0.028897010964539258,3.730986219391622
T1,2026-01-14 04:00:00,4.895079134134206,0.00871217171355918,4.643659649612866
T1,2026-01-14 04:10:00,7.284380247834922,0.10593622168760025,4.956615673264311
T1,2026-01-14 04:20:00,4.6098002700215615,0.005235813051653992,1.9697869281105844
T1,2026-01-14 04:30:00,7.380268469729668,0.10646518662862883,4.762284714927044
T1,2026-01-14 04:40:00,7.518415562038051,0.12112538071399474,3.920043475471479
T1,2026-01-14 04:50:00,6.63629220096893,0.06095424392749153,4.574444975422647
T1,2026-01-14 05:00:00,4.656060583168979,0.006176212461828422,5.623403137293968
T1,2026-01-14 05:10:00,8.392541849766548,0.20022336133778898,3.516859511125725
T1,2026-01-14 05:20:00,7.246770684485725,0.09988233180146812,4.1125800200917695
T1,2026-01-14 05:30:00,7.820564062302191,0.1425430309083153,4.29210724376248
T1,2026-01-14 05:40:00,7.988424314144296,0.1661755428396557,4.923691590719722
T1,2026-01-14 05:50:00,6.451009185312136,0.05199056878667553,5.2628836649514685
T1,2026-01-14 06:00:00,6.794537274882064,0.07397757965949049,4.597749112558271
T1,2026-01-14 06:10:00,4.9365226684998555,0.009599638391201122,5.905199775461542
T1,2026-01-14 06:20:00,6.48138249332397,0.05723155105951676,4.423900577364563
T1,2026-01-14 06:30:00,7.522641834781011,0.1216914854451816,2.6506779836819443
T1,2026-01-14 06:40:00,7.287441390637794,0.10167451668739179,5.39813567668273
T1,2026-01-14 06:50:00,6.611297469695366,0.06306956100289886,3.374487637974005
T1,2026-01-14 07:00:00,6.8264325337880685,0.06964686831519029,4.69452365001102
T1,2026-01-14 07:10:00,8.172355514833605,0.17426698100890942,4.619054882681207
T1,2026-01-14 07:20:00,8.624281018872862,0.24058069256561632,4.60305464345661
T1,2026-01-14 07:30:00,8.602821743143107,0.22976792943707014,4.137547381546161
T1,2026-01-14 07:40:00,9.677589544659103,0.3907554620311863,3.6569358999322046
T1,2026-01-14 07:50:00,6.923174540746329,0.07788860678464476,5.029014886463811
T1,2026-01-14 08:00:00,9.913099132241417,0.44396979819522125,5.185165416804292
T1,2026-01-14 08:10:00,8.041097546618651,0.1621088335243343,3.444747711689793
T1,2026-01-14 08:20:00,9.199315810113905,0.29984972616938915,3.8485321794205727
T1,2026-01-14 08:30:00,9.360122432812753,0.34110181260718064,3.9219195131717726
T1,2026-01-14 08:40:00,9.24235614747365,0.31926002239166174,3.913426676092136
T1,2026-01-14 08:50:00,7.782649464306712,0.14609409598683964,5.771408221329745
T1,2026-01-14 09:00:00,8.152157131928751,0.16953900848408165,3.220151748716161
T1,2026-01-14 09:10:00,8.7099609318435,0.24904639580840052,3.5363014686042678
T1,2026-01-14 09:20:00,9.622333463396217,0.37155505509711434,3.7080850008061437
T1,2026-01-14 09:30:00,8.53354455236183,0.2262348235803763,3.8670873817228677
T1,2026-01-14 09:40:00,8.865908340755933,0.25959218988206506,4.546544831586575
T1,2026-01-14 09:50:00,10.390112279275318,0.5123510088084675,4.337580816535678
T1,2026-01-14 10:00:00,9.143519783613783,0.3023554226183922,3.7102455076167433
T1,2026-01-14 10:10:00,9.427849798467971,0.34901169007239186,3.1377302097858806
T1,2026-01-14 10:20:00,8.817415857217174,0.26529664072955816,1.0321615000214992
T1,2026-01-14 10:30:00,9.708617775371103,0.4064208773597429,4.42086484176964
T1,2026-01-14 10:40:00,7.279348789530978,0.09943107587792534,3.5823050583604297
T1,2026-01-14 10:50:00,10.406415251737712,0.5101321240092338,3.458936034319063
T1,2026-01-14 11:00:00,9.11592929197189,0.30094530338534786,2.2997883559742327
T1,2026-01-14 11:10:00,9.154529954526918,0.2891070712925507,5.308105028523375
T1,2026-01-14 11:20:00,10.14493752125673,0.47930524436595157,3.703201364816785
T1,2026-01-14 11:30:00,8.220831929545332,0.18006215862034353,2.276303011231015
T1,2026-01-14 11:40:00,11.194877794167802,0.7092730637464226,2.4423865623500998
T1,2026-01-14 11:50:00,12.860417276547702,0.9679770145598534,3.877594197714748
T1,2026-01-14 12:00:00,8.66539344570592,0.23135702491433663,3.58961492495004
T1,2026-01-14 12:10:00,11.003669419760621,0.6817295442606298,5.884627308254822
T1,2026-01-14 12:20:00,9.66409784062161,0.38202009233144807,5.312683461232687
T1,2026-01-14 12:30:00,10.44126679915509,0.5529415387245068,4.692442119588149
T1,2026-01-14 12:40:00,9.523653201183604,0.37215895639861063,2.3661172212550854
T1,2026-01-14 12:50:00,9.725388534237595,0.38103861061190136,3.9069385475114915
T1,2026-01-14 13:00:00,8.94169239598165,0.2635438143231884,5.940032521346883
T1,2026-01-14 13:10:00,8.289353519021315,0.19767644676484084,4.752721277519476
T1,2026-01-14 13:20:00,9.210821057982812,0.31915950173315977,2.959565549318897
T1,2026-01-14 13:30:00,9.239951453651534,0.3095757303619473,4.9638415937088585
T1,2026-01-14 13:40:00,10.140680052599643,0.4826820532354961,3.60410119325989
T1,2026-01-14 13:50:00,8.148678539457585,0.17996162433702959,5.494623659356199
T1,2026-01-14 14:00:00,7.233026919441562,0.09945180149857137,2.8640477181158213
T1,2026-01-14 14:10:00,8.33025169524234,0.20692774116973264,3.291713084995658
T1,2026-01-14 14:20:00,7.790312595367205,0.13782791764153943,4.138905777517067
T1,2026-01-14 14:30:00,9.344988581003529,0.32170192169217365,5.325609496679933
T1,2026-01-14 14:40:00,10.471729121795763,0.5281110966060661,3.6045966469013666
T1,2026-01-14 14:50:00,7.694642460225044,0.1393272348521675,3.4146948132335533
T1,2026-01-14 15:00:00,8.27582486839212,0.1978107256541968,3.175027705664575
T1,2026-01-14 15:10:00,8.290677845648013,0.1904078557141003,3.846491813380665
T1,2026-01-14 15:20:00,7.0003464916228335,0.08218322617191139,3.5876394545072743
T1,2026-01-14 15:30:00,7.7594815013631395,0.1460633638759648,1.6570422721501838
T1,2026-01-14 15:40:00,8.155225781505486,0.17744160109853627,5.821056538366744
T1,2026-01-14 15:50:00,8.342829463160124,0.19661296961222657,3.52247888324123
T1,2026-01-14 16:00:00,9.185198191781726,0.3049250517541638,4.088362575025767
T1,2026-01-14 16:10:00,7.807988479730382,0.14393353308815643,4.160006360252176
T1,2026-01-14 16:20:00,10.770679892164402,0.6083251664361284,3.4402805051196066
T1,2026-01-14 16:30:00,9.338757234182644,0.3279438210963935,2.6121177029050973
T1,2026-01-14 16:40:00,8.269318056931022,0.18597132939057492,4.765072118446454
T1,2026-01-14 16:50:00,9.0920355348491,0.2885096338135435,4.593758434967998
T1,2026-01-14 17:00:00,9.059251514308341,0.28280434993438386,4.708508154392783
T1,2026-01-14 17:10:00,9.156167907970538,0.3050891320952297,3.5669656676266492
T1,2026-01-14 17:20:00,4.631980454208533,0.005914536131167594,3.3179848322225007
T1,2026-01-14 17:30:00,8.027382289256478,0.16177590338825387,3.202947700521621
T1,2026-01-14 17:40:00,6.644783160304399,0.06593709049364947,3.932447629440243
T1,2026-01-14 17:50:00,6.691679912008338,0.06366171075674977,5.01280563710144
T1,2026-01-14 18:00:00,7.262452432212929,0.09854286214795216,4.008691984680573
T1,2026-01-14 18:10:00,6.964065583749441,0.08302233222685322,3.7125999992997976
T1,2026-01-14 18:20:00,7.110390138140605,0.09295823802722165,4.6195868214821445
T1,2026-01-14 18:30:00,5.866877624461432,0.02980206174673382,3.6529908346220745
T1,2026-01-14 18:40:00,7.006987400380377,0.07986743502658401,4.116023337389071
T1,2026-01-14 18:50:00,7.351136635255103,0.10820747805880372,3.4843264030098218
T1,2026-01-14 19:00:00,7.2748240338051735,0.1054570365879437,3.9050139651526403
T1,2026-01-14 19:10:00,5.7027945885881035,0.024543182847910922,3.902711466295326
T1,2026-01-14 19:20:00,6.213767605303489,0.043303404966770404,4.034448361112285
T1,2026-01-14 19:30:00,6.450419231178515,0.05098961399488767,3.0175106161741136
T1,2026-01-14 19:40:00,5.204247273327635,0.01451462362911622,3.7907091809987774
T1,2026-01-14 19:50:00,4.8012147592068715,0.007659785470323213,3.581161944754014
T1,2026-01-14 20:00:00,6.668787555670329,0.06699158468886289,1.5337363797372507
T1,2026-01-14 20:10:00,8.792394287768758,0.24651851449500753,2.6641153233562953
T1,2026-01-14 20:20:00,3.9184039599458034,0.0009891689407972378,4.96081792989595
T1,2026-01-14 20:30:00,6.14598828417412,0.04218461948861209,3.7037879854116738
T1,2026-01-14 20:40:00,5.616297403715465,0.022460755878665518,5.302808138070665
T1,2026-01-14 20:50:00,5.755058641281284,0.025973253449676506,5.70559231919044
T1,2026-01-14 21:00:00,2.5523373365616067,0.0,2.675148320128291
T1,2026-01-14 21:10:00,4.912009149122253,0.009120548763325156,4.886771815652441
T1,2026-01-14 21:20:00,5.308612628305769,0.01594157791349379,4.768807024506722
T1,2026-01-14 21:30:00,5.113088483090436,0.011978226776418634,3.8409049286255335
T1,2026-01-14 21:40:00,3.4826481314927102,0.00014208694805478345,4.118457722416356
T1,2026-01-14 21:50:00,5.442210750790521,0.01805381121533493,3.9699701785446897
T1,2026-01-14 22:00:00,5.729060634279799,0.025098896214326313,3.505918096322063
T1,2026-01-14 22:10:00,3.3420767652253733,5.4639214257981355e-05,5.602121033373251
T1,2026-01-14 22:20:00,5.940616121287759,0.03396605609360379,4.4510597973026895
T1,2026-01-14 22:30:00,2.3650921187127745,0.0,4.6736386227454885
T1,2026-01-14 22:40:00,4.799559535179396,0.007935060108624317,3.4903491147332435
T1,2026-01-14 22:50:00,4.446197860211265,0.0038622609366853623,3.0573938186077694
T1,2026-01-14 23:00:00,5.618044513261686,0.023984790985233095,5.133282345699071
T1,2026-01-14 23:10:00,4.501869854731764,0.004420750365656052,5.448917534464783
T1,2026-01-14 23:20:00,3.5151027754522097,0.00018061727239192715,2.6643027656337557
T1,2026-01-14 23:30:00,4.70076812063233,0.006479150147956334,2.710050533789901
T1,2026-01-14 23:40:00,3.50900361424626,0.00017217145305466053,4.996301878459765
T1,2026-01-14 23:50:00,2.6486521467402513,0.0,3.9498415356995724
T1,2026-01-15 00:00:00,3.4598053522522854,0.00013139154209371707,4.443286967468087
T1,2026-01-15 00:10:00,3.733580263421288,0.0005403638648428364,5.760360932101562
T1,2026-01-15 00:20:00,4.324060058051643,0.0030062063717797224,3.8869100532005856
T1,2026-01-15 00:30:00,5.139780892311299,0.012746422738644132,3.4221766902685578
T1,2026-01-15 00:40:00,5.2028146018979395,0.014543085496030317,4.612826889911562
T1,2026-01-15 00:50:00,3.477798965294876,0.0001384116666554251,2.7086621704547773
T1,2026-01-15 01:00:00,1.8453455344207788,0.0,4.177312322356955
T1,2026-01-15 01:10:00,4.630019046193764,0.005347747161368032,4.836133743220705
T1,2026-01-15 01:20:00,4.94687563926244,0.00912928405771535,3.6053660565161354
T1,2026-01-15 01:30:00,6.23596672303124,0.0458932125752917,4.080402109469048
T1,2026-01-15 01:40:00,4.649407129459743,0.006098416554341354,6.01188180428682
T1,2026-01-15 01:50:00,3.193732259470882,9.882374496299319e-06,3.811655793990522
T1,2026-01-15 02:00:00,3.754077402351608,0.0005571310941881039,3.6962268062417962
T1,2026-01-15 02:10:00,2.96541760293749,0.0,3.410513872876692
T1,2026-01-15 02:20:00,3.999262535505527,0.001324559781629849,5.628189239828995
T1,2026-01-15 02:30:00,7.679571478506244,0.13088211025531063,4.138563153596586
T1,2026-01-15 02:40:00,6.442678115726375,0.05404102721439887,4.575059177797054
T1,2026-01-15 02:50:00,4.9904703007428575,0.010600742789200462,3.686840042017101
T1,2026-01-15 03:00:00,5.595577787638501,0.02359262745289395,4.0733774812779435
T1,2026-01-15 03:10:00,5.2935928748647765,0.015866008352788893,3.235432077007148
T1,2026-01-15 03:20:00,4.371897124670558,0.0035031559448427288,3.631257499678556
T1,2026-01-15 03:30:00,4.274812676786237,0.002558591284812068,3.971818212876585
T1,2026-01-15 03:40:00,5.1840901520029465,0.013645701086416467,2.776470961258562
T1,2026-01-15 03:50:00,4.206366341479579,0.00229030976832066,4.582286110940494
T1,2026-01-15 04:00:00,6.1691226063507205,0.04338864475970799,1.4271491180159313
T1,2026-01-15 04:10:00,5.89318107315164,0.03293270772043029,1.586333739027824
T1,2026-01-15 04:20:00,6.117824651910365,0.03765419977355286,4.4354398306503064
T1,2026-01-15 04:30:00,5.826178468695101,0.029454429795457964,4.4215709395395075
T1,2026-01-15 04:40:00,7.323648672839392,0.10774550684057035,5.910285020607378
T1,2026-01-15 04:50:00,7.015578743626154,0.08512966016127903,4.146344572504833
T1,2026-01-15 05:00:00,6.947919430563099,0.0800949468860649,4.343936855102238
T1,2026-01-15 05:10:00,5.761989653375996,0.027021955466515472,2.9432638823334814
T1,2026-01-15 05:20:00,8.359149487342643,0.19029319176356124,5.320225267022358
T1,2026-01-15 05:30:00,5.837806955156068,0.030260827704372686,4.312590722021588
T1,2026-01-15 05:40:00,7.726485210410912,0.14015525007024807,4.315101351301777
T1,2026-01-15 05:50:00,9.118756639750645,0.2960424390467013,3.9825860854454738
T1,2026-01-15 06:00:00,7.227996608244236,0.09389528154834473,4.356714796217835
T1,2026-01-15 06:10:00,6.95551973481335,0.07796490435177873,2.345322160479786
T1,2026-01-15 06:20:00,6.516453689240529,0.05662093428360843,4.657100317420279
T1,2026-01-15 06:30:00,9.12782537433823,0.28787616906512487,5.45314792407812
T1,2026-01-15 06:40:00,8.00797756045061,0.16746112858683915,4.503181615295367
T1,2026-01-15 06:50:00,7.285479276637939,0.10620325056659792,4.658012437789557
T1,2026-01-15 07:00:00,10.154005699891842,0.46375636188592173,4.9843435464678745
T1,2026-01-15 07:10:00,6.7193386848238,0.07050586024959717,4.430438647324079
T1,2026-01-15 07:20:00,4.626353204533157,0.005389647285688996,2.892079033262921
T1,2026-01-15 07:30:00,7.998748517916444,0.16589783220795112,3.6640649599294175
T1,2026-01-15 07:40:00,6.795949838108264,0.06860669406348074,4.320348935091692
T1,2026-01-15 07:50:00,7.339139676368174,0.10812713973451613,3.7842922210861865
T1,2026-01-15 08:00:00,7.776279094736977,0.1470240085622472,4.50091648376793
T1,2026-01-15 08:10:00,10.069438593025579,0.452674179782773,3.6604321186830893
T1,2026-01-15 08:20:00,9.182244131287407,0.3043769818535272,4.631705327303184
T1,2026-01-15 08:30:00,6.370188697500681,0.050493803877452795,3.9358854865052706
T1,2026-01-15 08:40:00,6.74927495040131,0.06924426148849061,5.3608140714327694
T1,2026-01-15 08:50:00,10.275553256591094,0.5001719532639205,5.362563353564184
T1,2026-01-15 09:00:00,7.173426753414034,0.09267639164269743,3.393081661173034
T1,2026-01-15 09:10:00,8.538112907545262,0.2187477262801087,3.416055204404908
T1,2026-01-15 09:20:00,9.801281437273358,0.3986416053461263,3.2568643096750605
T1,2026-01-15 09:30:00,8.13337303499212,0.17702156458721574,3.8720433638477734
T1,2026-01-15 09:40:00,7.863660913797238,0.1490906166619368,3.887678609681432
T1,2026-01-15 09:50:00,8.750824879726194,0.23767003369711073,5.00182580682331
T1,2026-01-15 10:00:00,8.25942837220293,0.18180004962943533,3.917937551597025
T1,2026-01-15 10:10:00,9.445237045381475,0.3332701661123047,4.1947011990425755
T1,2026-01-15 10:20:00,10.823086883142496,0.5975077313009477,2.960054991058157
T1,2026-01-15 10:30:00,9.577660388992607,0.36784243867700234,2.7586981412616876
T1,2026-01-15 10:40:00,8.792784662039088,0.2592772544632527,3.2605649450580088
T1,2026-01-15 10:50:00,7.927409507574548,0.16390234339999055,5.940183643174132
T1,2026-01-15 11:00:00,8.315186025084714,0.20434415962790498,4.969992011264781
T1,2026-01-15 11:10:00,7.007686217725647,0.08533764106208032,5.010650238134534
T1,2026-01-15 11:20:00,11.03339430183209,0.6624267726973738,3.112704931487756
T1,2026-01-15 11:30:00,9.879685335514532,0.4359694750834689,3.1194157462243326
T1,2026-01-15 11:40:00,10.895378725478992,0.6370434698683984,4.855802100139502
T1,2026-01-15 11:50:00,9.123183384344477,0.28585336337470246,4.811467695117326
T1,2026-01-15 12:00:00,12.45630674811835,0.9871854972951439,3.9761141185686824
T1,2026-01-15 12:10:00,11.00890091480388,0.6628357093361179,2.3275804841994336
T1,2026-01-15 12:20:00,9.085284847149074,0.28261520096488835,2.0032051007514395
T1,2026-01-15 12:30:00,8.511053215292899,0.22857356947755902,4.670533909933655
T1,2026-01-15 12:40:00,7.505228318007912,0.11299969171335539,3.7485005416874686
T1,2026-01-15 12:50:00,8.255435283103695,0.1893691159818006,4.929639480330082
T1,2026-01-15 13:00:00,9.653560084001656,0.3679451407135353,4.375386268342367
T1,2026-01-15 13:10:00,7.017118646955742,0.0808203810012432,5.4563306985824935
T1,2026-01-15 13:20:00,10.313778363454777,0.4931130288860022,3.00092634821564
T1,2026-01-15 13:30:00,10.720443081571648,0.6293144809285157,2.943583609654621
T1,2026-01-15 13:40:00,9.61169501077243,0.3833247426534539,2.6378708921710614
T1,2026-01-15 13:50:00,9.120085303987535,0.29340911702661043,3.2997152328805415
T1,2026-01-15 14:00:00,8.220850535503423,0.17906689041965218,2.454693285511256
T1,2026-01-15 14:10:00,11.832059157997064,0.940399991207693,4.326483148348284
T1,2026-01-15 14:20:00,8.669109645493842,0.22978733745542881,2.012465651091357
T1,2026-01-15 14:30:00,10.729149529579473,0.5863969202002108,4.16464290773658
T1,2026-01-15 14:40:00,9.540255025722685,0.35299997299797614,6.335100825446773
T1,2026-01-15 14:50:00,10.660537587867259,0.5999406136413665,3.236328860974262
T1,2026-01-15 15:00:00,10.193066870444849,0.49000140363792166,3.7171007885069627
T1,2026-01-15 15:10:00,7.634508587449417,0.13328939089961017,3.6496519646682537
T1,2026-01-15 15:20:00,9.162895467284708,0.29440610819798935,4.665640304661425
T1,2026-01-15 15:30:00,8.328520143802717,0.18956492316312898,5.366150711355855
T1,2026-01-15 15:40:00,9.613117971915983,0.3607321035043803,2.6666034399085117
T1,2026-01-15 15:50:00,7.094057385002912,0.08752967539161569,2.47974841765493
T1,2026-01-15 16:00:00,8.101790606367421,0.17089000597853135,2.252582242851007
T1,2026-01-15 16:10:00,7.496685663641375,0.11708197042961485,3.496324055883935
T1,2026-01-15 16:20:00,8.361471305511868,0.1980225619380864,3.565473296332677
T1,2026-01-15 16:30:00,6.1682527612512885,0.04061370089995034,2.605239072616966
T1,2026-01-15 16:40:00,8.165181029677665,0.17940144930706606,4.424717543017693
T1,2026-01-15 16:50:00,7.048846413074157,0.08328171504231338,4.533187899554502
T1,2026-01-15 17:00:00,8.339261775695764,0.1954728958512985,3.989635910206803
T1,2026-01-15 17:10:00,6.948653240254502,0.07841881919996867,2.605810053856396
T1,2026-01-15 17:20:00,6.934878171893305,0.07542375573590156,5.354458435993748
T1,2026-01-15 17:30:00,7.23286882818982,0.10310056109192783,4.207287647671276
T1,2026-01-15 17:40:00,7.014863415679198,0.08817695889123783,4.693087180961396
T1,2026-01-15 17:50:00,3.901970080835232,0.0009210569452620586,1.6146018959536668
T1,2026-01-15 18:00:00,7.7585005637815865,0.13794267145890507,5.3195552924836
T1,2026-01-15 18:10:00,6.850604044402087,0.07322347197307626,6.042880407911015
T1,2026-01-15 18:20:00,6.4049088152556255,0.04972036752039179,4.653890476473456
T1,2026-01-15 18:30:00,6.810119565162676,0.07527388987241455,5.388110999736817
T1,2026-01-15 18:40:00,5.665736229039039,0.02351649127868012,3.1554366548006474
T1,2026-01-15 18:50:00,6.664797708168291,0.062219596540831125,2.5088865955172848
T1,2026-01-15 19:00:00,4.294710327307176,0.00289134691463386,5.5579769071064495
T1,2026-01-15 19:10:00,4.887032771245935,0.008314574144861555,3.444329464129317
T1,2026-01-15 19:20:00,6.1509461403320245,0.039348145580007536,3.2968420187592375
T1,2026-01-15 19:30:00,3.9635053243023313,0.0012030433177245038,5.616932740591726
T1,2026-01-15 19:40:00,5.9890330050633604,0.035782205141251515,4.38023663946781
T1,2026-01-15 19:50:00,7.986971280879391,0.1698531388051367,3.4009798509679103
T1,2026-01-15 20:00:00,7.386357355545806,0.10758663000637977,4.016542161219444
T1,2026-01-15 20:10:00,6.737542282627564,0.06549635385943016,2.835696117710304
T1,2026-01-15 20:20:00,4.769106053309979,0.0072841585834318425,4.644881231329453
T1,2026-01-15 20:30:00,4.451606097532188,0.004059716851753947,5.005454055630492
T1,2026-01-15 20:40:00,5.438488363816846,0.01981985932037927,3.6965532340662746
T1,2026-01-15 20:50:00,6.398093841522855,0.052588411298755605,4.596835437895176
T1,2026-01-15 21:00:00,5.6570289057161345,0.024922581743710884,2.780190232100583
T1,2026-01-15 21:10:00,5.011568590610537,0.010706923264223378,3.1308070661272125
T1,2026-01-15 21:20:00,4.926060580128393,0.008928562749745869,2.736084653947306
T1,2026-01-15 21:30:00,7.456804432469066,0.10979170035993596,5.264082693400567
T1,2026-01-15 21:40:00,2.2450976435097805,0.0,3.758011907600061
T1,2026-01-15 21:50:00,3.199829225699451,1.064048299122569e-05,4.940752707333087
T1,2026-01-15 22:00:00,5.94282338048062,0.03228226970631164,5.845741470447502
T1,2026-01-15 22:10:00,5.236153912403552,0.014885279133913052,4.08368808739013
T1,2026-01-15 22:20:00,3.2378166874816614,1.664983997704591e-05,3.7621716339473084
T1,2026-01-15 22:30:00,6.157753336265918,0.03995309611965622,4.719004035405613
T1,2026-01-15 22:40:00,3.3135364336189497,3.895637044429957e-05,3.2770625186086164
T1,2026-01-15 22:50:00,4.550554078209136,0.005069018211806928,4.654385310606131
T1,2026-01-15 23:00:00,4.492444759156952,0.004208787448554302,3.39168045651976
T1,2026-01-15 23:10:00,4.844555408982834,0.00804985631783936,3.2654387954265016
T1,2026-01-15 23:20:00,4.344763385323379,0.003036008911568143,3.3677612738983176
T1,2026-01-15 23:30:00,5.539158184137575,0.022202546747892106,2.965242052644353
T1,2026-01-15 23:40:00,4.207817835226593,0.0023061266881421786,2.5980632147107854
T1,2026-01-15 23:50:00,3.703638968181227,0.0004747811221819136,4.35470381060967
T1,2026-01-16 00:00:00,3.6060761527448886,0.00028655413003309774,4.554206991892375
T1,2026-01-16 00:10:00,2.3496335832152484,0.0,5.048566551984809
T1,2026-01-16 00:20:00,4.0699774205188035,0.0015538786614909031,5.173459838337233
T1,2026-01-16 00:30:00,6.596399635230504,0.061731629373903384,4.5399462484027415
T1,2026-01-16 00:40:00,4.41495750979962,0.0037252900465809093,4.98354659988477
T1,2026-01-16 00:50:00,6.315129860564,0.04971797311042036,4.693833728596136
T1,2026-01-16 01:00:00,3.6855097507915713,0.0004174836719163049,2.0790785351770835
T1,2026-01-16 01:10:00,5.053374022784729,0.01181893007907602,4.022680249346912
T1,2026-01-16 01:20:00,5.049664057116322,0.011161162303376904,4.25486860705322
T1,2026-01-16 01:30:00,1.4483213656860836,0.0,2.8544831072997496
T1,2026-01-16 01:40:00,3.373496814351002,6.460119601390465e-05,3.844968577158423
T1,2026-01-16 01:50:00,3.163615520206251,5.766013793428737e-06,3.7465428704330694
T1,2026-01-16 02:00:00,5.291311013006129,0.016276963096758603,3.18178581765088
T1,2026-01-16 02:10:00,3.039975043331317,8.705600865602393e-08,5.176430739491057
T1,2026-01-16 02:20:00,6.096814680781458,0.037305594806348534,3.317648084825284
T1,2026-01-16 02:30:00,5.022257254785765,0.010752725525385155,3.8718315309186795
T1,2026-01-16 02:40:00,4.019835910194695,0.001384344209475575,5.332259765738937
T1,2026-01-16 02:50:00,3.633855844850794,0.0003478654802795326,1.9587878501105207
T1,2026-01-16 03:00:00,7.8677093264084705,0.15195271175338618,5.095705841929289
T1,2026-01-16 03:10:00,6.215672042942715,0.042095753617864086,4.288003281604359
T1,2026-01-16 03:20:00,5.361485523200165,0.017001456602763212,6.318409039586685
T1,2026-01-16 03:30:00,7.505606515780094,0.12176226372022624,5.605087237024507
T1,2026-01-16 03:40:00,5.266378389459488,0.015066735196483418,4.9101999182679155
T1,2026-01-16 03:50:00,6.451805581511579,0.05568168573819446,5.201059163415365
T1,2026-01-16 04:00:00,5.3999687083240815,0.017526644328997452,5.426168321494057
T1,2026-01-16 04:10:00,6.684198579786897,0.06389073980897776,2.8034557843036048
T1,2026-01-16 04:20:00,6.615610772372056,0.06402743267091654,3.0159203869912736
T1,2026-01-16 04:30:00,7.53033349124221,0.1191096472475447,4.016683850570967
T1,2026-01-16 04:40:00,7.574204838512911,0.1202390189648812,5.4179631908221175
T1,2026-01-16 04:50:00,6.3907402578008385,0.05050531872150271,3.783104447994879
T1,2026-01-16 05:00:00,5.903728350227731,0.03073826724338553,3.6064787424235836
T1,2026-01-16 05:10:00,6.7106400819581085,0.06839687230708337,4.445104865111427
T1,2026-01-16 05:20:00,7.539260218849115,0.12312316905420986,3.62216013968278
T1,2026-01-16 05:30:00,7.496295049448508,0.11525753154500765,3.964964167944238
T1,2026-01-16 05:40:00,5.942674286647268,0.032171924606701256,5.789678197791742
T1,2026-01-16 05:50:00,7.189223097710662,0.09468417049169643,5.393437251495046
T1,2026-01-16 06:00:00,7.059563785814084,0.0886382513891645,3.9531697832557717
T1,2026-01-16 06:10:00,8.921650842387622,0.2837788541460553,4.235527333101089
T1,2026-01-16 06:20:00,9.505115955438807,0.35807126283974355,4.036997281688071
T1,2026-01-16 06:30:00,6.394730615238291,0.049433514889429035,4.902232898062195
T1,2026-01-16 06:40:00,6.783989445502419,0.07303858087359313,4.420139663838983
T1,2026-01-16 06:50:00,9.107365077813789,0.31136428156629703,3.85794459575871
T1,2026-01-16 07:00:00,7.808927007290547,0.14211938102301205,4.7442668159348
T1,2026-01-16 07:10:00,8.21636393542985,0.1853180097451527,3.670239165353963
T1,2026-01-16 07:20:00,8.55492526432652,0.22402491433997776,1.9851639529603418
T1,2026-01-16 07:30:00,6.3102145956212405,0.04853262711339517,4.100392531089671
T1,2026-01-16 07:40:00,6.626919995381781,0.05931996120019874,2.9053936813984826
T1,2026-01-16 07:50:00,9.56128455312501,0.38191835968559895,6.2248398481272025
T1,2026-01-16 08:00:00,8.742276675748483,0.2574871734484914,5.110394276750878
T1,2026-01-16 08:10:00,9.790883694808505,0.42152985062637766,3.369585526676329
T1,2026-01-16 08:20:00,8.452071384444832,0.21635734492697473,2.874077194839834
T1,2026-01-16 08:30:00,9.48337609917918,0.3609150898500674,4.092903637796083
T1,2026-01-16 08:40:00,9.331849839536515,0.3371045609650198,3.1441282631992507
T1,2026-01-16 08:50:00,8.499137885054086,0.2147467091652815,4.4635371234561685
T1,2026-01-16 09:00:00,10.361836375172938,0.5303146848263114,3.3209374319498854
T1,2026-01-16 09:10:00,8.81675710674376,0.2650759908686656,3.240388946411716
T1,2026-01-16 09:20:00,10.304431041064305,0.5250885720402977,4.0894956253506525
T1,2026-01-16 09:30:00,7.2952146471952215,0.10207000798997269,3.949470771103882
T1,2026-01-16 09:40:00,9.419634161622037,0.33513201149655375,3.604815822706557
T1,2026-01-16 09:50:00,12.235817217335,0.9632638415890283,3.8144822404052263
T1,2026-01-16 10:00:00,10.701630033274206,0.6172043359206855,4.496612762237666
T1,2026-01-16 10:10:00,7.432501575961849,0.11265946770473843,4.9412111042825275
T1,2026-01-16 10:20:00,7.745165382671686,0.1365314283049719,4.07572770614377
T1,2026-01-16 10:30:00,9.23520991958692,0.3173208940089941,4.146407023218589
T1,2026-01-16 10:40:00,9.90745348949002,0.40818549604662285,4.455801194735109
T1,2026-01-16 10:50:00,8.598756182173416,0.23375621479858566,4.488634061579566
T1,2026-01-16 11:00:00,8.310404123902416,0.1894293973437177,3.682788564341681
T1,2026-01-16 11:10:00,7.557488381875281,0.11914361857492818,5.128082623182763
T1,2026-01-16 11:20:00,8.409212605285424,0.20295201981407024,2.7727209400948034
T1,2026-01-16 11:30:00,7.067709914835165,0.08776700825256942,2.7918442523207228
T1,2026-01-16 11:40:00,8.829694182037938,0.26471119663347686,4.877917672086337
T1,2026-01-16 11:50:00,10.690018459665897,0.5950959111812341,3.744040809954548
T1,2026-01-16 12:00:00,9.995732708384706,0.46906678282250835,3.847805996343844
T1,2026-01-16 12:10:00,8.985388538278261,0.286641309784123,5.399658946110285
T1,2026-01-16 12:20:00,12.290588965256182,0.9921451744258349,2.9322433025739087
T1,2026-01-16 12:30:00,9.35517518098094,0.3505098149328873,5.826366790225542
T1,2026-01-16 12:40:00,8.848695717612115,0.25391400704901157,3.861079715913158
T1,2026-01-16 12:50:00,9.703750730029602,0.40772850003897376,4.453734666128518
T1,2026-01-16 13:00:00,11.263902954720113,0.7146219682426043,1.9916277566068321
T1,2026-01-16 13:10:00,8.600946858407138,0.2287690416685331,4.411607570830875
T1,2026-01-16 13:20:00,12.527317899851024,0.9012624871362998,4.54687806110607
T1,2026-01-16 13:30:00,8.6726006935246,0.24665403980311695,4.285659625950522
T1,2026-01-16 13:40:00,8.886428321717982,0.25813020678639714,3.812785414627063
T1,2026-01-16 13:50:00,10.729465622408728,0.6299234175145617,4.406921060767939
T1,2026-01-16 14:00:00,8.996842688652293,0.2733163554289501,5.214655519910544
T1,2026-01-16 14:10:00,10.85257123158906,0.6423513245125381,4.029824894260494
T1,2026-01-16 14:20:00,9.978113001863411,0.43578091628721716,4.380146718228661
T1,2026-01-16 14:30:00,8.105455388777532,0.16602697720942575,4.714655037011484
T1,2026-01-16 14:40:00,9.041980218894608,0.27898445000301514,4.4619805243515875
T1,2026-01-16 14:50:00,9.342678241676058,0.33917428438276,5.1605288228638795
T1,2026-01-16 15:00:00,9.989220811637793,0.45596418530087646,5.616847285069264
T1,2026-01-16 15:10:00,11.685502272106511,0.8313837654913077,3.8459153444247285
T1,2026-01-16 15:20:00,9.579684307525968,0.36497905271630215,4.34365158200331
T1,2026-01-16 15:30:00,8.084187225647009,0.16787513266605528,4.909456456525566
T1,2026-01-16 15:40:00,9.573226523394107,0.35993889545195257,4.486931919020289
T1,2026-01-16 15:50:00,9.751573572514845,0.4066329789983487,4.059145197154948
T1,2026-01-16 16:00:00,7.310063259416527,0.10982691357048614,3.2949845827810176
T1,2026-01-16 16:10:00,9.436397391338584,0.35036080884409304,5.024741298139811
T1,2026-01-16 16:20:00,8.146546090081424,0.17070918494665036,3.2885838079249146
T1,2026-01-16 16:30:00,7.601573264772716,0.12462007526454874,4.189465030314156
T1,2026-01-16 16:40:00,8.823324039883833,0.25971519152671724,3.6250446491844306
T1,2026-01-16 16:50:00,5.389235742739995,0.018680732916663712,4.9106964012149446
T1,2026-01-16 17:00:00,5.5677792335414935,0.021639567595894693,2.640826703867166
T1,2026-01-16 17:10:00,8.2499920603766,0.19124973880032622,5.552779180199765
T1,2026-01-16 17:20:00,8.302493610451023,0.1926018811366963,3.5249099889051667
T1,2026-01-16 17:30:00,6.09589536328571,0.03883468104146867,5.348043127790417
T1,2026-01-16 17:40:00,5.836058145722153,0.030004304451276553,4.9927299848903335
T1,2026-01-16 17:50:00,8.433934807604164,0.2173558055682394,4.579095237969371
T1,2026-01-16 18:00:00,5.9320518858112,0.03341257357799351,5.617865600491172
T1,2026-01-16 18:10:00,8.136486552940347,0.169572144781765,3.6302474654302106
T1,2026-01-16 18:20:00,6.638653886636385,0.06228943805113327,3.811598181096926
T1,2026-01-16 18:30:00,6.849504365226557,0.07626787487276415,4.7782499734494275
T1,2026-01-16 18:40:00,5.531487493640888,0.02177603820004166,4.901846805313043
T1,2026-01-16 18:50:00,7.630190350479081,0.13569305469198442,3.739620327075767
T1,2026-01-16 19:00:00,7.656738217234034,0.12694550538092803,4.930424965251436
T1,2026-01-16 19:10:00,7.11818109315507,0.09277352445870328,3.613606203658483
T1,2026-01-16 19:20:00,5.608921024375583,0.022868435322535755,4.872176184349696
T1,2026-01-16 19:30:00,6.171533824488042,0.04256452797999545,3.4801453816323145
T1,2026-01-16 19:40:00,4.766924396733974,0.00741041563937146,4.58269207320838
T1,2026-01-16 19:50:00,6.151980938258891,0.042080962446898594,4.074612029070805
T1,2026-01-16 20:00:00,6.954127804253038,0.08184750499645538,5.6915596676514815
T1,2026-01-16 20:10:00,5.073664601119031,0.011665551982208276,3.249685217492101
T1,2026-01-16 20:20:00,4.728041262789152,0.006405078455913369,4.087441657573164
T1,2026-01-16 20:30:00,3.9665002284407485,0.0011865221710985426,4.665074745802438
T1,2026-01-16 20:40:00,5.497945163177368,0.02136946546251725,5.585212532421532
T1,2026-01-16 20:50:00,5.112284518838748,0.011871532064834302,2.825749899909759
T1,2026-01-16 21:00:00,5.019102134467806,0.010660386408141032,3.505453105535902
T1,2026-01-16 21:10:00,7.926266597800318,0.15612968870298316,5.068233152863569
T1,2026-01-16 21:20:00,7.419786187203321,0.11108530496715335,4.355377343644512
T1,2026-01-16 21:30:00,3.510754999298582,0.00017431344125895952,3.0394318638211963
T1,2026-01-16 21:40:00,1.9340766185735312,0.0,6.353082903096823
T1,2026-01-16 21:50:00,4.126687327492285,0.0018206309720810252,2.5103663525139006
T1,2026-01-16 22:00:00,3.9589140019563085,0.0011084462938803523,4.042610829162017
T1,2026-01-16 22:10:00,6.039577250798368,0.034958089131491496,4.541282669149328
T1,2026-01-16 22:20:00,5.633517307922632,0.023626031536634624,1.9938953162219093
T1,2026-01-16 22:30:00,3.7037404710764865,0.0004371488527879539,3.455582043660494
T1,2026-01-16 22:40:00,6.450727258180705,0.051074193067589924,3.164662914331233
T1,2026-01-16 22:50:00,6.759436985852292,0.06661169793337732,2.375845463888176
T1,2026-01-16 23:00:00,4.330869658748046,0.0030084138417289436,3.8612552981360504
T1,2026-01-16 23:10:00,3.87653882072132,0.000922682695207017,4.307264184489621
T1,2026-01-16 23:20:00,4.225971799892026,0.0023080306924129134,3.644754038640443
T1,2026-01-16 23:30:00,4.312450909943502,0.0028988470942527427,4.525413185605616
T1,2026-01-16 23:40:00,5.399270735106225,0.017662139860550204,4.0198972297908675
T1,2026-01-16 23:50:00,3.188806045446378,9.168006593244005e-06,3.73478022813141
T1,2026-01-17 00:00:00,1.6510896892278133,0.0,3.9630531903209936
T1,2026-01-17 00:10:00,3.4500533653597816,0.00011704966512767634,3.9716516378964077
T1,2026-01-17 00:20:00,5.716125771205498,0.02489713553115557,5.74635154696845
T1,2026-01-17 00:30:00,3.89858281956103,0.0009154182772303878,5.272376968337318
T1,2026-01-17 00:40:00,4.379845213657376,0.003498922510172699,4.509846930877453
T1,2026-01-17 00:50:00,7.755628358586543,0.13912178365061345,2.6731877293052975
T1,2026-01-17 01:00:00,3.6207970544753767,0.0003230643216875607,4.185164214305513
T1,2026-01-17 01:10:00,4.363701892488394,0.0032266733765805686,4.076470132511168
T1,2026-01-17 01:20:00,2.1609147259218138,0.0,4.46049325318414
T1,2026-01-17 01:30:00,3.9910526618459223,0.0012665642448745293,5.345420942770267
T1,2026-01-17 01:40:00,4.696286375265809,0.006488200264049851,5.345117469453562
T1,2026-01-17 01:50:00,4.031866165272974,0.0013723485673626037,4.177099152464924
T1,2026-01-17 02:00:00,3.1756254457036777,6.92545087127728e-06,5.115493324422394
T1,2026-01-17 02:10:00,4.1743829132982135,0.002072601831615543,4.55810769497365
T1,2026-01-17 02:20:00,3.8741589399039396,0.0008597332722276464,5.852671577736082
T1,2026-01-17 02:30:00,4.755485192226843,0.0072438835287632,3.266375280280882
T1,2026-01-17 02:40:00,5.062082154112846,0.010865173349034831,6.046874392810721
T1,2026-01-17 02:50:00,4.691233431999437,0.006302528198611971,3.127580485799961
T1,2026-01-17 03:00:00,5.017982838315601,0.01064072658626881,3.3730473331574986
T1,2026-01-17 03:10:00,5.770426899610931,0.027582112463640906,3.5144487646746883
T1,2026-01-17 03:20:00,6.198455772772446,0.04207571859049273,3.9747140782239
T1,2026-01-17 03:30:00,4.9517562492756815,0.009478117342861098,6.825748603449544
T1,2026-01-17 03:40:00,5.058159154568918,0.011205026682314299,4.336788090607038
T1,2026-01-17 03:50:00,5.936704398514275,0.03441155326748531,4.1222325232465415
T1,2026-01-17 04:00:00,6.997957563307567,0.08445107706751401,2.7232418182082503
T1,2026-01-17 04:10:00,5.268134988372871,0.014527472744046456,4.971634458227851
T1,2026-01-17 04:20:00,5.639659341095217,0.023595439465177226,4.510504474660084
T1,2026-01-17 04:30:00,6.703695299791327,0.06645308001390411,5.463004031374473
T1,2026-01-17 04:40:00,5.221704074228456,0.013979053759935743,4.270621713182556
T1,2026-01-17 04:50:00,7.010909892085929,0.08587709191160636,5.5465510414048484
T1,2026-01-17 05:00:00,7.7847364433314565,0.13976164203080219,4.724888869868055
T1,2026-01-17 05:10:00,6.087859152445308,0.0375770394332706,2.0726800080349954
T1,2026-01-17 05:20:00,8.35474937092086,0.19102752835903586,4.799699928528027
T1,2026-01-17 05:30:00,6.181321270934939,0.042644898173665464,5.209869254610962
T1,2026-01-17 05:40:00,5.505500571724085,0.021184365421161064,4.221944753554383
T1,2026-01-17 05:50:00,8.423426358750325,0.21432272721992227,3.7648892623334267
T1,2026-01-17 06:00:00,6.910534430835205,0.07728197851654957,5.914302557287805
T1,2026-01-17 06:10:00,5.690569035345579,0.025826019964481188,3.8020590527323157
T1,2026-01-17 06:20:00,7.562561731477465,0.12190502548032295,4.391650849611173
T1,2026-01-17 06:30:00,8.600772355199815,0.218969885801789,5.051803436103644
T1,2026-01-17 06:40:00,9.083692639426403,0.2984795499913016,5.075275566118409
T1,2026-01-17 06:50:00,6.876015798643094,0.07780195353257185,2.703332045692739
T1,2026-01-17 07:00:00,10.017897119093277,0.4608838961109009,6.454944450846149
T1,2026-01-17 07:10:00,8.377886705816834,0.21045913394499113,2.820901236716077
T1,2026-01-17 07:20:00,9.892866656883768,0.40665468149388334,3.044956063435307
T1,2026-01-17 07:30:00,6.809405541588442,0.07288031937231547,4.35450723650677
T1,2026-01-17 07:40:00,7.64920857643931,0.1308637942859792,3.24336518833198
T1,2026-01-17 07:50:00,8.060701866212545,0.17267174979699296,4.388402913358511
T1,2026-01-17 08:00:00,6.609999266681927,0.05976711352132339,3.4375469119552577
T1,2026-01-17 08:10:00,7.288534199644611,0.1066145539168735,4.977813858134477
T1,2026-01-17 08:20:00,9.496096014844866,0.35951299905251904,4.460400849789363
T1,2026-01-17 08:30:00,7.503144634960568,0.11948440429864327,6.004270488691011
T1,2026-01-17 08:40:00,7.586172514747755,0.12165966066318064,3.7949970258537213
T1,2026-01-17 08:50:00,7.331839847336507,0.10642646436354714,3.374554749055602
T1,2026-01-17 09:00:00,8.96684601419122,0.2746813435150168,5.967107473352047
T1,2026-01-17 09:10:00,7.843595783456434,0.14824920542243736,4.670543034460553
T1,2026-01-17 09:20:00,9.153388950668598,0.3021488765903148,5.4499517027247695
T1,2026-01-17 09:30:00,8.691566303884166,0.24887006824178076,4.412235558082942
T1,2026-01-17 09:40:00,9.71114940075252,0.4001341510702937,5.131861845234793
T1,2026-01-17 09:50:00,8.800864702793167,0.25214884219124584,5.174925610361941
T1,2026-01-17 10:00:00,7.037723266304541,0.0829833984583809,5.43881579155393
T1,2026-01-17 10:10:00,10.09836822145699,0.4590983703399659,4.326673330925828
T1,2026-01-17 10:20:00,8.204919136345957,0.1743687268736385,5.801800121324229
T1,2026-01-17 10:30:00,9.142540255469987,0.30405155694038166,5.467802528147729
T1,2026-01-17 10:40:00,8.462492345314939,0.21227322987794148,2.841459883111154
T1,2026-01-17 10:50:00,7.756291608520084,0.1341517134792468,2.281771957093745
T1,2026-01-17 11:00:00,10.792273608002972,0.6190066893735716,4.813578229692066
T1,2026-01-17 11:10:00,10.571364533453652,0.5630124798136354,4.361138882370035
T1,2026-01-17 11:20:00,9.455403196025149,0.3623695504536479,3.0764653053604314
T1,2026-01-17 11:30:00,9.554228066861986,0.35949589414462846,3.438044958397269
T1,2026-01-17 11:40:00,10.861026729256363,0.6156992458718977,2.908699840193539
T1,2026-01-17 11:50:00,10.758323611359668,0.581184763390568,2.6436907560774427
T1,2026-01-17 12:00:00,9.61477772602504,0.3750492513970423,5.816741828727975
T1,2026-01-17 12:10:00,9.638124151138237,0.36276344554604284,3.701640581675739
T1,2026-01-17 12:20:00,9.182487884538103,0.3184327270055175,3.4041209970297635
T1,2026-01-17 12:30:00,8.376567095186465,0.2104052117866474,5.710029127389984
T1,2026-01-17 12:40:00,9.091504789724704,0.2956963841272527,4.224634980146596
T1,2026-01-17 12:50:00,10.732655197039266,0.5839374340004616,4.87248924419713
T1,2026-01-17 13:00:00,7.2619942412045555,0.10437606428406711,4.2425669378860045
T1,2026-01-17 13:10:00,9.658637751054671,0.40344616286665064,4.472680676034392
T1,2026-01-17 13:20:00,9.963588223200263,0.43762289872862736,2.01293733280547
T1,2026-01-17 13:30:00,7.735372317731175,0.14552657958442863,4.990781255547142
T1,2026-01-17 13:40:00,8.925597550083085,0.25794996700753314,2.7024085200677126
T1,2026-01-17 13:50:00,9.095385890267956,0.29939668605361464,4.860443292170577
T1,2026-01-17 14:00:00,9.88941025083586,0.432993312583206,5.862562039441896
T1,2026-01-17 14:10:00,9.497392605278401,0.3413018829750469,3.699911874018352
T1,2026-01-17 14:20:00,8.77921869126519,0.2599249583455189,4.203845466702983
T1,2026-01-17 14:30:00,7.574066899101897,0.11903543356864545,6.199279951766032
T1,2026-01-17 14:40:00,7.891825223782574,0.15628625910331323,4.662022848900793
T1,2026-01-17 14:50:00,10.420137190538716,0.5340021372916327,4.371771320066819
T1,2026-01-17 15:00:00,9.829982437690383,0.4213145354671091,4.08334594079452
T1,2026-01-17 15:10:00,8.165670926439978,0.1835598189499269,3.665537941506184
T1,2026-01-17 15:20:00,7.48540630282002,0.12353283815768705,4.618363937312072
T1,2026-01-17 15:30:00,8.579097860559257,0.21451291146622822,5.940126522570361
T1,2026-01-17 15:40:00,9.459625079989626,0.3431526359830999,3.3874939106881317
T1,2026-01-17 15:50:00,7.416224656358253,0.11772651448558881,3.3638766694673046
T1,2026-01-17 16:00:00,8.700170098938875,0.2510239396164449,4.292686672301794
T1,2026-01-17 16:10:00,6.892165745001511,0.07671967965470394,4.7695731157044
T1,2026-01-17 16:20:00,8.99152346031407,0.272825665414611,4.043723580030132
T1,2026-01-17 16:30:00,5.792523265540911,0.027454845089668427,4.998465645040856
T1,2026-01-17 16:40:00,7.007031295302218,0.08325100108457274,3.487051291804615
T1,2026-01-17 16:50:00,6.656294763488793,0.06601743040927334,3.5702437594550682
T1,2026-01-17 17:00:00,7.342400730225023,0.11022469011357455,4.0387890756201
T1,2026-01-17 17:10:00,6.860104584009076,0.0776824952115949,4.100526832830083
T1,2026-01-17 17:20:00,6.132382779561073,0.04040539702731969,5.413026821232955
T1,2026-01-17 17:30:00,7.975748176091864,0.1612269013597812,4.630094894479815
T1,2026-01-17 17:40:00,7.065860401627476,0.08956501244220241,5.56482584835391
T1,2026-01-17 17:50:00,7.36651495892042,0.11280443312447692,4.8580428814260985
T1,2026-01-17 18:00:00,6.287404552557562,0.044234858543769504,2.5583390370766965
T1,2026-01-17 18:10:00,5.445103603163254,0.018164368595978166,4.205589502674192
T1,2026-01-17 18:20:00,4.403442935156717,0.0036689394580814018,3.578383267373221
T1,2026-01-17 18:30:00,5.656784622623796,0.023354493171358015,4.329582252308113
T1,2026-01-17 18:40:00,6.279526839742199,0.04480129338974887,5.1181699073500795
T1,2026-01-17 18:50:00,6.797554659587816,0.0689975166504157,4.811293691366424
T1,2026-01-17 19:00:00,5.131214958420812,0.012570853696469398,4.837740885493067
T1,2026-01-17 19:10:00,7.130935309282063,0.0880552669744302,4.243741029886363
T1,2026-01-17 19:20:00,4.356747772455591,0.003231646814150622,4.592212238164907
T1,2026-01-17 19:30:00,5.487075885460525,0.019188867723455072,3.93629063167705
T1,2026-01-17 19:40:00,7.677416685739616,0.13842280174034252,4.5487566011717915
T1,2026-01-17 19:50:00,6.7179192212353165,0.06807871135496221,3.3173657125275406
T1,2026-01-17 20:00:00,8.026971026328432,0.16830554798566733,3.6717339081147085
T1,2026-01-17 20:10:00,6.012212448283562,0.0346421842107627,5.526572437909343
T1,2026-01-17 20:20:00,5.747717292443541,0.026895874099777953,5.453978032151729
T1,2026-01-17 20:30:00,7.518526090230113,0.1161271943648347,3.7069970342487037
T1,2026-01-17 20:40:00,4.35363694623126,0.0031150342066943062,3.615881606327507
T1,2026-01-17 20:50:00,5.074922039649867,0.011324950750188554,3.2950600132419603
T1,2026-01-17 21:00:00,4.12036388671376,0.0019283436340252202,4.885050504295242
T1,2026-01-17 21:10:00,5.848044268992499,0.031292408832417386,3.8059336371530463
T1,2026-01-17 21:20:00,5.523110374575196,0.0220311645125283,4.05281552382165
T1,2026-01-17 21:30:00,3.577830278501893,0.00024165267757017108,5.64910723916607
T1,2026-01-17 21:40:00,6.071356716933834,0.036256730515334575,5.6348586114904196
T1,2026-01-17 21:50:00,5.428983709162707,0.018001302701124204,4.354821117157863
T1,2026-01-17 22:00:00,5.296662282833907,0.015999721853268235,2.523192905546588
T1,2026-01-17 22:10:00,4.744007176981328,0.00671280780682896,3.2837890024352205
T1,2026-01-17 22:20:00,6.659999966531082,0.06191824780880963,3.3449440584815764
T1,2026-01-17 22:30:00,4.013071314607439,0.0013293232485836314,4.054244243772257
T1,2026-01-17 22:40:00,4.848348874362588,0.008050556191253704,4.634812108146216
T1,2026-01-17 22:50:00,5.183540949192829,0.012870130623340552,4.1841000029105935
T1,2026-01-17 23:00:00,4.465965176041171,0.003942499051617777,2.985903073526367
T1,2026-01-17 23:10:00,3.596729525268188,0.00026402898186696726,5.708159939038794
T1,2026-01-17 23:20:00,3.3457937316747026,5.514345101903799e-05,4.45639738277219
T1,2026-01-17 23:30:00,4.625361208506425,0.005827567493213006,5.539033435577017
T1,2026-01-17 23:40:00,2.1643763002369254,0.0,3.890484004408707
T1,2026-01-17 23:50:00,6.037153214414622,0.035772090446234556,5.880290311330998
T1,2026-01-18 00:00:00,4.437395092968918,0.004038360939618867,4.604587065476672
T1,2026-01-18 00:10:00,4.986341868094184,0.01004467216942578,6.202932716614331
T1,2026-01-18 00:20:00,4.925454194574715,0.009248904654614374,3.17879032407056
T1,2026-01-18 00:30:00,4.818917999491885,0.008020097097760779,3.769939282558989
T1,2026-01-18 00:40:00,4.66954547941233,0.006334703058267033,4.636734088268611
T1,2026-01-18 00:50:00,3.42896027088827,9.997170218828101e-05,5.783498145248704
T1,2026-01-18 01:00:00,3.6694176675722407,0.0003770555759021787,3.7734714031105705
T1,2026-01-18 01:10:00,2.4476818701224077,0.0,4.612003654445597
T1,2026-01-18 01:20:00,7.0004547802535875,0.0860215709244476,3.498364526109978
T1,2026-01-18 01:30:00,5.832267451482272,0.031078426309217835,3.6849691349785996
T1,2026-01-18 01:40:00,6.2429720902148995,0.04538538304658183,5.0757454591413556
T1,2026-01-18 01:50:00,4.716113092498367,0.0068170201489413575,4.12091414444527
T1,2026-01-18 02:00:00,6.717560273288895,0.06686706234598164,4.124069346132523
T1,2026-01-18 02:10:00,6.149719275867225,0.041281784762384706,5.987407703455362
T1,2026-01-18 02:20:00,5.280180683818722,0.01542363596507016,2.74078123291977
T1,2026-01-18 02:30:00,4.881859378469973,0.008947979873424449,4.418480717256867
T1,2026-01-18 02:40:00,6.636447867813677,0.06293776210743361,5.156865168906361
T1,2026-01-18 02:50:00,5.572453448092606,0.021557239166500184,5.5681541521269695
T1,2026-01-18 03:00:00,3.279196566338921,2.969922619443289e-05,4.898618211021968
T1,2026-01-18 03:10:00,5.84352648844791,0.02900928889120908,5.013814442199523
T1,2026-01-18 03:20:00,3.6064179532870018,0.00028847845371676603,5.128675009499384
T1,2026-01-18 03:30:00,8.975720066794427,0.28019190110490466,4.321712210175843
T1,2026-01-18 03:40:00,6.126448158340436,0.040445941826931044,3.8006091727231452
T1,2026-01-18 03:50:00,5.222709498809365,0.014680507388638932,5.323908310238987
T1,2026-01-18 04:00:00,6.609623751064778,0.05887725024172821,4.5070297279746
T1,2026-01-18 04:10:00,7.178541850596036,0.09031481740672011,5.120633849482181
T1,2026-01-18 04:20:00,5.165401654115993,0.012916293246290544,5.231123431089955
T1,2026-01-18 04:30:00,7.291295750797683,0.0987748604102324,3.633214850334182
T1,2026-01-18 04:40:00,6.000712680718838,0.03577622090518633,4.607355618543411
T1,2026-01-18 04:50:00,5.9898036649018715,0.035493389557240664,3.072384805893739
T1,2026-01-18 05:00:00,7.8299892940548235,0.145579016483035,2.2373549019792174
T1,2026-01-18 05:10:00,6.933426483314646,0.08097964708335621,4.631596052161872
T1,2026-01-18 05:20:00,6.506794432526971,0.05733651410903603,3.8502998003758884
T1,2026-01-18 05:30:00,6.223973809492841,0.04557666429035488,4.920398358248062
T1,2026-01-18 05:40:00,7.55282756636077,0.1260475045674854,3.419487281399309
T1,2026-01-18 05:50:00,7.738563954072332,0.13775660265394477,4.993627310641203
T1,2026-01-18 06:00:00,7.772312142685571,0.1356651427666188,7.332519058405972
T1,2026-01-18 06:10:00,6.192638814703455,0.04236138889107817,3.523284426346649
T1,2026-01-18 06:20:00,7.637335164782228,0.13244466858072335,5.401189415423932
T1,2026-01-18 06:30:00,6.545673102269774,0.06020943454476932,3.6031920659063728
T1,2026-01-18 06:40:00,6.907480642890169,0.08081559751152931,4.4158984108301205
T1,2026-01-18 06:50:00,7.748694675610457,0.13559031343039926,4.8948234731741485
T1,2026-01-18 07:00:00,7.295567979903156,0.10698376946159281,4.141952763633331
T1,2026-01-18 07:10:00,8.567495791359113,0.21517744521159937,6.3309888151617635
T1,2026-01-18 07:20:00,8.375065852051684,0.19975716497391643,4.507926959117484
T1,2026-01-18 07:30:00,8.872450781609613,0.27142910010410876,5.550869836893467
T1,2026-01-18 07:40:00,7.926111303642396,0.14800692590651773,6.324963450366455
T1,2026-01-18 07:50:00,9.991891502454555,0.4272000519200679,4.8879576011650485
T1,2026-01-18 08:00:00,6.2349679753713225,0.046279724240599195,4.036953431700907
T1,2026-01-18 08:10:00,8.378475205893505,0.20863636003205815,5.226856012078687
T1,2026-01-18 08:20:00,10.247834260457601,0.49216129343798437,3.852740768219224
T1,2026-01-18 08:30:00,8.365050539924221,0.21063077680635214,4.5714317757651015
T1,2026-01-18 08:40:00,9.364999422585106,0.33638735860381963,5.32413375055907
T1,2026-01-18 08:50:00,9.796225091791646,0.39360057089124123,5.7291755457614535
T1,2026-01-18 09:00:00,7.9609983465660745,0.15319994452793634,3.6136677407998046
T1,2026-01-18 09:10:00,9.426432686295323,0.35517220708088737,4.174643514311955
T1,2026-01-18 09:20:00,10.103134288853429,0.4669811799987568,4.294321426584367
T1,2026-01-18 09:30:00,10.2563535965396,0.49759444989894747,4.295814879926817
T1,2026-01-18 09:40:00,10.322089035800262,0.525636421742252,5.183819893296525
T1,2026-01-18 09:50:00,6.081288820010792,0.03966188917590189,6.758190442495005
T1,2026-01-18 10:00:00,10.418546328359728,0.55680977405688,3.7357316728810748
T1,2026-01-18 10:10:00,8.652470064692237,0.22491297061233276,5.146569868250842
T1,2026-01-18 10:20:00,10.40201833409008,0.5523585733976375,5.310602870839455
T1,2026-01-18 10:30:00,11.096257482825232,0.6898740992194949,5.083672320521074
T1,2026-01-18 10:40:00,9.061044515462683,0.2951237946575965,2.6953423139441406
T1,2026-01-18 10:50:00,10.074108002199992,0.4715978294657434,4.352300932556496
T1,2026-01-18 11:00:00,7.556905397080255,0.1276297473046146,4.937936164093926
T1,2026-01-18 11:10:00,8.403767435477592,0.21047774903925373,5.712097935843649
T1,2026-01-18 11:20:00,9.886984363824906,0.40415204310186903,4.384281083656989
T1,2026-01-18 11:30:00,10.06999889551238,0.47923140720240415,5.498862342519105
T1,2026-01-18 11:40:00,9.708770695892595,0.40824473370046016,4.0857931706886195
T1,2026-01-18 11:50:00,9.322535159331489,0.31906584168102736,4.611314050286338
T1,2026-01-18 12:00:00,7.454884321556614,0.11006713103398506,4.997424890033565
T1,2026-01-18 12:10:00,11.132272240306259,0.6678974653440545,2.8957244310590906
T1,2026-01-18 12:20:00,8.221925362150447,0.17744832499150984,5.296831521199155
T1,2026-01-18 12:30:00,9.244809742926009,0.3269164632625648,5.692915335093742
T1,2026-01-18 12:40:00,9.37454405378545,0.3223905044793271,4.951042138867519
T1,2026-01-18 12:50:00,8.682643856639974,0.2277411320293914,6.06228008681815
T1,2026-01-18 13:00:00,7.321017751781591,0.1094027361769557,5.886830699603387
T1,2026-01-18 13:10:00,9.773168453837297,0.39133446959029217,4.982273442380561
T1,2026-01-18 13:20:00,9.120757974752118,0.31177844465436383,4.690866264653542
T1,2026-01-18 13:30:00,10.952580651505018,0.6670410157779127,4.284502094807278
T1,2026-01-18 13:40:00,9.344639280393142,0.3495670752817021,2.9618440330277624
T1,2026-01-18 13:50:00,8.326921651731386,0.20643524978388086,3.238048106592835
T1,2026-01-18 14:00:00,8.430536353535054,0.19947451461531743,4.72673367526581
T1,2026-01-18 14:10:00,9.01451162924027,0.2874057697258585,4.823936357570611
T1,2026-01-18 14:20:00,8.064710245976014,0.17286387145772292,5.7754692769979625
T1,2026-01-18 14:30:00,7.27416710682462,0.09697355866806513,5.49304574860323
T1,2026-01-18 14:40:00,9.643738027117633,0.37319280534078114,4.206377667195807
T1,2026-01-18 14:50:00,9.168230719742049,0.3016525173222296,4.767226012027544
T1,2026-01-18 15:00:00,8.718929559503502,0.2453936679051281,4.441351502847633
T1,2026-01-18 15:10:00,9.751697311631323,0.38104703684077723,4.638211172461608
T1,2026-01-18 15:20:00,8.514932686551836,0.21852940541364815,4.059540246110482
T1,2026-01-18 15:30:00,9.441727476570602,0.3342414786598273,3.7550387465383714
T1,2026-01-18 15:40:00,8.111284025635973,0.17154451058870956,5.120676065912388
T1,2026-01-18 15:50:00,10.312623715735398,0.5319815056037943,3.3612349265080783
T1,2026-01-18 16:00:00,7.3092371172401975,0.10342203227881859,3.773624649918651
T1,2026-01-18 16:10:00,9.00307399620319,0.27665045005735306,4.88032001986842
T1,2026-01-18 16:20:00,8.210167207126002,0.1879869437320747,3.251474745047224
T1,2026-01-18 16:30:00,7.0958847527156985,0.08922982601500791,4.353091740887427
T1,2026-01-18 16:40:00,7.49657725002742,0.12069776793864648,5.583781036548502
T1,2026-01-18 16:50:00,8.769244877535954,0.2556813359836134,3.7096688367585196
T1,2026-01-18 17:00:00,7.38069819330304,0.11290051597669527,3.7473765990102703
T1,2026-01-18 17:10:00,6.714346182888223,0.06829533517292122,4.9255350414373344
T1,2026-01-18 17:20:00,8.14766628946496,0.16892017232863044,4.434190526060479
T1,2026-01-18 17:30:00,9.03355425975524,0.30007221616117213,5.6989849235764165
T1,2026-01-18 17:40:00,7.970716537829766,0.15314211295379734,4.388010951420694
T1,2026-01-18 17:50:00,7.500642892758543,0.11619474516878023,4.318017635556154
T1,2026-01-18 18:00:00,7.125719238627166,0.08984188950450012,5.561933700789455
T1,2026-01-18 18:10:00,7.260500115925661,0.09867785707175573,4.717983624926923
T1,2026-01-18 18:20:00,7.16971051315294,0.09006588865958229,6.362273979217955
T1,2026-01-18 18:30:00,8.121629287742515,0.17594834146785224,4.593231896164008
T1,2026-01-18 18:40:00,7.426221381654467,0.10830223305767975,3.794440659697967
T1,2026-01-18 18:50:00,6.522374196000785,0.05866370951479748,2.949748210884196
T1,2026-01-18 19:00:00,7.434711930953856,0.11278441748946878,5.09334283856373
T1,2026-01-18 19:10:00,4.848842964784229,0.00830150966047377,3.806370980663104
T1,2026-01-18 19:20:00,5.102699355819751,0.011627176156406537,4.891557879631591
T1,2026-01-18 19:30:00,5.229888420822208,0.014911325829229933,3.6999635043127
T1,2026-01-18 19:40:00,5.590277135412732,0.02359743431810648,4.766009137864945
T1,2026-01-18 19:50:00,8.216898846054091,0.18273152266280834,3.8833977648467406
T1,2026-01-18 20:00:00,5.149210456659302,0.012561064014701548,5.14758308528317
T1,2026-01-18 20:10:00,8.208974567200634,0.18788739841544413,3.8379052273601384
T1,2026-01-18 20:20:00,4.6543017409805385,0.006140825142324009,4.312332223361145
T1,2026-01-18 20:30:00,4.368648127264867,0.0031890415590863684,5.794658507132806
T1,2026-01-18 20:40:00,6.684331635995372,0.06369518721940827,4.771933988596151
T1,2026-01-18 20:50:00,6.0827361244231195,0.03638063261036542,3.857178206379381
T1,2026-01-18 21:00:00,4.635768742908529,0.005496137257504989,5.696523845396074
T1,2026-01-18 21:10:00,5.284564671967012,0.015961451441428243,5.872328505891128
T1,2026-01-18 21:20:00,3.4824030845017,0.00014448826785162217,4.178955403127137
T1,2026-01-18 21:30:00,5.997660827470138,0.03524563327474205,4.7130406188118545
T1,2026-01-18 21:40:00,5.437586906046439,0.019823298545158775,4.762791863932361
T1,2026-01-18 21:50:00,6.485857482296795,0.057999838601283306,4.183379297563848
T1,2026-01-18 22:00:00,4.801310406209355,0.007936115719161672,6.192487154617229
T1,2026-01-18 22:10:00,4.392379457407595,0.0035464000421178564,3.2699579558334033
T1,2026-01-18 22:20:00,3.4278373595224867,9.735720629776675e-05,3.130626108619822
T1,2026-01-18 22:30:00,3.5708074875410087,0.00025061564763779434,4.579583423025511
T1,2026-01-18 22:40:00,4.257693986035849,0.0025320932813020602,3.2525194831670445
T1,2026-01-18 22:50:00,4.451619879921123,0.003924755216691636,5.29192818989167
T1,2026-01-18 23:00:00,4.844891792568619,0.008302038578128964,2.9891996705591763
T1,2026-01-18 23:10:00,3.7248582901521434,0.0004989824701082532,4.415655257746677
T1,2026-01-18 23:20:00,2.7600545999111956,0.0,4.905631770488456
T1,2026-01-18 23:30:00,5.7329169098460975,0.025891545127761133,5.3321735607659715
T1,2026-01-18 23:40:00,4.372652809822458,0.003364108308271865,1.6816656413205253
T1,2026-01-18 23:50:00,4.820480054675632,0.007596796330286752,4.052282223150626
T1,2026-01-19 00:00:00,5.816898664712384,0.029430822213256085,6.489165638679875
T1,2026-01-19 00:10:00,5.584154640839322,0.02325458854056485,3.8007830563074227
T1,2026-01-19 00:20:00,1.9886962020709897,0.0,5.068224182507086
T1,2026-01-19 00:30:00,3.037075349346945,6.951056829615299e-08,5.661700010025857
T1,2026-01-19 00:40:00,3.397725281378235,8.06839144581273e-05,3.5605729321966324
T1,2026-01-19 00:50:00,4.585104642698993,0.005397307967028272,4.738357600445009
T1,2026-01-19 01:00:00,4.6876399632276184,0.006026112835027573,4.531288254694632
T1,2026-01-19 01:10:00,6.681534989483606,0.06244667677213586,5.236023763309981
T1,2026-01-19 01:20:00,6.187876804962416,0.04098676710876936,5.127583880511649
T1,2026-01-19 01:30:00,6.180347994845656,0.04183889398537676,5.293442044115384
T1,2026-01-19 01:40:00,5.8879304030957424,0.032230541067737165,5.488324122437449
T1,2026-01-19 01:50:00,2.8045202279491335,0.0,4.869371455451205
T1,2026-01-19 02:00:00,5.824595447885485,0.02915006828290883,2.5400972260420254
T1,2026-01-19 02:10:00,4.858229495820631,0.008571819295100288,4.835646066375514
T1,2026-01-19 02:20:00,6.319846427210479,0.046493952244918854,4.240249948967007
T1,2026-01-19 02:30:00,5.916805287291999,0.03292827750948556,3.41793997954466
T1,2026-01-19 02:40:00,3.4704882781236925,0.0001387262604433483,4.680739633368637
T1,2026-01-19 02:50:00,6.253726178240938,0.04432253661810123,4.078107910239637
T1,2026-01-19 03:00:00,4.996982181369692,0.010860043775577406,5.5888761126810556
T1,2026-01-19 03:10:00,5.478283620906818,0.01926258934906407,4.3926924252969615
T1,2026-01-19 03:20:00,5.600316943951183,0.023483031798174486,4.981271139480265
T1,2026-01-19 03:30:00,5.6219456581371805,0.023588282027018872,2.935407542218286
T1,2026-01-19 03:40:00,6.44515795230785,0.053586330008709396,5.524932987935453
T1,2026-01-19 03:50:00,6.51624628259348,0.056601174339919666,3.306296880996073
T1,2026-01-19 04:00:00,6.384828056732125,0.05076054604152646,3.8808153770340716
T1,2026-01-19 04:10:00,4.651619207506881,0.006130658388251516,7.1855252405408905
T1,2026-01-19 04:20:00,6.797196837124877,0.07421762110288671,5.9317968106873575
T1,2026-01-19 04:30:00,6.316026135159805,0.04915847125258785,3.878718337970554
T1,2026-01-19 04:40:00,6.198736129074639,0.041628644667147156,4.709556287536702
T1,2026-01-19 04:50:00,6.753152158107896,0.06975041109510585,5.2294686805386545
T1,2026-01-19 05:00:00,4.592759785701933,0.005453738280973029,4.612539801149978
T1,2026-01-19 05:10:00,5.963695439849539,0.0335960633410832,5.426382000549718
T1,2026-01-19 05:20:00,7.52170512474763,0.11868228216893603,4.654192569591092
T1,2026-01-19 05:30:00,8.373184089764974,0.1977416944074842,5.1395114965213935
T1,2026-01-19 05:40:00,5.863263745898649,0.029141995093891565,3.9593003768719757
T1,2026-01-19 05:50:00,7.72172952794946,0.13731321470755878,3.3030024377032605
T1,2026-01-19 06:00:00,7.480503357414137,0.11343731349597992,4.770875255337656
T1,2026-01-19 06:10:00,6.7177182554248,0.06946972166472785,5.722397330733946
T1,2026-01-19 06:20:00,8.056999668727736,0.1756983799122185,4.8120563190320125
T1,2026-01-19 06:30:00,6.2789708621328915,0.04783574840493108,5.512734766986855
T1,2026-01-19 06:40:00,7.1970330758517935,0.09279045961503057,7.269399489047499
T1,2026-01-19 06:50:00,7.351685427911516,0.10931433233107225,3.7869336202245014
T1,2026-01-19 07:00:00,5.957462835816727,0.03520353734295929,2.5607899515172132
T1,2026-01-19 07:10:00,8.380146331763752,0.2035941804822171,5.668673512545232
T1,2026-01-19 07:20:00,6.116537129299805,0.040159167858099996,5.09652227915246
T1,2026-01-19 07:30:00,7.650193559734722,0.13530952829069057,5.329098857032771
T1,2026-01-19 07:40:00,5.7524352901887585,0.026292611835683388,5.086604899368108
T1,2026-01-19 07:50:00,8.017455136099189,0.17078355916095792,4.3193736049865645
T1,2026-01-19 08:00:00,8.025250739277778,0.17149699150036535,5.796558220502839
T1,2026-01-19 08:10:00,8.829770678197086,0.26078936349996523,4.1341906819641885
T1,2026-01-19 08:20:00,8.662452386867024,0.23084035964114205,5.720631742855631
T1,2026-01-19 08:30:00,8.97002125291895,0.27674965695384635,4.1571508741378915
T1,2026-01-19 08:40:00,8.955626939932685,0.28741456225444145,4.649249147165721
T1,2026-01-19 08:50:00,10.903476600430507,0.6162460998753859,4.764895580451442
T1,2026-01-19 09:00:00,6.516900233476387,0.05377937779227781,4.366987176989032
T1,2026-01-19 09:10:00,9.386930600434262,0.3278074248354522,4.774386095894902
T1,2026-01-19 09:20:00,10.058934169503924,0.4522831485458912,6.018501574717794
T1,2026-01-19 09:30:00,9.602689322317003,0.3638385864553673,3.2394022190502403
T1,2026-01-19 09:40:00,11.074342990259787,0.7038995307804171,6.5004597908362225
T1,2026-01-19 09:50:00,10.227147770531637,0.473298997264483,5.80487372745228
T1,2026-01-19 10:00:00,9.969970141072483,0.44405080784775974,5.071497015410942
T1,2026-01-19 10:10:00,10.465620427299587,0.5432101574889201,5.51412901099771
T1,2026-01-19 10:20:00,8.119067277130886,0.17301667944684893,5.1065872264118335
T1,2026-01-19 10:30:00,8.101988276540254,0.17855923877819377,3.3628149910251315
T1,2026-01-19 10:40:00,10.898224237362383,0.6221607609843481,5.706078581505057
T1,2026-01-19 10:50:00,9.312766879089025,0.31625111004770207,7.329139687624933
T1,2026-01-19 11:00:00,6.732642601098744,0.06614409284015628,4.369235010521355
T1,2026-01-19 11:10:00,9.817863192457931,0.42915926563031553,4.022872716352842
T1,2026-01-19 11:20:00,11.021767919660823,0.6922404126419082,4.414921053718506
T1,2026-01-19 11:30:00,10.401487467482577,0.5210070227082998,2.7879029621573013
T1,2026-01-19 11:40:00,7.897329814569872,0.15413838518955408,3.5682965181063615
T1,2026-01-19 11:50:00,9.863140255407934,0.43385097875769174,4.839934158619643
T1,2026-01-19 12:00:00,11.80754071743415,0.9022257205017155,6.1744789997797636
T1,2026-01-19 12:10:00,11.607168153441682,0.8129335137106415,2.7953434439323903
T1,2026-01-19 12:20:00,10.296617486358107,0.5002396117437437,5.044187832550693
T1,2026-01-19 12:30:00,9.447279915749823,0.35013763212332316,6.8679966004115105
T1,2026-01-19 12:40:00,9.160071394200639,0.30804783864338864,4.440420910838997
T1,2026-01-19 12:50:00,9.238356256994113,0.33018838121612426,6.27376689066749
T1,2026-01-19 13:00:00,8.689893676229593,0.2452322513324833,4.321216339121243
T1,2026-01-19 13:10:00,10.007443808331331,0.46388906615203407,4.133058338075692
T1,2026-01-19 13:20:00,8.892371856335878,0.27373809838027174,3.810594161650582
T1,2026-01-19 13:30:00,10.041683943627351,0.4663842871735585,4.202443716723986
T1,2026-01-19 13:40:00,7.645692454317193,0.12426858494556818,5.252571696172103
T1,2026-01-19 13:50:00,10.768398842755905,0.5853006356590673,5.104545004368819
T1,2026-01-19 14:00:00,9.311289420797566,0.3390077827462482,4.907211462927205
T1,2026-01-19 14:10:00,8.160614161264359,0.17864563422235685,2.8757166339373232
T1,2026-01-19 14:20:00,11.326905862064953,0.7287171412551501,6.125631497158379
T1,2026-01-19 14:30:00,10.220632343580762,0.49513323973352164,4.74439772840449
T1,2026-01-19 14:40:00,7.861426260775961,0.14796364081767854,4.659172965192084
T1,2026-01-19 14:50:00,8.21899486592315,0.18676376677617096,4.784743055813115
T1,2026-01-19 15:00:00,8.241824074041139,0.19367219821108328,3.7322497550953857
T1,2026-01-19 15:10:00,9.699970903664065,0.3859939618820761,6.667269031792442
T1,2026-01-19 15:20:00,6.38891421868268,0.05304667003914617,3.255941946802726
T1,2026-01-19 15:30:00,9.245774323151634,0.3151316049754447,2.2356850267168658
T1,2026-01-19 15:40:00,7.136378590549954,0.0894477689716947,3.8356096788973684
T1,2026-01-19 15:50:00,7.691045274915658,0.1299785084900822,4.600044918786302
T1,2026-01-19 16:00:00,7.90620658886902,0.159487032919886,5.123650174241123
T1,2026-01-19 16:10:00,7.669522260116586,0.13735607765478247,5.330003302037249
T1,2026-01-19 16:20:00,8.115854499189716,0.1710905778494807,5.032192911214962
T1,2026-01-19 16:30:00,7.567559192970783,0.13048506564104997,5.203660064027252
T1,2026-01-19 16:40:00,7.574930531516085,0.12731507568829203,4.789932833426118
T1,2026-01-19 16:50:00,7.871835875291997,0.14309042647133702,4.1564069254327825
T1,2026-01-19 17:00:00,6.449559453107307,0.05491188050307625,3.8883138236682435
T1,2026-01-19 17:10:00,8.28704318823436,0.19075607581023227,3.114871986229531
T1,2026-01-19 17:20:00,6.993558414297659,0.07923570515417243,3.3745106664613465
T1,2026-01-19 17:30:00,6.121806727467198,0.04121738694812884,4.425047140879856
T1,2026-01-19 17:40:00,6.727125983796798,0.06840941463072711,2.8498608751708456
T1,2026-01-19 17:50:00,5.890072646373369,0.031756780088775194,4.107123151787817
T1,2026-01-19 18:00:00,7.662266768085843,0.13085515444029097,5.797907837904359
T1,2026-01-19 18:10:00,5.399696215226393,0.018740662378959275,3.7163814966042343
T1,2026-01-19 18:20:00,7.56752946555551,0.11990616288477406,5.472839192660933
T1,2026-01-19 18:30:00,7.11448023466015,0.08720859190235812,5.431772857240653
T1,2026-01-19 18:40:00,7.820060797377898,0.1518391570592599,5.077029077561734
T1,2026-01-19 18:50:00,5.161685052713161,0.013168324285588706,5.660352743494837
T1,2026-01-19 19:00:00,9.239519399642548,0.3293627379203754,5.546455789181444
T1,2026-01-19 19:10:00,6.697649376368528,0.0675992224852935,5.3996231510053345
T1,2026-01-19 19:20:00,6.1615459514042294,0.04075661061550148,5.004753967901269
T1,2026-01-19 19:30:00,5.933217091218086,0.03331392184897911,4.395961812225499
T1,2026-01-19 19:40:00,3.6161306617182833,0.0003129232610684572,5.51667614225935
T1,2026-01-19 19:50:00,4.426578807753716,0.0038503753990765982,4.678497132421685
T1,2026-01-19 20:00:00,7.774740039418646,0.14419762483471005,5.487564863778955
T1,2026-01-19 20:10:00,6.264802171920596,0.043604768717291735,4.667970677272084
T1,2026-01-19 20:20:00,4.759615752191835,0.006818544919685575,4.583636904801295
T1,2026-01-19 20:30:00,7.709447423131687,0.1291592887942321,5.3451042543066904
T1,2026-01-19 20:40:00,4.830627877693835,0.0077594443923671656,4.970080929047725
T1,2026-01-19 20:50:00,3.723408627175366,0.000510438851383691,3.8622929580747867
T1,2026-01-19 21:00:00,4.353864907852073,0.003373441190448563,4.074091490803213
T1,2026-01-19 21:10:00,4.491303715285838,0.004313804781338603,3.764110104367049
T1,2026-01-19 21:20:00,4.773113539373004,0.007385869445018918,3.2999103309137325
T1,2026-01-19 21:30:00,7.510538053669935,0.11458530529580299,4.884007151057402
T1,2026-01-19 21:40:00,4.869631221017716,0.008674784579658402,4.551603234559204
T1,2026-01-19 21:50:00,6.3264034956913395,0.04798778855469342,6.005071794394269
T1,2026-01-19 22:00:00,4.17650257338379,0.0021059938060777775,4.2283757239141835
T1,2026-01-19 22:10:00,4.661489849958428,0.005725023984480122,3.726795492308038
T1,2026-01-19 22:20:00,6.126139617408282,0.040190389432361896,6.343719631360675
T1,2026-01-19 22:30:00,3.334836416992869,5.0340697906605095e-05,5.5216827679422185
T1,2026-01-19 22:40:00,4.364796386300148,0.0031726076574389674,6.250783221450257
T1,2026-01-19 22:50:00,5.278462973485561,0.014981317881646075,5.445744330389944
T1,2026-01-19 23:00:00,3.8809129521378276,0.0009051934169686485,5.76721597921314
T1,2026-01-19 23:10:00,5.652019610976685,0.024223583378149238,4.923834118839838
T1,2026-01-19 23:20:00,3.821594190274314,0.0007140771868011301,4.955815566107763
T1,2026-01-19 23:30:00,1.4354382532393637,0.0,6.792799275393131
T1,2026-01-19 23:40:00,5.422575067743324,0.0183300872342392,3.261077075514108
T1,2026-01-19 23:50:00,4.5907774733546685,0.005129557307907619,3.996821288904507
T1,2026-01-20 00:00:00,6.091535524855732,0.037349313060868104,5.638037858067186
T1,2026-01-20 00:10:00,6.1047006027954245,0.036980483945975036,2.950449193606495
T1,2026-01-20 00:20:00,3.9093447294498467,0.00101853614281484,5.495517238651546
T1,2026-01-20 00:30:00,5.539356696357814,0.020555956756008416,2.9808156576198557
T1,2026-01-20 00:40:00,5.139331523466845,0.01268415932331033,3.2524756913000945
T1,2026-01-20 00:50:00,4.972590492671559,0.010475240168663467,4.45990827483102
T1,2026-01-20 01:00:00,1.9002122230401768,0.0,4.71521325772376
T1,2026-01-20 01:10:00,4.805618428579577,0.007373176477812546,4.777386851181073
T1,2026-01-20 01:20:00,4.565713904487797,0.004867174931893915,4.120344414871443
T1,2026-01-20 01:30:00,2.7946467550392704,0.0,3.824767201287005
T1,2026-01-20 01:40:00,6.60738038786167,0.06391495120381308,4.436588065254641
T1,2026-01-20 01:50:00,4.532333627781116,0.0047451480573293585,5.992371083742647
T1,2026-01-20 02:00:00,2.3418024070543284,0.0,5.278697050292969
T1,2026-01-20 02:10:00,5.084172179986854,0.012170169548983445,5.14602200440518
T1,2026-01-20 02:20:00,4.290778005538727,0.002750047499473508,7.188293174034293
T1,2026-01-20 02:30:00,3.3564117539885556,5.776170549518493e-05,5.627913856454636
T1,2026-01-20 02:40:00,6.823804186898295,0.07263388147089939,4.30154640211608
T1,2026-01-20 02:50:00,3.184394211887947,7.941799505815594e-06,5.5142609503738615
T1,2026-01-20 03:00:00,5.3174370851624735,0.015456418172502264,3.625903959268051
T1,2026-01-20 03:10:00,5.588557096982538,0.02348349806258302,4.025046879366469
T1,2026-01-20 03:20:00,6.516807406481582,0.054141595692153995,5.7146614982651425
T1,2026-01-20 03:30:00,8.190022724719668,0.18710691782298536,4.490621207138597
T1,2026-01-20 03:40:00,4.315495917511262,0.00299644035935216,4.655197011182832
T1,2026-01-20 03:50:00,5.945620835746071,0.03301130332229922,4.407169713390681
T1,2026-01-20 04:00:00,6.319949211198566,0.04676455546091455,3.5587737127702876
T1,2026-01-20 04:10:00,7.537407248810342,0.12076534480863092,4.159300158021497
T1,2026-01-20 04:20:00,5.977895629730021,0.03517634370083173,5.897316662983594
T1,2026-01-20 04:30:00,5.769413181119057,0.027022790749344466,6.864143062329626
T1,2026-01-20 04:40:00,5.23433429722954,0.013997179707202689,5.510740573042245
T1,2026-01-20 04:50:00,7.115381928125744,0.09242978419155767,3.150482266682398
T1,2026-01-20 05:00:00,6.362872117098157,0.05078175585728307,3.9064109531994475
T1,2026-01-20 05:10:00,5.081333963339768,0.011516375081103964,6.174526970959853
T1,2026-01-20 05:20:00,6.333486908957605,0.04885989434580505,4.787446582023706
T1,2026-01-20 05:30:00,8.135390263553981,0.17312677962326847,5.650743508255506
T1,2026-01-20 05:40:00,5.593248418712981,0.022992499377704742,2.7957184974779405
T1,2026-01-20 05:50:00,6.168745238891751,0.03995504832734305,3.899782593934229
T1,2026-01-20 06:00:00,5.861702692306588,0.03139145515199064,5.38256688001721
T1,2026-01-20 06:10:00,9.034127112682265,0.29666096005354414,4.86470928498408
T1,2026-01-20 06:20:00,5.871031536061838,0.032024694057230296,6.355661277544026
T1,2026-01-20 06:30:00,7.351393764951269,0.10591437687491724,4.8162953204499654
T1,2026-01-20 06:40:00,5.655890084004688,0.023670205293847925,3.9255598254120097
T1,2026-01-20 06:50:00,6.825406177288725,0.07524081184710617,5.187036182997628
T1,2026-01-20 07:00:00,8.453004472768995,0.215907440323393,5.9067203855689385
T1,2026-01-20 07:10:00,11.401260589064165,0.7585869081978417,4.996095869102205
T1,2026-01-20 07:20:00,8.782002816509683,0.2550364621933077,5.975068186781728
T1,2026-01-20 07:30:00,6.584087132912563,0.059618927349943535,5.322254296525811
T1,2026-01-20 07:40:00,7.997867292304372,0.1670080639192536,5.052194784013025
T1,2026-01-20 07:50:00,6.7957835131658015,0.07025077901743455,5.127111850258431
T1,2026-01-20 08:00:00,7.1478158126466935,0.0978804191120463,5.302054880949318
T1,2026-01-20 08:10:00,7.663998164806482,0.1274853053174366,6.4154468768104636
T1,2026-01-20 08:20:00,9.722151096558195,0.37850232435413506,5.502632935098712
T1,2026-01-20 08:30:00,10.635578724237021,0.5570877824544566,4.34693158833957
T1,2026-01-20 08:40:00,7.844316714908007,0.1422812734782399,3.196299241441803
T1,2026-01-20 08:50:00,7.4362282407201885,0.11737599806843854,5.586585512086325
T1,2026-01-20 09:00:00,8.217192630482685,0.18010890194517318,5.797680513586722
T1,2026-01-20 09:10:00,9.716303975982383,0.3798089873655114,6.062036605246303
T1,2026-01-20 09:20:00,10.653616521783125,0.60784381999514,7.052359546365256
T1,2026-01-20 09:30:00,7.682211371125094,0.13133757939098964,4.100033743742507
T1,2026-01-20 09:40:00,9.301121835468415,0.3402467258281178,3.117340159260234
T1,2026-01-20 09:50:00,8.571216652673153,0.21911938964602085,5.753624620459954
T1,2026-01-20 10:00:00,8.761090888450175,0.25692043546975074,3.1643368555382887
T1,2026-01-20 10:10:00,8.195276808691622,0.17601746344976613,4.5557180248165015
T1,2026-01-20 10:20:00,10.591154394364079,0.5911713188547045,4.665792415048484
T1,2026-01-20 10:30:00,10.139255589887217,0.46291362592495167,3.0137504024266972
T1,2026-01-20 10:40:00,10.023520447497814,0.4600666897715806,3.238825360946342
T1,2026-01-20 10:50:00,7.8826128966395075,0.1474514160098811,4.486592207354617
T1,2026-01-20 11:00:00,7.767630779409091,0.14859764989083102,3.7658201201297032
T1,2026-01-20 11:10:00,8.304023735810004,0.18837865970894643,3.6000558472955264
T1,2026-01-20 11:20:00,10.517338096303403,0.5719750809844739,5.042100774342911
T1,2026-01-20 11:30:00,8.839145468406802,0.24780822628010302,5.092131808640212
T1,2026-01-20 11:40:00,10.176456790515733,0.4707692788032138,5.041987214108266
T1,2026-01-20 11:50:00,9.187679185501684,0.3076486847278312,4.296797314932937
T1,2026-01-20 12:00:00,8.63863283648302,0.23990070877442976,7.462603972605821
T1,2026-01-20 12:10:00,10.315105796634155,0.5176780911521099,3.5373759281162878
T1,2026-01-20 12:20:00,10.780243626784987,0.6320326780712909,4.092977245491241
T1,2026-01-20 12:30:00,10.435300834260662,0.5409164609329309,6.245809293430751
T1,2026-01-20 12:40:00,9.243460764520904,0.3130685055850457,3.3414717550873085
T1,2026-01-20 12:50:00,10.168335808849502,0.4587894203382125,5.938095026024113
T1,2026-01-20 13:00:00,9.988703878505245,0.42393923583379195,5.2828102302992175
T1,2026-01-20 13:10:00,10.433411927967096,0.5091148830691694,3.765445601578233
T1,2026-01-20 13:20:00,11.191048720866238,0.7333303113524692,4.875787531296785
T1,2026-01-20 13:30:00,12.875024490473514,0.9620278792792459,3.2979686015660596
T1,2026-01-20 13:40:00,9.439208377147517,0.358095322548533,6.098551243796921
T1,2026-01-20 13:50:00,8.989248351620938,0.2763484037669577,3.722741552114802
T1,2026-01-20 14:00:00,11.299433522475848,0.7443424605594455,5.127949210084684
T1,2026-01-20 14:10:00,8.186512159659781,0.1868729287733522,3.192497527880226
T1,2026-01-20 14:20:00,9.938237125111906,0.41298603442425225,4.206253478175728
T1,2026-01-20 14:30:00,9.764399612096904,0.409205521578812,4.744757916247601
T1,2026-01-20 14:40:00,9.02183108425712,0.2988319126762271,4.5158256778874035
T1,2026-01-20 14:50:00,8.515116579212808,0.2225515632481749,5.286078901317617
T1,2026-01-20 15:00:00,8.316922537541561,0.19928492254392424,5.929668647936781
T1,2026-01-20 15:10:00,6.81574659094688,0.07450408073259614,5.0676787061597235
T1,2026-01-20 15:20:00,7.012173871905397,0.08198960099736759,5.280489761927621
T1,2026-01-20 15:30:00,9.392826793445401,0.3397460764421003,4.631703114342567
T1,2026-01-20 15:40:00,9.322653345168542,0.34670014286540557,4.678323392022548
T1,2026-01-20 15:50:00,6.747280490242847,0.06938335189046363,6.273677927183831
T1,2026-01-20 16:00:00,7.478584880736937,0.11311212158175121,5.380674240621568
T1,2026-01-20 16:10:00,7.424774709853831,0.10958018060618292,5.537037430524801
T1,2026-01-20 16:20:00,6.524346573764216,0.055137802812311294,5.61538083225903
T1,2026-01-20 16:30:00,9.5429325873728,0.36808534619820416,5.767767181178694
T1,2026-01-20 16:40:00,8.995768885496926,0.2943194572441544,5.507549041953975
T1,2026-01-20 16:50:00,7.34139578141873,0.10904583831120407,5.142770960795682
T1,2026-01-20 17:00:00,6.486546720355701,0.05548546456252299,4.871043545126986
T1,2026-01-20 17:10:00,6.549396805204964,0.05918572263488493,4.825938921398916
T1,2026-01-20 17:20:00,8.377621065026956,0.21013463167423488,3.898724227424864
T1,2026-01-20 17:30:00,7.688858385601534,0.13494633996163335,4.8556181033917385
T1,2026-01-20 17:40:00,6.169556071258544,0.04194134132995335,6.215174483621572
T1,2026-01-20 17:50:00,7.439265065020816,0.11468409212665223,4.524026787457528
T1,2026-01-20 18:00:00,6.393499315426007,0.04929289891202287,6.879349816122027
T1,2026-01-20 18:10:00,8.95489562158491,0.283437577554439,4.867541547740737
T1,2026-01-20 18:20:00,7.3218581737485895,0.10652611803731983,3.3162074660498675
T1,2026-01-20 18:30:00,6.823565646862561,0.07524549231303529,2.7408040144016343
T1,2026-01-20 18:40:00,7.142541410252668,0.08798638798447217,5.507268491228035
T1,2026-01-20 18:50:00,5.695779053598108,0.02432095036617237,5.4076157481495475
T1,2026-01-20 19:00:00,6.447361410729613,0.05249667053166438,3.8552367212303507
T1,2026-01-20 19:10:00,5.769658660554827,0.027298609489686914,5.937612337025215
T1,2026-01-20 19:20:00,6.258700068851172,0.04387591271374503,4.102717996736859
T1,2026-01-20 19:30:00,4.83608677894072,0.00835679267453156,3.6050350409412344
T1,2026-01-20 19:40:00,5.300570359381028,0.016683113618147984,4.9769671546334395
T1,2026-01-20 19:50:00,5.009966062597428,0.01101235296237143,6.729300909708709
T1,2026-01-20 20:00:00,6.600152063068191,0.059775119388023185,4.3030917885062205
T1,2026-01-20 20:10:00,5.611265893751189,0.022291318860654337,4.6660733622413995
T1,2026-01-20 20:20:00,4.901769955326549,0.008894926548578893,3.5109052587821985
T1,2026-01-20 20:30:00,2.810983127531677,0.0,4.294619682766908
T1,2026-01-20 20:40:00,2.699035094829127,0.0,5.777214917738094
T1,2026-01-20 20:50:00,6.979092349638594,0.08037548917585667,5.4481663014680075
T1,2026-01-20 21:00:00,5.449214128445447,0.018441681262082735,3.0368673961982124
T1,2026-01-20 21:10:00,3.6003996433500074,0.0002926444348812067,3.061212631339563
T1,2026-01-20 21:20:00,5.959853581126878,0.03452146322601465,4.696215762303391
T1,2026-01-20 21:30:00,3.510858469499158,0.0001757056281860035,4.202809124514019
T1,2026-01-20 21:40:00,3.659252086601689,0.00038567748636158855,5.492467248800161
T1,2026-01-20 21:50:00,4.233244976036753,0.0023620694248799794,5.277429355377032
T1,2026-01-20 22:00:00,3.167857611673268,6.4708789676479935e-06,5.3604676038320465
T1,2026-01-20 22:10:00,4.65345861882511,0.006094545782733033,3.025401896621301
T1,2026-01-20 22:20:00,3.933137019878904,0.0010885625328781335,2.398396973730355
T1,2026-01-20 22:30:00,3.545742952916395,0.00021056304980531816,5.669548325397642
T1,2026-01-20 22:40:00,5.3763389386763984,0.017272882424391012,4.163897191680973
T1,2026-01-20 22:50:00,2.991139055926098,0.0,3.7350373051526446
T1,2026-01-20 23:00:00,4.194377538876105,0.0021920796147596386,5.7628513667468155
T1,2026-01-20 23:10:00,3.3390077858858422,5.167058965711893e-05,3.2341461121262256
T1,2026-01-20 23:20:00,5.095849656751902,0.011624304265605208,2.320521015035621
T1,2026-01-20 23:30:00,5.017556505562366,0.010187886550147957,4.450582120220837
T1,2026-01-20 23:40:00,5.3116421143818116,0.015571648105850176,4.940187633410761
T1,2026-01-20 23:50:00,4.24031651783801,0.0024896933117515025,4.609744133309522
T1,2026-01-21 00:00:00,4.849715605254319,0.00796317470320529,3.642354058997298
T1,2026-01-21 00:10:00,4.909220837399029,0.009091118473479019,5.468924428181313
T1,2026-01-21 00:20:00,2.9928760449881553,0.0,4.145886853706337
T1,2026-01-21 00:30:00,4.34842336061429,0.003233664411604617,3.459286580403603
T1,2026-01-21 00:40:00,5.1438781012252,0.012462639784131611,4.614265681969822
T1,2026-01-21 00:50:00,2.142931668981021,0.0,5.735747333309417
T1,2026-01-21 01:00:00,4.387419834775374,0.0033698393867922713,3.5184846677605943
T1,2026-01-21 01:10:00,5.13686903498185,0.012952640450385959,2.895158080641564
T1,2026-01-21 01:20:00,2.249339093740543,0.0,4.569738383819523
T1,2026-01-21 01:30:00,5.054555415575938,0.011084541792349027,7.193080132118425
T1,2026-01-21 01:40:00,3.811308811937259,0.0006742656012643825,2.954885724238493
T1,2026-01-21 01:50:00,7.641147110051072,0.12450636121416755,4.972193031627768
T1,2026-01-21 02:00:00,3.336655308562272,5.1880657073627406e-05,5.933965280976757
T1,2026-01-21 02:10:00,2.3735908028128057,0.0,5.754190060518086
T1,2026-01-21 02:20:00,5.946956278776823,0.034270721703903946,3.7215672437022276
T1,2026-01-21 02:30:00,4.658245852327955,0.006197972738828202,4.398393801159698
T1,2026-01-21 02:40:00,5.157284678411021,0.013399574802714037,5.973148625048431
T1,2026-01-21 02:50:00,3.0401685431816365,8.036923218908293e-08,5.902001332009929
T1,2026-01-21 03:00:00,5.243795681785315,0.014407006930711902,5.114600474409406
T1,2026-01-21 03:10:00,2.3637383453890766,0.0,4.05895383377361
T1,2026-01-21 03:20:00,6.04488894667306,0.0370917327671742,4.540914391287866
T1,2026-01-21 03:30:00,6.168804490801231,0.04253400984356363,4.128325475523657
T1,2026-01-21 03:40:00,4.586438751324166,0.004941414713097483,5.209361403790904
T1,2026-01-21 03:50:00,4.2696893325589516,0.0026794579678355813,5.030518020999164
T1,2026-01-21 04:00:00,7.333745931172433,0.10436107135763843,6.953531208446955
T1,2026-01-21 04:10:00,6.734712153373328,0.06905259738499318,3.2137933759341646
T1,2026-01-21 04:20:00,7.270421839285636,0.09740891120828274,4.770676049552038
T1,2026-01-21 04:30:00,5.2893057739076,0.016014473631699413,3.8800062136854025
T1,2026-01-21 04:40:00,6.650161486479346,0.06186709941788417,6.434559048825948
T1,2026-01-21 04:50:00,7.261900198866745,0.10141168365370083,5.814356147668412
T1,2026-01-21 05:00:00,4.80892172666645,0.007318030604122678,3.9574369719800373
T1,2026-01-21 05:10:00,6.941949396072582,0.08200094498579945,5.667169680389422
T1,2026-01-21 05:20:00,6.202447084890151,0.04143744221207438,5.811415814997288
T1,2026-01-21 05:30:00,6.82983642156014,0.06991587687703034,3.702459015944421
T1,2026-01-21 05:40:00,8.208701208268781,0.17778859015360782,6.106219068609489
T1,2026-01-21 05:50:00,6.617137528836889,0.05866801428751121,3.988522572403388
T1,2026-01-21 06:00:00,7.108344840794197,0.09128916395683029,5.328843267648165
T1,2026-01-21 06:10:00,7.641119485088565,0.1358939458294244,4.926068143725439
T1,2026-01-21 06:20:00,7.678218059955123,0.1362402207909422,4.702826137168406
T1,2026-01-21 06:30:00,7.678859230777992,0.1289784296523198,4.898737326770972
T1,2026-01-21 06:40:00,9.12783565977967,0.28581157685827746,5.4447939898561994
T1,2026-01-21 06:50:00,9.260209938835368,0.3057800519985186,6.016953553432343
T1,2026-01-21 07:00:00,6.558505719795218,0.056500096032609776,6.597495625001175
T1,2026-01-21 07:10:00,8.784210728116932,0.2428897454228643,4.486252507102909
T1,2026-01-21 07:20:00,6.386358131968331,0.04933771789238633,6.4108479156197875
T1,2026-01-21 07:30:00,8.693216211499124,0.24242270665297339,4.6420154602647825
T1,2026-01-21 07:40:00,7.026955193782408,0.08380829052954612,4.3249818315028765
T1,2026-01-21 07:50:00,9.73383679565416,0.407423165765946,5.669585118546527
T1,2026-01-21 08:00:00,7.0244880613911445,0.08740441432499886,5.371819126164825
T1,2026-01-21 08:10:00,8.975673932540634,0.27623252067509513,3.5717817093139375
T1,2026-01-21 08:20:00,7.867140421092791,0.1532634167419193,4.837296949543398
T1,2026-01-21 08:30:00,7.477239876030609,0.122812487705529,5.211022397986511
T1,2026-01-21 08:40:00,9.291953057988367,0.3393096037114586,5.016274598111528
T1,2026-01-21 08:50:00,7.890816812259216,0.15267666130945134,3.9921440857122508
T1,2026-01-21 09:00:00,10.37252098373195,0.49589198730379197,6.568761846354426
T1,2026-01-21 09:10:00,7.798226617346748,0.14169958922733258,5.56648819253436
T1,2026-01-21 09:20:00,12.328960299343985,0.9968292809723984,3.034833178304104
T1,2026-01-21 09:30:00,9.72937768482153,0.3874731378386924,5.903102292092207
T1,2026-01-21 09:40:00,9.956328988288256,0.4447619722396042,5.044558408405362
T1,2026-01-21 09:50:00,10.90142796402758,0.6562889643897799,2.9744338121544525
T1,2026-01-21 10:00:00,8.588971924264037,0.22535680385544088,4.938592698391987
T1,2026-01-21 10:10:00,9.322325669949159,0.3372735954726885,6.171646300248753
T1,2026-01-21 10:20:00,10.48596533712646,0.5662081244971201,3.8734693773565896
T1,2026-01-21 10:30:00,9.641441282852146,0.40138811885891656,5.207370057274033
T1,2026-01-21 10:40:00,12.415239826541828,0.932858622016565,6.4829048252928345
T1,2026-01-21 10:50:00,8.948950135998196,0.2615517601781311,7.8142411825033715
T1,2026-01-21 11:00:00,10.628350989198392,0.5822861307518405,2.873332291235018
T1,2026-01-21 11:10:00,9.611512927904423,0.3819116554569217,4.691377341867472
T1,2026-01-21 11:20:00,8.431889381768926,0.21616584168648134,5.344776502616342
T1,2026-01-21 11:30:00,8.67458728192044,0.2407372771927594,3.9986209001427286
T1,2026-01-21 11:40:00,8.131361852685195,0.17054115112035692,4.484038364296725
T1,2026-01-21 11:50:00,8.973958309928289,0.2684180597218702,3.725699706793797
T1,2026-01-21 12:00:00,8.636799683079687,0.22922363539824703,4.7301663728564805
T1,2026-01-21 12:10:00,9.760474110360613,0.3942810192268333,5.431213923916697
T1,2026-01-21 12:20:00,10.561253523224728,0.5440354081757631,3.850651128756514
T1,2026-01-21 12:30:00,7.723674476611939,0.13050618770770844,4.168070385850864
T1,2026-01-21 12:40:00,8.364129929189517,0.19254448751294975,3.8486379099116883
T1,2026-01-21 12:50:00,7.405968925407096,0.10790912738288976,6.343126791611824
T1,2026-01-21 13:00:00,8.967017685130742,0.28944370187573165,5.020167220172751
T1,2026-01-21 13:10:00,9.715353597890886,0.4070720226828685,4.860122379913188
T1,2026-01-21 13:20:00,8.36926676554491,0.2061931149934148,4.814017808698924
T1,2026-01-21 13:30:00,7.298224795332441,0.09997695156251003,5.617701539219266
T1,2026-01-21 13:40:00,9.48439200009882,0.3565189767267821,5.139340923845316
T1,2026-01-21 13:50:00,9.416050729851436,0.3296922525419437,4.3283078067393355
T1,2026-01-21 14:00:00,6.51435380490712,0.05567001425870956,4.93701478583676
T1,2026-01-21 14:10:00,7.656534080740801,0.12697538251959153,5.461797771732266
T1,2026-01-21 14:20:00,10.676845538092635,0.5601405866436439,3.426611008167617
T1,2026-01-21 14:30:00,9.53700812529486,0.3743117508441235,3.724276731081509
T1,2026-01-21 14:40:00,8.262788364397414,0.1846188782792036,5.315650636155052
T1,2026-01-21 14:50:00,7.637223248387082,0.13200152791357206,5.053575258301136
T1,2026-01-21 15:00:00,6.698675670549284,0.06400987400716276,5.009790899986395
T1,2026-01-21 15:10:00,7.360787741833024,0.11060568352105021,6.0889745704528435
T1,2026-01-21 15:20:00,7.58301912608676,0.1191181117258439,5.882953892639765
T1,2026-01-21 15:30:00,9.056205704268475,0.29341347498027903,5.018063478153161
T1,2026-01-21 15:40:00,7.789463382658372,0.14212605934897102,4.960612906671342
T1,2026-01-21 15:50:00,8.0508762382784,0.16471508046153605,4.489598208459452
T1,2026-01-21 16:00:00,10.554726186794642,0.5881385100907415,6.781471228710077
T1,2026-01-21 16:10:00,8.638763370540225,0.22918320109702478,4.399108699013955
T1,2026-01-21 16:20:00,7.047359012749261,0.08213576647816223,5.000470156582608
T1,2026-01-21 16:30:00,9.101249376612293,0.2981481843501392,3.771257307804353
T1,2026-01-21 16:40:00,8.493862818522114,0.20654023614371678,7.160515999676919
T1,2026-01-21 16:50:00,8.676040812943794,0.2284644352985497,3.4520593934390433
T1,2026-01-21 17:00:00,7.269545065079718,0.09856337297438451,6.126454522181698
T1,2026-01-21 17:10:00,8.233841905574769,0.1906984967155061,4.532236545982489
T1,2026-01-21 17:20:00,7.219391869552477,0.09761655351731667,6.49266696837857
T1,2026-01-21 17:30:00,6.047969605190882,0.037741042574207295,3.038643479494097
T1,2026-01-21 17:40:00,8.10050538238005,0.17759013088361464,4.48267418211614
T1,2026-01-21 17:50:00,5.972132377934674,0.03368812999885956,4.807292516834549
T1,2026-01-21 18:00:00,7.976522810407411,0.163257669461441,5.060352527145666
T1,2026-01-21 18:10:00,6.939022621902652,0.07683798359471114,4.083607395409337
T1,2026-01-21 18:20:00,5.280469419954489,0.014977958760404276,3.6067103817530386
T1,2026-01-21 18:30:00,8.556988612523625,0.22161471636234772,4.715288109854129
T1,2026-01-21 18:40:00,5.553277650634744,0.022514373506938287,3.459449604658621
T1,2026-01-21 18:50:00,5.249029552211538,0.014812563025605784,4.610198732086656
T1,2026-01-21 19:00:00,4.912203230806405,0.009373353670083283,3.6388298361474196
T1,2026-01-21 19:10:00,6.691152031341063,0.06481242824723774,4.992039054559232
T1,2026-01-21 19:20:00,5.168775293820217,0.013224831357712118,3.9890943351086143
T1,2026-01-21 19:30:00,7.88769386956882,0.15374669453148745,6.437910699894729
T1,2026-01-21 19:40:00,5.22525606282529,0.014021171612672885,4.431864195764145
T1,2026-01-21 19:50:00,5.199316470285727,0.013306088771207075,4.940489778813279
T1,2026-01-21 20:00:00,6.290464986712772,0.045424049209865404,3.228511897418458
T1,2026-01-21 20:10:00,6.235262798305635,0.04305756067417404,4.24355239980775
T1,2026-01-21 20:20:00,5.846084514885801,0.02974564600125267,5.294096204958865
T1,2026-01-21 20:30:00,7.199544681382901,0.09273902232423228,3.594847641785012
T1,2026-01-21 20:40:00,4.4990268101070665,0.0046004027853894045,6.0292668785661165
T1,2026-01-21 20:50:00,4.3054553508404565,0.0029059480489321745,5.453927707521755
T1,2026-01-21 21:00:00,5.939200560010296,0.033154790733478955,4.8210943197218095
T1,2026-01-21 21:10:00,5.154072034276722,0.013681305903850851,4.93575862868092
T1,2026-01-21 21:20:00,7.730467629022276,0.1340088570614295,6.936011451285443
T1,2026-01-21 21:30:00,5.160483942437577,0.012609967994952379,5.258071694172496
T1,2026-01-21 21:40:00,6.075919160948498,0.03967676942390446,2.7547521560487955
T1,2026-01-21 21:50:00,3.6113687775571885,0.0002969015368735708,5.172128738738806
T1,2026-01-21 22:00:00,3.967902971947317,0.0012273298507889635,3.617380077032138
T1,2026-01-21 22:10:00,5.54681857455205,0.02089768007762469,4.544485669204299
T1,2026-01-21 22:20:00,5.526098104274839,0.0215842067929422,5.4494040593791615
T1,2026-01-21 22:30:00,4.096857564386602,0.001719110176225223,4.962807194907841
T1,2026-01-21 22:40:00,4.946509505434731,0.010104959064480947,3.7931656164508087
T1,2026-01-21 22:50:00,3.4210985170818953,9.543269755885966e-05,4.917311391862019
T1,2026-01-21 23:00:00,3.484410506026304,0.00014847205296887638,4.233148156604974
T1,2026-01-21 23:10:00,6.59196663562312,0.061044711302898715,4.274169001285612
T1,2026-01-21 23:20:00,6.002308658793334,0.03373410742806422,2.738603062480474
T1,2026-01-21 23:30:00,4.92702596382,0.009451799743312964,6.899959500358644
T1,2026-01-21 23:40:00,3.4508230021359716,0.0001253038915448794,5.062163014130146
T1,2026-01-21 23:50:00,3.2901831190058966,3.0467065471241108e-05,5.43789400084845
T1,2026-01-22 00:00:00,6.112421813671405,0.03737649110475251,5.056390569196285
T1,2026-01-22 00:10:00,4.735411552328512,0.0071306300716358064,4.774805599478463
T1,2026-01-22 00:20:00,5.461312445982773,0.01845724769316736,5.571355018186855
T1,2026-01-22 00:30:00,4.212952586952173,0.002265442983338674,5.847167550112755
T1,2026-01-22 00:40:00,5.96925231221276,0.034976965312410103,4.5370072836090385
T1,2026-01-22 00:50:00,4.239036960302214,0.002433719551146297,4.842798360503672
T1,2026-01-22 01:00:00,4.405222826200776,0.0037987459659671314,3.323525231096403
T1,2026-01-22 01:10:00,5.722811736153798,0.027361077268670448,4.050857254346298
T1,2026-01-22 01:20:00,5.559635941211272,0.021751382233995406,4.209082240029293
T1,2026-01-22 01:30:00,2.1649573961653394,0.0,6.097999524536686
T1,2026-01-22 01:40:00,2.6197689631314454,0.0,4.4309614672557345
T1,2026-01-22 01:50:00,5.287242544079959,0.015370329332237382,4.939961609973852
T1,2026-01-22 02:00:00,5.842566768792121,0.028925845604078522,3.814292390526238
T1,2026-01-22 02:10:00,6.905197233983722,0.07620100623898123,4.7726052318386385
T1,2026-01-22 02:20:00,5.119894581497019,0.01207359922080099,3.7874231499387623
T1,2026-01-22 02:30:00,3.5356738262889102,0.000203852808916896,3.015003020494335
T1,2026-01-22 02:40:00,4.395021174379924,0.0033645078309025465,5.586748552443539
T1,2026-01-22 02:50:00,5.595522636137486,0.02182408668995364,3.78546295290249
T1,2026-01-22 03:00:00,5.395290236510382,0.01706168339323577,3.5449112381735257
T1,2026-01-22 03:10:00,5.79276997393268,0.028602642006897275,5.567136030048342
T1,2026-01-22 03:20:00,7.486959815009085,0.12357639783677687,3.8003061049359665
T1,2026-01-22 03:30:00,3.0838693315143697,7.751306877937726e-07,6.600134560013837
T1,2026-01-22 03:40:00,6.442495091705697,0.0546919222097896,4.618979963609638
T1,2026-01-22 03:50:00,7.652239324325269,0.13582115062415248,6.390562820000754
T1,2026-01-22 04:00:00,5.340502558680379,0.017537505461325133,4.218419855715087
T1,2026-01-22 04:10:00,6.692487641313864,0.06897883006928536,4.324999561135607
T1,2026-01-22 04:20:00,6.470558909672046,0.052077195764070806,5.905379813029081
T1,2026-01-22 04:30:00,5.590083554484379,0.022015396240711433,5.863165644085219
T1,2026-01-22 04:40:00,4.3197207136746485,0.002991370921903593,3.973471063772351
T1,2026-01-22 04:50:00,6.160254122442591,0.04012207172127295,4.316088725906223
T1,2026-01-22 05:00:00,7.96983149841226,0.15813257072127523,5.249003543351101
T1,2026-01-22 05:10:00,7.739922232759846,0.14030181489313878,5.015380837701441
T1,2026-01-22 05:20:00,7.407443747522125,0.11718453914697967,4.8864053545797645
T1,2026-01-22 05:30:00,5.20334626517084,0.013928413073995415,4.148106539238501
T1,2026-01-22 05:40:00,8.170410023282242,0.17447363499606625,5.213273361459149
T1,2026-01-22 05:50:00,6.432472605279657,0.05465684536104148,4.398883961238502
T1,2026-01-22 06:00:00,6.472770571566723,0.05500906071277532,5.248688450527282
T1,2026-01-22 06:10:00,6.731038759016796,0.06680127631207709,6.708800181636891
T1,2026-01-22 06:20:00,8.087272905999376,0.1670855756265815,5.677619412034388
T1,2026-01-22 06:30:00,5.684668643105984,0.02511036248699636,5.770048039665601
T1,2026-01-22 06:40:00,7.058583037886784,0.08895690351656077,5.004975003239585
T1,2026-01-22 06:50:00,7.486585225495083,0.11510086214826647,5.4426404786282
T1,2026-01-22 07:00:00,7.671178353311467,0.13976626251366597,2.5069311055106898
T1,2026-01-22 07:10:00,8.310947196245413,0.20527406854280986,7.494030316230957
T1,2026-01-22 07:20:00,6.55769908931964,0.06162887841144606,6.13576184842814
T1,2026-01-22 07:30:00,6.266046767933539,0.04399622303617985,4.962169057728081
T1,2026-01-22 07:40:00,7.878805749383547,0.1487027607042617,4.9594921388239035
T1,2026-01-22 07:50:00,7.292617019679821,0.105193254166975,4.5708311964242
T1,2026-01-22 08:00:00,8.416745945363953,0.20826367798391104,4.13533130531139
T1,2026-01-22 08:10:00,9.398625738344084,0.3471472303032068,5.279229983351182
T1,2026-01-22 08:20:00,8.020228814644453,0.16437465089289813,6.7630105064815975
T1,2026-01-22 08:30:00,9.927608281434498,0.4368582123969478,5.377761766754074
T1,2026-01-22 08:40:00,7.090845377920328,0.0917136852513794,7.286936897732279
T1,2026-01-22 08:50:00,9.451897598922647,0.3671083834498315,5.580818050568799
T1,2026-01-22 09:00:00,9.110518428127325,0.30513942745584877,3.822617900184319
T1,2026-01-22 09:10:00,9.235030935358308,0.31451607992302877,4.744435253137339
T1,2026-01-22 09:20:00,8.765522411833569,0.2507078998400603,5.414408512542358
T1,2026-01-22 09:30:00,7.080247812842618,0.09139759254912191,6.100757366076171
T1,2026-01-22 09:40:00,7.7379308634708215,0.13203086911565692,4.66743540432382
T1,2026-01-22 09:50:00,8.13534038801748,0.1697383004358879,3.9997495446702214
T1,2026-01-22 10:00:00,8.823776045820129,0.2525193042036956,5.747119095267723
T1,2026-01-22 10:10:00,8.836330696155104,0.26907804847916056,5.528554079111343
T1,2026-01-22 10:20:00,10.444759832078722,0.5351114959876322,2.3110463079744656
T1,2026-01-22 10:30:00,7.835646458858085,0.15489271469051952,4.2902393787448165
T1,2026-01-22 10:40:00,9.392427160849849,0.3418324202044509,4.638109431893417
T1,2026-01-22 10:50:00,8.294446452494135,0.1927053623824678,5.226421169102748
T1,2026-01-22 11:00:00,8.514184914200005,0.2262435520097408,5.103744999676415
T1,2026-01-22 11:10:00,8.783657102446913,0.2566047038629618,4.758803434222378
T1,2026-01-22 11:20:00,9.878105552911771,0.41074737467831113,3.437071220931299
T1,2026-01-22 11:30:00,7.852462868941687,0.14353274713038866,4.20602694625417
T1,2026-01-22 11:40:00,8.961492503648083,0.2834714141438827,3.6870329160641564
T1,2026-01-22 11:50:00,8.908037468565993,0.25864652754016393,4.9165628553348775
T1,2026-01-22 12:00:00,8.716323792806431,0.24593297785929485,5.289702531696768
T1,2026-01-22 12:10:00,7.355151213555595,0.10878446952510994,5.359897049144971
T1,2026-01-22 12:20:00,9.948278851815777,0.4410157644252084,5.120455137592985
T1,2026-01-22 12:30:00,8.752617548555639,0.25891824782104955,7.730351128163586
T1,2026-01-22 12:40:00,8.031407727805174,0.16836765183271366,4.305628505265794
T1,2026-01-22 12:50:00,7.42844295836931,0.11773740814298815,3.2069352194888445
T1,2026-01-22 13:00:00,10.295016341244393,0.5101191231671445,4.069118468574984
T1,2026-01-22 13:10:00,8.024261437764057,0.1598100471481485,5.157736164249757
T1,2026-01-22 13:20:00,8.861879317140188,0.25939385146907074,5.5010605937991475
T1,2026-01-22 13:30:00,9.361069160516738,0.34370228131664227,3.1142857952719307
T1,2026-01-22 13:40:00,9.122329449421327,0.2890540928909864,4.9143994240833
T1,2026-01-22 13:50:00,9.653612229020288,0.40239367898414863,4.505535941616876
T1,2026-01-22 14:00:00,7.78714987569223,0.1496614399629037,4.326444280791621
T1,2026-01-22 14:10:00,11.235536976858866,0.7297220478530138,4.548665582448278
T1,2026-01-22 14:20:00,8.282699462506434,0.1838671969359867,5.4959259761213675
T1,2026-01-22 14:30:00,9.616589354311163,0.3773691253039694,3.9496466593958224
T1,2026-01-22 14:40:00,8.674333256283798,0.22621811208654957,4.212904482895403
T1,2026-01-22 14:50:00,10.194772719401321,0.505299016291113,5.873045629718384
T1,2026-01-22 15:00:00,9.041599272023523,0.2815107107646586,6.168186174112902
T1,2026-01-22 15:10:00,8.905230882888752,0.26842976676357594,4.200469829986734
T1,2026-01-22 15:20:00,6.9208658680515285,0.07478400621139827,7.035117929268325
T1,2026-01-22 15:30:00,9.78899680740643,0.40921261468923387,3.205705683256553
T1,2026-01-22 15:40:00,9.607567751520778,0.37405818623244097,3.5092026626149093
T1,2026-01-22 15:50:00,8.132052376925802,0.1710764107897715,4.459021925053245
T1,2026-01-22 16:00:00,8.564814289236015,0.2301749900141511,4.184406990417017
T1,2026-01-22 16:10:00,7.763602162690636,0.13746942450506683,5.462739821400609
T1,2026-01-22 16:20:00,9.556313969218715,0.3585456294059958,3.7376238060598648
T1,2026-01-22 16:30:00,6.553523739816212,0.05551768811332522,4.252562337145571
T1,2026-01-22 16:40:00,7.007980176897757,0.08633225961564588,5.795227095827304
T1,2026-01-22 16:50:00,8.497789687496006,0.21339179135627243,3.0846991772332775
T1,2026-01-22 17:00:00,8.736154717104228,0.23607086896239912,5.55459345829666
T1,2026-01-22 17:10:00,7.323110282476721,0.10846138775292116,5.096032437898722
T1,2026-01-22 17:20:00,7.47100153100948,0.11775447260011136,6.343683052669791
T1,2026-01-22 17:30:00,7.198241839607488,0.0924561366454601,5.896648703452775
T1,2026-01-22 17:40:00,7.4730244343884795,0.11622867654721716,5.313912499096812
T1,2026-01-22 17:50:00,7.059287443002487,0.08441268553750025,5.546856035968585
T1,2026-01-22 18:00:00,5.4719325768901985,0.01866598966461654,5.213406124884895
T1,2026-01-22 18:10:00,5.143136753836302,0.01266752753798647,7.085820501372728
T1,2026-01-22 18:20:00,6.33884902846706,0.05063263910702593,5.4143628631815695
T1,2026-01-22 18:30:00,6.350520284566525,0.04891860561627527,3.0106685264617465
T1,2026-01-22 18:40:00,6.383792761586406,0.048805909756181085,5.058255047677511
T1,2026-01-22 18:50:00,5.610112518660579,0.02295237744844673,4.067210202554612
T1,2026-01-22 19:00:00,5.9835484549174875,0.03284359855597218,5.194943997498697
T1,2026-01-22 19:10:00,5.695763701312373,0.024968797233128868,4.30914689423482
T1,2026-01-22 19:20:00,5.036816843588462,0.01068036814279629,6.770964039023461
T1,2026-01-22 19:30:00,9.431355437880415,0.33031471892384084,4.430408285887118
T1,2026-01-22 19:40:00,5.694314315224379,0.02675447040221968,5.161497626538939
T1,2026-01-22 19:50:00,5.772704763977705,0.0271556312195517,6.588474958554978
T1,2026-01-22 20:00:00,6.343662744601753,0.046827095571081355,4.320097065990758
T1,2026-01-22 20:10:00,5.102312604841068,0.012339188572600034,6.141194882560669
T1,2026-01-22 20:20:00,5.444614748496364,0.0190081800984629,5.8412430674919396
T1,2026-01-22 20:30:00,5.186258382230653,0.013463927348089908,4.645182189129844
T1,2026-01-22 20:40:00,5.660684932226108,0.02348720964080737,4.599209816401278
T1,2026-01-22 20:50:00,6.432009131863175,0.05540168904896806,4.1207273595523475
T1,2026-01-22 21:00:00,4.6729311416837715,0.006347643283825205,6.164342964391204
T1,2026-01-22 21:10:00,4.220424641414448,0.0023948028468402825,5.349934809756531
T1,2026-01-22 21:20:00,5.634484810180701,0.023058332131132706,6.36961033588069
T1,2026-01-22 21:30:00,4.553131148721714,0.004764385539382784,3.293342558787718
T1,2026-01-22 21:40:00,5.613124885689666,0.02217379474342119,4.740928087826165
T1,2026-01-22 21:50:00,4.821822442875841,0.007716527749393337,4.787083617384629
T1,2026-01-22 22:00:00,5.091362809656254,0.01200132439899563,6.7712489236343
T1,2026-01-22 22:10:00,6.264464657351354,0.04339718546228505,4.955088959443053
T1,2026-01-22 22:20:00,2.2090072398965,0.0,5.136531432939373
T1,2026-01-22 22:30:00,3.8406450355358257,0.0007540862895250082,5.139028756162974
T1,2026-01-22 22:40:00,3.632286938410255,0.000343458068993285,5.636607789429317
T1,2026-01-22 22:50:00,6.971205795161683,0.08337194736386581,5.959749262101158
T1,2026-01-22 23:00:00,5.932012393150722,0.03456278718462506,5.224672228094059
T1,2026-01-22 23:10:00,6.949744068694992,0.07651767495228183,5.644439984132204
T1,2026-01-22 23:20:00,3.5858179439289533,0.0002719826318116724,4.385115863124041
T1,2026-01-22 23:30:00,5.215791796258893,0.013871169886270787,3.788575832497831
T1,2026-01-22 23:40:00,0.8579351728175162,0.0,4.214898477453546
T1,2026-01-22 23:50:00,4.491769160292399,0.0042357856131429944,4.386492259600381
T1,2026-01-23 00:00:00,3.3837320789351466,7.189422230994774e-05,6.687304861506318
T1,2026-01-23 00:10:00,4.616308297129733,0.0053964682582915875,4.703895173121226
T1,2026-01-23 00:20:00,6.154791541466551,0.04169149465680146,5.781953300914966
T1,2026-01-23 00:30:00,3.383956350813212,7.252320820362864e-05,6.068387826697985
T1,2026-01-23 00:40:00,3.378821015740404,7.394305365156361e-05,5.393357653473074
T1,2026-01-23 00:50:00,3.2705897016862275,2.5894948939957665e-05,5.036025084847394
T1,2026-01-23 01:00:00,4.906358055663776,0.009121107156434499,4.601032857851521
T1,2026-01-23 01:10:00,2.5138262953367456,0.0,5.062287283259729
T1,2026-01-23 01:20:00,4.675058037536587,0.005965998812948966,6.742244578738565
T1,2026-01-23 01:30:00,5.199177515810288,0.014337485939411377,5.582240194287459
T1,2026-01-23 01:40:00,4.316634601018677,0.003013059702629701,5.326272856674114
T1,2026-01-23 01:50:00,3.450896341061135,0.00011945435039927563,4.75286736442821
T1,2026-01-23 02:00:00,4.1504444837015155,0.0020817772756741336,4.787663531503448
T1,2026-01-23 02:10:00,3.799646364619808,0.0006667599196113026,3.9239304595125417
T1,2026-01-23 02:20:00,7.210715117755452,0.09605280215131305,7.4892966390250635
T1,2026-01-23 02:30:00,3.232788000889636,1.6970308210922914e-05,6.606989548164359
T1,2026-01-23 02:40:00,5.796332297623632,0.028209408839609842,4.919195528442016
T1,2026-01-23 02:50:00,3.6927648746302664,0.0004129704486512545,5.684151194311783
T1,2026-01-23 03:00:00,4.168799610793034,0.002107343258578973,6.312641634325351
T1,2026-01-23 03:10:00,4.814718603834747,0.00764408001181044,4.225006943474533
T1,2026-01-23 03:20:00,5.886345684941349,0.03146491296193436,4.664496078258271
T1,2026-01-23 03:30:00,6.232413395966761,0.045837354092313695,3.6149608708248557
T1,2026-01-23 03:40:00,3.9398565562230035,0.0011063708842934297,5.9799561123047145
T1,2026-01-23 03:50:00,5.170327362568348,0.013635946175884676,3.325385434210827
T1,2026-01-23 04:00:00,5.99238528521014,0.03480010506185057,4.11834126365006
T1,2026-01-23 04:10:00,6.116505296300703,0.03757462170010078,5.88640507168102
T1,2026-01-23 04:20:00,6.223614304371412,0.04558835717954769,5.031458678188227
T1,2026-01-23 04:30:00,8.305537328093575,0.19296004817081008,5.2104987983171585
T1,2026-01-23 04:40:00,6.50909450180796,0.057310367410971765,4.46963375202955
T1,2026-01-23 04:50:00,5.045367058722315,0.010880997784835556,4.328230619385783
T1,2026-01-23 05:00:00,5.853387499595107,0.03015019593124288,6.652939695196669
T1,2026-01-23 05:10:00,5.318596078932054,0.01540055091631696,5.989688673738234
T1,2026-01-23 05:20:00,7.999806529784901,0.16438372376402735,4.920394019366924
T1,2026-01-23 05:30:00,6.6754089342033796,0.0660910095041164,5.4000303178415905
T1,2026-01-23 05:40:00,6.688180252470533,0.06579993768458334,3.5625534740703655
T1,2026-01-23 05:50:00,5.903691340550676,0.03063685411682469,5.784956788268007
T1,2026-01-23 06:00:00,6.347404954315081,0.05049085553190954,5.081244931853287
T1,2026-01-23 06:10:00,5.441611247775207,0.019442944174279105,5.687988130473723
T1,2026-01-23 06:20:00,6.63346896521859,0.06535095031994255,6.659360858339119
T1,2026-01-23 06:30:00,6.40900222773694,0.050747315725053796,4.475511884046471
T1,2026-01-23 06:40:00,8.476139355952855,0.21710880006018893,3.9639310305389395
T1,2026-01-23 06:50:00,8.267930137387834,0.18133974336511816,5.0037214226422115
T1,2026-01-23 07:00:00,8.10619884077794,0.16844167698933793,4.065655717360124
T1,2026-01-23 07:10:00,10.18305872762145,0.4799212387122013,5.103549862539261
T1,2026-01-23 07:20:00,6.780581171143277,0.07226863798570228,5.348620046688985
T1,2026-01-23 07:30:00,8.058840419380521,0.17581976924122442,5.814034120616169
T1,2026-01-23 07:40:00,8.749756200030912,0.25723115703887545,6.430751463604203
T1,2026-01-23 07:50:00,8.242106412201089,0.1876322105062476,4.6867810588939385
T1,2026-01-23 08:00:00,9.037192794141852,0.29581209080137894,6.32306957839602
T1,2026-01-23 08:10:00,6.664627861369479,0.06182486028913192,5.004578617706522
T1,2026-01-23 08:20:00,8.141657593189661,0.1732351526289746,5.0183727089083705
T1,2026-01-23 08:30:00,6.96365954947451,0.08248370583513465,4.793868699588457
T1,2026-01-23 08:40:00,8.747775726115261,0.2510375960322824,4.658948034943105
T1,2026-01-23 08:50:00,9.904224747730177,0.4108418445199776,4.395667030439009
T1,2026-01-23 09:00:00,8.75409798781914,0.2429709795134149,3.7350784153881538
T1,2026-01-23 09:10:00,8.258246871798987,0.19216179042093304,5.832750233555966
T1,2026-01-23 09:20:00,7.619127561936298,0.130730378169493,4.677368844737487
T1,2026-01-23 09:30:00,8.741883345143203,0.2555444742500173,5.810932212489338
T1,2026-01-23 09:40:00,10.295845447552919,0.494093694101866,2.1345362326323936
T1,2026-01-23 09:50:00,8.119501986523536,0.17927577788158394,5.5947976670983515
T1,2026-01-23 10:00:00,7.836009682812959,0.15009314802348028,6.525471052256407
T1,2026-01-23 10:10:00,9.525845494734675,0.36181741653846705,4.431063931245366
T1,2026-01-23 10:20:00,8.797659792126606,0.24142766242784702,5.546195441764174
T1,2026-01-23 10:30:00,9.589934119254199,0.3889781269913729,4.839607829713235
T1,2026-01-23 10:40:00,9.316370621815938,0.32591762433977944,5.485112091184955
T1,2026-01-23 10:50:00,9.297911132677317,0.3286357609359243,4.917500925441868
T1,2026-01-23 11:00:00,8.331277368905788,0.19071084975064256,5.106988028528354
T1,2026-01-23 11:10:00,8.251203594694184,0.18719456934946313,4.966523708678344
T1,2026-01-23 11:20:00,8.72212114936887,0.2436079431290846,4.334051150539763
T1,2026-01-23 11:30:00,11.748353198631659,0.9071837126671939,4.8991759650663
T1,2026-01-23 11:40:00,8.509129651343423,0.2266675863036663,6.439874058408785
T1,2026-01-23 11:50:00,8.214972283721497,0.1782800422003445,5.322088988520487
T1,2026-01-23 12:00:00,10.858658913756114,0.6172116444636194,2.6471870546404936
T1,2026-01-23 12:10:00,10.618382536003207,0.5999179550691376,4.538913057743084
T1,2026-01-23 12:20:00,10.244714771878732,0.5141285623261304,5.887528551031657
T1,2026-01-23 12:30:00,8.975394793248828,0.276430292584964,4.3445884056388895
T1,2026-01-23 12:40:00,10.910504902910088,0.6278258916023479,5.079145589701337
T1,2026-01-23 12:50:00,9.261058097772175,0.31491355323615045,4.554268048435504
T1,2026-01-23 13:00:00,9.299924506772035,0.3414446225125603,5.5340634169465215
T1,2026-01-23 13:10:00,11.110077280225712,0.7191307915509175,7.345679294282278
T1,2026-01-23 13:20:00,11.182636590042488,0.7084550902649298,2.7110167590373475
T1,2026-01-23 13:30:00,9.156332329287688,0.30616187321239025,3.54172370018378
T1,2026-01-23 13:40:00,11.142402963186978,0.726983710751006,5.649168610681344
T1,2026-01-23 13:50:00,8.968329789156149,0.27815512734206,6.124476462222192
T1,2026-01-23 14:00:00,8.809893372587931,0.2430490237878404,3.6840025630338067
T1,2026-01-23 14:10:00,6.919740025830528,0.07990134333215175,4.24892156957155
T1,2026-01-23 14:20:00,9.98272594285266,0.42963489386984094,1.9576290935662302
T1,2026-01-23 14:30:00,10.581016699252423,0.56505849626151,3.620071685758154
T1,2026-01-23 14:40:00,6.8114880338908605,0.07487364456797826,6.8179905667131555
T1,2026-01-23 14:50:00,7.775074266057427,0.13776904858874825,4.221584125672331
T1,2026-01-23 15:00:00,9.143132961813704,0.3058807777418397,5.487520215922507
T1,2026-01-23 15:10:00,9.357918542306598,0.3396692433434401,5.091497853548982
T1,2026-01-23 15:20:00,10.756572547541094,0.5960462676942908,4.299140955111026
T1,2026-01-23 15:30:00,8.335278382012342,0.1945166157050162,4.295382598092128
T1,2026-01-23 15:40:00,9.073179699649563,0.28119677766185863,5.912911571477721
T1,2026-01-23 15:50:00,10.511417978702433,0.5510966953653456,4.780282908834098
T1,2026-01-23 16:00:00,9.295132606918004,0.31809712078824953,5.889166390006578
T1,2026-01-23 16:10:00,7.821860976171432,0.13967668429683222,5.110044795698296
T1,2026-01-23 16:20:00,6.848676590054908,0.07581052654086314,6.056467310252663
T1,2026-01-23 16:30:00,8.537016050108424,0.2211900133642271,4.039730216557968
T1,2026-01-23 16:40:00,6.507055052832843,0.053365374182735854,5.7316819411713515
T1,2026-01-23 16:50:00,8.078490345908182,0.17380337962123418,3.3134787644434747
T1,2026-01-23 17:00:00,7.203866072392159,0.10185374287751241,3.8132378045318767
T1,2026-01-23 17:10:00,6.8180182530466364,0.07499169832476878,4.528887438797865
T1,2026-01-23 17:20:00,7.458069586367174,0.11717785398620967,4.4504339431255895
T1,2026-01-23 17:30:00,7.465080734938163,0.11659481570785876,4.498570903057093
T1,2026-01-23 17:40:00,5.4032667002692385,0.017618169291902394,4.574705437494897
T1,2026-01-23 17:50:00,7.435342614641995,0.11914022439558916,4.448393885788757
T1,2026-01-23 18:00:00,4.255904535074627,0.002555830573694626,3.1493154793316904
T1,2026-01-23 18:10:00,8.093680847122334,0.16663280498231942,4.93931149201419
T1,2026-01-23 18:20:00,4.306779251877318,0.0030304204450557087,4.880774824711855
T1,2026-01-23 18:30:00,7.533944945200267,0.12404695231718936,5.918382865946969
T1,2026-01-23 18:40:00,5.199856873330155,0.013420608235903604,7.003121304277477
T1,2026-01-23 18:50:00,4.2608923412012665,0.0025790486226363505,5.09335082725656
T1,2026-01-23 19:00:00,4.86624576983364,0.008484697373547477,6.002551673710464
T1,2026-01-23 19:10:00,7.704257319084629,0.13646722925493343,4.023592080505915
T1,2026-01-23 19:20:00,5.981350441855513,0.03627908282514766,4.369243939160968
T1,2026-01-23 19:30:00,5.601903273107834,0.02340566950652498,5.403973182689166
T1,2026-01-23 19:40:00,7.2495840028365555,0.09892027646439241,6.769753561855081
T1,2026-01-23 19:50:00,7.16028174449094,0.09706918704231157,4.901105552799221
T1,2026-01-23 20:00:00,9.522149627265438,0.36138927726123926,4.907685437071083
T1,2026-01-23 20:10:00,4.88767496891464,0.008866452798583424,5.649315555498301
T1,2026-01-23 20:20:00,8.740204029871151,0.23412744194183865,5.232704472285352
T1,2026-01-23 20:30:00,7.544091190035095,0.11735050120948681,4.873101952114663
T1,2026-01-23 20:40:00,5.7982210055888315,0.027688484040918948,5.54681426268152
T1,2026-01-23 20:50:00,6.8372181826456835,0.07386624181167245,3.9485440238053733
T1,2026-01-23 21:00:00,3.43603370418231,0.00010912516009896567,5.538253777108558
T1,2026-01-23 21:10:00,4.364807914723182,0.003396255403192453,4.727419487907201
T1,2026-01-23 21:20:00,6.704312544086331,0.06281468341180446,3.5413749488159008
T1,2026-01-23 21:30:00,4.846846498569818,0.008357178932719419,3.793285754835529
T1,2026-01-23 21:40:00,3.8688631367789528,0.0008592923713528929,3.691302190802495
T1,2026-01-23 21:50:00,5.711380284804094,0.02617249813408188,4.460643457817474
T1,2026-01-23 22:00:00,6.256425841118218,0.045214729212271154,5.442031667142008
T1,2026-01-23 22:10:00,5.51504860211253,0.02087293614735797,5.934906491728164
T1,2026-01-23 22:20:00,7.296998682997735,0.10881421572425795,6.939348424141392
T1,2026-01-23 22:30:00,4.153064616217076,0.0019029241741098809,4.368979343286369
T1,2026-01-23 22:40:00,4.021324344899499,0.0013998766198775221,5.516236791468229
T1,2026-01-23 22:50:00,4.834493724289971,0.008155720769414067,5.7234080514747765
T1,2026-01-23 23:00:00,2.1751477899226446,0.0,6.16396905119835
T1,2026-01-23 23:10:00,4.352795148003796,0.0033008181860437083,4.758611030167473
T1,2026-01-23 23:20:00,3.8177722796706415,0.0007113658024818553,3.8862929620263893
T1,2026-01-23 23:30:00,4.1233841240015945,0.0018646042008016977,4.626362474283926
T1,2026-01-23 23:40:00,5.667070138937294,0.025543777869003515,5.344283552414288
T1,2026-01-23 23:50:00,4.775096747063514,0.007318337031084247,7.093430510469398
T1,2026-01-24 00:00:00,4.865225775917237,0.008388884805603163,5.6069857568958215
T1,2026-01-24 00:10:00,3.9350183494653477,0.0010789124504450608,6.2154882454487606
T1,2026-01-24 00:20:00,3.455880274194487,0.00012743547994201315,4.710055103571472
T1,2026-01-24 00:30:00,3.139589881897529,3.501215242920825e-06,5.387821476067262
T1,2026-01-24 00:40:00,2.81176791874292,0.0,4.8122878356789345
T1,2026-01-24 00:50:00,8.091209841315417,0.1800248475894339,5.695134859364862
T1,2026-01-24 01:00:00,5.269972601417697,0.015263613862898505,2.350186592820575
T1,2026-01-24 01:10:00,5.054169654114107,0.01166559333750839,6.251039147878478
T1,2026-01-24 01:20:00,5.007799226035066,0.010677954548697523,5.4059920139894935
T1,2026-01-24 01:30:00,5.501678508017296,0.020069835762519358,4.629482794667449
T1,2026-01-24 01:40:00,6.6069672366630225,0.062682159221589,4.3532727929181965
T1,2026-01-24 01:50:00,6.557952876850996,0.05889024785378404,6.415212149526155
T1,2026-01-24 02:00:00,4.216579263438137,0.002330739502461016,5.527014468098648
T1,2026-01-24 02:10:00,5.197312735361864,0.014060360411824839,4.8993611943419735
T1,2026-01-24 02:20:00,5.413444909095048,0.017876897735676564,6.20962022279892
T1,2026-01-24 02:30:00,4.2482395477871915,0.0024631173313536736,5.844807039483103
T1,2026-01-24 02:40:00,4.146542327130103,0.002064366871926808,3.8583256019451975
T1,2026-01-24 02:50:00,2.9183302797229675,0.0,5.89173224407338
T1,2026-01-24 03:00:00,8.48859116477229,0.20412786168350375,5.7914531722743305
T1,2026-01-24 03:10:00,5.899037316687765,0.03147151160447319,6.111660912704353
T1,2026-01-24 03:20:00,3.150904036054146,4.374064992731626e-06,5.252502140928823
T1,2026-01-24 03:30:00,6.033182617575694,0.03536468867376137,4.214787880359349
T1,2026-01-24 03:40:00,1.5281508657309626,0.0,6.278854239985601
T1,2026-01-24 03:50:00,3.7404204999144905,0.0005025418021427139,5.559009594241533
T1,2026-01-24 04:00:00,5.835804754439283,0.028677479461713336,5.705789784446067
T1,2026-01-24 04:10:00,4.496174164453915,0.0044437048142892946,6.2345302010334525
T1,2026-01-24 04:20:00,5.095340203008597,0.01199276052236147,4.506630728691284
T1,2026-01-24 04:30:00,6.741486804727167,0.06577277711468729,4.824447468075736
T1,2026-01-24 04:40:00,7.1067866100668065,0.08797902878791247,5.735122362181761
T1,2026-01-24 04:50:00,5.053202497801959,0.010715905060333857,3.817314919283719
T1,2026-01-24 05:00:00,7.090832004000786,0.08988392750837244,5.626976618989096
T1,2026-01-24 05:10:00,5.938620822837869,0.032256760993612535,3.6235908355044546
T1,2026-01-24 05:20:00,5.844388834277063,0.02910475854508676,4.767373213152031
T1,2026-01-24 05:30:00,7.660581618389487,0.12801505615156097,5.6719825719479084
T1,2026-01-24 05:40:00,7.052981457397559,0.08231840184644422,5.0062484346443155
T1,2026-01-24 05:50:00,6.74047772279822,0.07175227030438629,5.120116334213432
T1,2026-01-24 06:00:00,6.917510891958729,0.07724008640551043,4.549563659064836
T1,2026-01-24 06:10:00,7.464471709370891,0.12098827232476789,6.73823887596347
T1,2026-01-24 06:20:00,7.833696043507146,0.14093564305563538,6.498782290923192
T1,2026-01-24 06:30:00,8.281602026667665,0.19344444372063715,3.764833278951987
T1,2026-01-24 06:40:00,6.06737087636473,0.03581349051104305,6.339362603844603
T1,2026-01-24 06:50:00,8.176087912668036,0.17821671124944644,5.129057059171889
T1,2026-01-24 07:00:00,8.940290954355813,0.2692403302033145,7.171470788083536
T1,2026-01-24 07:10:00,8.584206990209363,0.22076414340739686,4.534097000552358
T1,2026-01-24 07:20:00,5.9626791016912595,0.03354185316792579,3.3906785472966012
T1,2026-01-24 07:30:00,8.19574323461231,0.1800998623269992,4.8396542468415324
T1,2026-01-24 07:40:00,7.475687127095645,0.11499829757642345,6.550236724470107
T1,2026-01-24 07:50:00,8.108438758653854,0.17970508398607882,4.028819256369536
T1,2026-01-24 08:00:00,5.892842185659785,0.03172894502947669,4.737549465697766
T1,2026-01-24 08:10:00,9.558931985292684,0.35218375412394787,5.797075287832127
T1,2026-01-24 08:20:00,8.6562770832223,0.23751366389213227,5.34849808564435
T1,2026-01-24 08:30:00,6.942545087573004,0.07942857109710902,5.074679482584208
T1,2026-01-24 08:40:00,10.062504810269788,0.4738855632069324,5.273763801335843
T1,2026-01-24 08:50:00,8.669351609465645,0.24518047510569518,6.379037791710964
T1,2026-01-24 09:00:00,8.884677920407613,0.2732660645926144,3.7000004180176025
T1,2026-01-24 09:10:00,10.569345288625424,0.5881442105246046,4.964877899456078
T1,2026-01-24 09:20:00,9.443949199357313,0.3634719605499328,4.667527525858386
T1,2026-01-24 09:30:00,10.465862203186683,0.5496240896961027,4.12732589248861
T1,2026-01-24 09:40:00,9.240587870202372,0.3006794986455885,5.3560852724575465
T1,2026-01-24 09:50:00,8.226894386333074,0.17986187826280667,5.793917077243149
T1,2026-01-24 10:00:00,8.804416031675235,0.2581279134393573,7.22014610635401
T1,2026-01-24 10:10:00,7.998592308200757,0.16974351251601494,4.543980388137034
T1,2026-01-24 10:20:00,8.909210386148718,0.2561728860074025,5.552811383331456
T1,2026-01-24 10:30:00,8.257403401653105,0.1958131157655159,4.917990891807332
T1,2026-01-24 10:40:00,8.069337739686468,0.17026717864035987,6.188431322233827
T1,2026-01-24 10:50:00,9.723321413471986,0.40126272940994273,6.17548246739092
T1,2026-01-24 11:00:00,9.667862660175569,0.3793778772533399,4.493713337200366
T1,2026-01-24 11:10:00,8.829843053882346,0.2489382380332493,5.564359805765796
T1,2026-01-24 11:20:00,10.800462697719606,0.6145666445202818,5.452279347287842
T1,2026-01-24 11:30:00,8.447288239169062,0.21991649883104128,4.663214611090221
T1,2026-01-24 11:40:00,10.605326582250076,0.5889991743921126,4.384599628132288
T1,2026-01-24 11:50:00,7.503027888827962,0.12273415248506732,4.479402363344754
T1,2026-01-24 12:00:00,10.066190687980267,0.4559415727432954,7.559209261972274
T1,2026-01-24 12:10:00,8.608178927421205,0.22764655482731824,4.120129503190748
T1,2026-01-24 12:20:00,9.075805775336912,0.3050483328198298,4.67858832517376
T1,2026-01-24 12:30:00,10.449359541981444,0.549261935791737,4.69380398351341
T1,2026-01-24 12:40:00,8.16274249542494,0.1797669571596645,4.36159024873003
T1,2026-01-24 12:50:00,11.456856605956348,0.8139856126624168,4.50363920267681
T1,2026-01-24 13:00:00,9.735676266473247,0.39154509888232997,5.881446430965747
T1,2026-01-24 13:10:00,10.388199333276201,0.5416840348997224,5.61910956035514
T1,2026-01-24 13:20:00,8.454795061169126,0.21491834478852417,6.594665477308773
T1,2026-01-24 13:30:00,10.501506323968709,0.554988958095666,6.214337457539439
T1,2026-01-24 13:40:00,8.096952275132404,0.1736460401427449,5.274330073475687
T1,2026-01-24 13:50:00,7.175273031993223,0.09672878872450363,5.046282104222301
T1,2026-01-24 14:00:00,7.937678272437778,0.15927567229439007,5.818889317743176
T1,2026-01-24 14:10:00,9.651388790510644,0.384862020866968,5.57198221054368
T1,2026-01-24 14:20:00,6.7469475580128355,0.06659802246287674,5.277719621284509
T1,2026-01-24 14:30:00,8.029548285435354,0.15975123862831533,5.177906776775738
T1,2026-01-24 14:40:00,10.520776654221125,0.5717862224507594,4.697305717114098
T1,2026-01-24 14:50:00,7.54449787836402,0.12451257085699753,6.869381874888164
T1,2026-01-24 15:00:00,7.213733249909986,0.09280977330200114,5.8144995001820075
T1,2026-01-24 15:10:00,10.461636657264723,0.5610816679492593,5.119180332671214
T1,2026-01-24 15:20:00,10.483367331197318,0.5555069010003038,3.4760645178810217
T1,2026-01-24 15:30:00,9.404444934339374,0.33642198456574945,6.58120802586048
T1,2026-01-24 15:40:00,7.851700968686743,0.14428518737768298,3.7940849039197073
T1,2026-01-24 15:50:00,10.043556422488294,0.4786975278209455,5.3397860316064145
T1,2026-01-24 16:00:00,9.51840165355622,0.3757965300541656,4.311207753536679
T1,2026-01-24 16:10:00,9.115813080777558,0.3023296047489918,5.15959749120311
T1,2026-01-24 16:20:00,9.459465545925239,0.35911465048014274,5.953466124090211
T1,2026-01-24 16:30:00,8.995054168936408,0.2868357484650232,4.115627346304942
T1,2026-01-24 16:40:00,7.57170449558662,0.12364274188493085,4.184102164020845
T1,2026-01-24 16:50:00,6.591296096901806,0.06252425868978205,5.841559018019947
T1,2026-01-24 17:00:00,8.929477376247023,0.2811540693586227,5.132184034292383
T1,2026-01-24 17:10:00,8.327212275589313,0.1940427649743352,4.444699186821043
T1,2026-01-24 17:20:00,5.9737062940830485,0.03403794366961697,5.785951837099321
T1,2026-01-24 17:30:00,8.270003696508121,0.18877960042839373,3.206876639836082
T1,2026-01-24 17:40:00,7.175995346473227,0.09183688902990685,3.5902293137791084
T1,2026-01-24 17:50:00,5.662843704562292,0.025513700142645212,5.493470513995307
T1,2026-01-24 18:00:00,8.246065640211961,0.1979963268844772,5.73404513276645
T1,2026-01-24 18:10:00,7.888388251563018,0.15522244852307848,5.708316575590656
T1,2026-01-24 18:20:00,6.338202624374327,0.048123951979530434,4.788745559168076
T1,2026-01-24 18:30:00,6.766725486922773,0.06799383749673521,6.17148583439393
T1,2026-01-24 18:40:00,6.087453901935722,0.03787120980606131,4.978258993412627
T1,2026-01-24 18:50:00,5.234822322534182,0.01430665643104711,6.520626273161918
T1,2026-01-24 19:00:00,5.54419416774192,0.021078555497611222,3.2424904913890296
T1,2026-01-24 19:10:00,7.69410323613212,0.13231537548231778,4.821505020836413
T1,2026-01-24 19:20:00,7.233615575735553,0.09800711469560343,5.2348118938359764
T1,2026-01-24 19:30:00,6.988402433524652,0.08479345484709055,6.071365474703068
T1,2026-01-24 19:40:00,6.358741864081936,0.04972910893765786,3.3318750473096106
T1,2026-01-24 19:50:00,5.383275319553512,0.017239814316380386,3.457150217280713
T1,2026-01-24 20:00:00,6.439478276418511,0.05042835239733017,5.195663420542709
T1,2026-01-24 20:10:00,5.883687833777273,0.03190618044696669,6.255523774316668
T1,2026-01-24 20:20:00,4.744460866205428,0.006592676544242026,4.758957350413894
T1,2026-01-24 20:30:00,5.000081853955634,0.010852072944700633,5.382913220820504
T1,2026-01-24 20:40:00,4.088188027700003,0.0017441912891723687,5.300864582929961
T1,2026-01-24 20:50:00,5.429491927954604,0.018348425929213506,5.803494761491958
T1,2026-01-24 21:00:00,4.565122944645988,0.005015372808892799,3.2903548178172732
T1,2026-01-24 21:10:00,5.933873554482375,0.034605556736281844,7.459878311314513
T1,2026-01-24 21:20:00,6.708645232916278,0.06460646323285035,6.738787224922254
T1,2026-01-24 21:30:00,3.632860045492603,0.00031816687123756467,7.295311886792101
T1,2026-01-24 21:40:00,5.871908425710259,0.031391153925437995,4.322157922954994
T1,2026-01-24 21:50:00,5.233383435546914,0.014106233881634801,6.879184240950941
T1,2026-01-24 22:00:00,5.150653341708107,0.013235696879123177,4.807628310709893
T1,2026-01-24 22:10:00,3.436833933234945,0.00010517369270479533,4.173902212372987
T1,2026-01-24 22:20:00,3.50152899426679,0.00017005260631887287,6.37466767868405
T1,2026-01-24 22:30:00,5.084973190490463,0.011484795894860992,5.093820865597261
T1,2026-01-24 22:40:00,4.88629852537561,0.008483562984356723,3.9669061172187696
T1,2026-01-24 22:50:00,5.948573243472583,0.033283103850713924,4.747245214265625
T1,2026-01-24 23:00:00,4.501950008056056,0.004192071994695721,3.8228701143081083
T1,2026-01-24 23:10:00,4.253015771850499,0.002446686940087814,4.607571393410533
T1,2026-01-24 23:20:00,4.271678392473991,0.0026589368094662633,4.923972305787019
T1,2026-01-24 23:30:00,6.860458641656269,0.07212983658758712,5.034554584074027
T1,2026-01-24 23:40:00,6.103602860122268,0.036981928558247334,6.093166938861333
T1,2026-01-24 23:50:00,6.732546961992656,0.06630421094208111,2.3392663347942766
T1,2026-01-25 00:00:00,5.444720944615566,0.01994480694267831,3.595482755554447
T1,2026-01-25 00:10:00,6.449625733806186,0.05430113606485962,5.567362988588284
T1,2026-01-25 00:20:00,3.434725384560974,0.00010622232014179853,6.485214063356456
T1,2026-01-25 00:30:00,1.9096276953234321,0.0,5.745605231065391
T1,2026-01-25 00:40:00,5.910279379149407,0.03273960864131158,4.145263925781814
T1,2026-01-25 00:50:00,1.0905590882207732,0.0,4.464369778808226
T1,2026-01-25 01:00:00,4.8992598269425836,0.009095744946974285,4.5408557180702696
T1,2026-01-25 01:10:00,5.704310200743093,0.025616870947174693,5.946351306592419
T1,2026-01-25 01:20:00,6.3244324724645615,0.049711894106995884,4.456036095730385
T1,2026-01-25 01:30:00,3.627272845765001,0.0003246966096621321,4.505408911878094
T1,2026-01-25 01:40:00,3.8994969092182092,0.0009787971719890929,5.381935766224501
T1,2026-01-25 01:50:00,5.242555332925341,0.015392980926907648,5.649633958724642
T1,2026-01-25 02:00:00,5.800643504372208,0.02718231426992481,5.9984196345727785
T1,2026-01-25 02:10:00,3.3869831319421397,7.60517233558509e-05,6.485898544452768
T1,2026-01-25 02:20:00,5.506853060531717,0.020249733435988453,7.041749225264632
T1,2026-01-25 02:30:00,3.773194785191101,0.0005818047111147759,5.623338283866964
T1,2026-01-25 02:40:00,5.673762295190769,0.024275847838213963,5.400026100752339
T1,2026-01-25 02:50:00,4.832688835685659,0.008261973248542219,5.209813181186908
T1,2026-01-25 03:00:00,5.276323349110539,0.015443988590885145,5.212804100183059
T1,2026-01-25 03:10:00,5.826625633855464,0.029812791275341366,4.724964672117916
T1,2026-01-25 03:20:00,5.1362300961325875,0.012052282456482969,6.841168001451878
T1,2026-01-25 03:30:00,6.115580894974708,0.037666180942331595,4.17358683419384
T1,2026-01-25 03:40:00,4.767076770268428,0.007206255048257932,5.63016533034351
T1,2026-01-25 03:50:00,5.386940547297615,0.01702274264914639,5.9666038422515175
T1,2026-01-25 04:00:00,4.282031172830914,0.002860575141731852,5.557954332441506
T1,2026-01-25 04:10:00,6.091072039971591,0.04022526299553975,5.835286892232995
T1,2026-01-25 04:20:00,4.811993969107553,0.008113681750351955,5.686571042026986
T1,2026-01-25 04:30:00,5.936354606586245,0.03129639225084357,5.751794609702183
T1,2026-01-25 04:40:00,6.545905093242779,0.059961643521197615,6.015574282110471
T1,2026-01-25 04:50:00,5.40053321532856,0.017433566933642612,5.102587684402885
T1,2026-01-25 05:00:00,7.368351024832172,0.10849518090684143,3.8535173293367526
T1,2026-01-25 05:10:00,6.338975017339811,0.04620499358465126,4.7195564706685165
T1,2026-01-25 05:20:00,8.44123969516627,0.2131498824346578,4.662139681906304
T1,2026-01-25 05:30:00,6.3653132691579675,0.047678072321035686,5.847190541505441
T1,2026-01-25 05:40:00,7.288004843093199,0.10404292559184744,4.408077187154214
T1,2026-01-25 05:50:00,6.196563429168391,0.04360243639160421,5.593271622487471
T1,2026-01-25 06:00:00,7.46406257891106,0.12196366865022881,6.466057136054253
T1,2026-01-25 06:10:00,9.107382117915094,0.2857474809447331,6.167871564266228
T1,2026-01-25 06:20:00,7.041060544135067,0.09017374954153193,5.134946522776424
T1,2026-01-25 06:30:00,3.6037360236036458,0.00029425973063986995,4.738383218168798
T1,2026-01-25 06:40:00,7.026743307323857,0.08303752153458797,6.145654011887176
T1,2026-01-25 06:50:00,6.591192368601898,0.06033170695526469,6.330257942114649
T1,2026-01-25 07:00:00,7.2825736100606155,0.09792798984575936,4.998135863836172
T1,2026-01-25 07:10:00,10.998532138429832,0.6653176888793272,3.9964323718850006
T1,2026-01-25 07:20:00,8.014054671529635,0.16204296348979272,6.51639302454244
T1,2026-01-25 07:30:00,8.153025507199398,0.17152765649175278,6.81936732981247
T1,2026-01-25 07:40:00,8.561148101745829,0.23040017138713223,3.639369715936124
T1,2026-01-25 07:50:00,6.337239946372471,0.04589176209556727,5.599305843636242
T1,2026-01-25 08:00:00,5.91195512091261,0.030843429726160138,5.71370769445969
T1,2026-01-25 08:10:00,7.896098052934876,0.15130637939043842,5.511280134717658
T1,2026-01-25 08:20:00,7.479627978343128,0.12023082784242316,5.6804550350223915
T1,2026-01-25 08:30:00,7.863855860737679,0.14232832804804776,7.522273746943458
T1,2026-01-25 08:40:00,8.990108402237245,0.26932959468046985,5.896796343564595
T1,2026-01-25 08:50:00,7.314945616786154,0.10381791538471372,5.602668454928674
T1,2026-01-25 09:00:00,9.213031154998152,0.31850673848425715,4.078851274718456
T1,2026-01-25 09:10:00,8.013105242970983,0.1685971278710802,5.732148378800645
T1,2026-01-25 09:20:00,8.639449587655525,0.24393752689532394,4.957180351202414
T1,2026-01-25 09:30:00,8.867379418451328,0.25102827000482175,4.19745124567367
T1,2026-01-25 09:40:00,7.67655472671507,0.13658544173685216,6.373018696018892
T1,2026-01-25 09:50:00,9.963395695145405,0.45220949797458687,5.027823784895896
T1,2026-01-25 10:00:00,10.023781233321243,0.47222993269890773,5.501888102518507
T1,2026-01-25 10:10:00,10.230506046161217,0.4878060509704628,5.063773816560352
T1,2026-01-25 10:20:00,8.81731702588323,0.2582529507021097,6.257596741785568
T1,2026-01-25 10:30:00,8.6099571019059,0.23845746920080207,5.28005050342728
T1,2026-01-25 10:40:00,9.267111309758446,0.3259365863358259,6.5766147290390595
T1,2026-01-25 10:50:00,8.570687747655901,0.23177758477468108,4.949949462810061
T1,2026-01-25 11:00:00,9.490525412798421,0.35327640837053054,5.683462387851541
T1,2026-01-25 11:10:00,9.825366941414655,0.43062118157679985,6.428160951710997
T1,2026-01-25 11:20:00,9.217742450542895,0.32859039580383104,5.624982371649983
T1,2026-01-25 11:30:00,7.627712901866244,0.13550417017398095,8.102942639941201
T1,2026-01-25 11:40:00,8.578121806721164,0.231271436942387,6.4686947503380585
T1,2026-01-25 11:50:00,10.719107687156901,0.5895996396192212,5.139979196232026
T1,2026-01-25 12:00:00,8.593814697664836,0.228574157419146,5.433945409047558
T1,2026-01-25 12:10:00,10.254019881755326,0.49704433718273555,5.269125918664662
T1,2026-01-25 12:20:00,9.524639626458843,0.3517072379985414,4.996988271108477
T1,2026-01-25 12:30:00,9.575322316168688,0.3550603824424844,4.669007470349119
T1,2026-01-25 12:40:00,9.249018993653046,0.31646876832920845,4.8587143744761665
T1,2026-01-25 12:50:00,11.957428889958331,0.9637913358447199,5.069827622447463
T1,2026-01-25 13:00:00,9.096411248535759,0.29472766691704955,4.423857796251347
T1,2026-01-25 13:10:00,7.693984176349746,0.12988453749679732,5.407930191908165
T1,2026-01-25 13:20:00,11.825648346231107,0.9318764935441727,5.63986722021919
T1,2026-01-25 13:30:00,7.095254806461403,0.08740033532460344,5.08028653027395
T1,2026-01-25 13:40:00,8.449957066439762,0.2182337049295186,5.543332031106416
T1,2026-01-25 13:50:00,9.56436540977236,0.3666469417907546,6.201499919033225
T1,2026-01-25 14:00:00,9.684992832393872,0.3985758809981142,5.371474906199376
T1,2026-01-25 14:10:00,8.448327834944655,0.21421218865284014,6.224137490342708
T1,2026-01-25 14:20:00,10.450787614334425,0.5486080900310806,5.196243069686487
T1,2026-01-25 14:30:00,9.074557703987846,0.28413655726132697,4.9193445386346895
T1,2026-01-25 14:40:00,6.7838331787320225,0.06869684676115616,3.340803413432904
T1,2026-01-25 14:50:00,8.823406492537272,0.252651017562423,5.778490630258476
T1,2026-01-25 15:00:00,6.5667874853668105,0.0580242047511362,5.456247815700791
T1,2026-01-25 15:10:00,10.03935204102318,0.47741000168880915,4.9100497467072035
T1,2026-01-25 15:20:00,7.908296572259311,0.1556466142310805,4.672230446057474
T1,2026-01-25 15:30:00,7.902576995182923,0.1583544922731409,5.507305936581712
T1,2026-01-25 15:40:00,9.337955639371328,0.3312926482787724,5.233297267610879
T1,2026-01-25 15:50:00,8.974263953070277,0.2908603740858617,4.1293044848047975
T1,2026-01-25 16:00:00,8.748971155672052,0.2600886114251062,3.9908421689985043
T1,2026-01-25 16:10:00,9.232632352099714,0.3022193467785491,5.2925272117055435
T1,2026-01-25 16:20:00,8.337329796005458,0.2062136915040083,5.134384407640317
T1,2026-01-25 16:30:00,6.8057337973214125,0.07438520575484686,6.918828046132948
T1,2026-01-25 16:40:00,9.04660421947556,0.2956737095131887,7.705841674760501
T1,2026-01-25 16:50:00,7.16438627805432,0.0904379882345305,4.726955365360907
T1,2026-01-25 17:00:00,8.302152955092117,0.19103176809341632,6.412911577600504
T1,2026-01-25 17:10:00,8.731827323458829,0.25636326655666597,4.2787847901201435
T1,2026-01-25 17:20:00,8.371481729847645,0.20610619124114185,4.837133534468971
T1,2026-01-25 17:30:00,9.024353341700454,0.29297332313915053,5.220537802545642
T1,2026-01-25 17:40:00,7.446272942637746,0.12026714787791185,7.3955236513878955
T1,2026-01-25 17:50:00,8.565712929087349,0.2147281914030613,6.324230552855518
T1,2026-01-25 18:00:00,6.546751570663674,0.06059714197397516,4.518750119745286
T1,2026-01-25 18:10:00,5.090556431101947,0.011750071352253585,6.056790050449605
T1,2026-01-25 18:20:00,5.4013351049633895,0.01784294568574414,5.17594174748399
T1,2026-01-25 18:30:00,8.126751286331213,0.1683050830892719,7.019404196486792
T1,2026-01-25 18:40:00,6.153960687701966,0.040151683726922544,6.389983243748021
T1,2026-01-25 18:50:00,6.403101849480257,0.052700030248762075,4.761787766296173
T1,2026-01-25 19:00:00,6.2995231501708355,0.04519576560584594,5.947368032823203
T1,2026-01-25 19:10:00,8.394403641802953,0.21482724460695557,5.189333273278955
T1,2026-01-25 19:20:00,8.278468897818808,0.19431245420710397,5.525626998026122
T1,2026-01-25 19:30:00,6.041827671576382,0.03506944517557372,3.9994992177713735
T1,2026-01-25 19:40:00,4.953131051926923,0.0101057771430739,6.0289391548924245
T1,2026-01-25 19:50:00,5.561370584893528,0.021749109576407626,6.403570935874687
T1,2026-01-25 20:00:00,4.7607990224166,0.007022856633433602,7.42848311849295
T1,2026-01-25 20:10:00,6.4378540834897215,0.054803227554428346,6.7701455562162725
T1,2026-01-25 20:20:00,6.800728662652345,0.07083676118923433,5.291933168785421
T1,2026-01-25 20:30:00,5.132804553018127,0.012829668995300228,5.730644436986278
T1,2026-01-25 20:40:00,5.132405617534257,0.012351535572056023,4.802533255786582
T1,2026-01-25 20:50:00,7.7702979711396925,0.13600591568013112,5.356924804401553
T1,2026-01-25 21:00:00,4.608398277631842,0.005294476988796534,4.886763439373153
T1,2026-01-25 21:10:00,7.147006628516499,0.09214829660407796,4.542506167405665
T1,2026-01-25 21:20:00,6.586680848538881,0.06179945666965757,4.97102115526988
T1,2026-01-25 21:30:00,6.04083557594087,0.036348843956018284,4.57859987028616
T1,2026-01-25 21:40:00,4.529383629630445,0.004900157557209497,5.294773495580026
T1,2026-01-25 21:50:00,4.455312870302731,0.003875110302791075,5.411756482093464
T1,2026-01-25 22:00:00,6.742692834694706,0.06667598326642414,4.548775528675275
T1,2026-01-25 22:10:00,6.210935169789064,0.04237776032419451,4.9613818901453985
T1,2026-01-25 22:20:00,5.743844738577794,0.027923584548570905,6.082396879368678
T1,2026-01-25 22:30:00,3.5739623688633912,0.00024297382337191831,5.616146452986288
T1,2026-01-25 22:40:00,5.287214254220779,0.014901949491016978,4.5452681982835665
T1,2026-01-25 22:50:00,3.8569503786125257,0.000813316369311355,5.697138431886201
T1,2026-01-25 23:00:00,2.3507112671862367,0.0,6.907846330154854
T1,2026-01-25 23:10:00,3.3444116029147635,5.313704230845601e-05,5.7877227806826514
T1,2026-01-25 23:20:00,6.12601334425634,0.03777645095311406,4.1939321292979495
T1,2026-01-25 23:30:00,3.5513938008208497,0.0002183367627319652,4.744923070552976
T1,2026-01-25 23:40:00,5.504938297580514,0.021178140182464195,5.913345545671807
T1,2026-01-25 23:50:00,5.68140627744969,0.02623084810610851,5.914628278529395
T1,2026-01-26 00:00:00,4.556029623916566,0.005135299849037453,4.233145102321842
T1,2026-01-26 00:10:00,4.936774702429057,0.009057705710563472,4.65862816607989
T1,2026-01-26 00:20:00,4.186951390973176,0.002227557171283948,5.384341691084756
T1,2026-01-26 00:30:00,4.298445510252028,0.002996979470674695,5.909757085998177
T1,2026-01-26 00:40:00,4.915361461732926,0.009257389744700301,4.13819377942319
T1,2026-01-26 00:50:00,3.7480566851318673,0.0005487123573821442,4.760029896110502
T1,2026-01-26 01:00:00,3.94035572209185,0.0011298432539493786,3.635446855816463
T1,2026-01-26 01:10:00,3.027369919150366,2.8001319451184963e-08,6.312710364012369
T1,2026-01-26 01:20:00,5.72244580605289,0.025037021588198875,5.972722787132696
T1,2026-01-26 01:30:00,4.493555899324375,0.00425630362214571,6.85582565132073
T1,2026-01-26 01:40:00,6.56450000346377,0.06043631304563204,5.376167910026891
T1,2026-01-26 01:50:00,4.886388329543903,0.008421222408129562,7.173607917071308
T1,2026-01-26 02:00:00,5.858551810703597,0.030762481940304513,4.9180950693752505
T1,2026-01-26 02:10:00,5.1939909074276756,0.013562454015176197,5.937450702650862
T1,2026-01-26 02:20:00,5.309403135555799,0.015700849905359974,6.819371107289312
T1,2026-01-26 02:30:00,4.328257690553864,0.0031649673838104247,5.757960766359179
T1,2026-01-26 02:40:00,6.027400247537123,0.03715385813555072,4.53355284070561
T1,2026-01-26 02:50:00,6.21260062098131,0.0421058848022326,4.719028179926513
T1,2026-01-26 03:00:00,3.9109928436306793,0.0010287816138500473,6.503747269472768
T1,2026-01-26 03:10:00,6.3459464337073115,0.04964301128475682,4.675070277355875
T1,2026-01-26 03:20:00,3.1324266420380544,2.899070524175463e-06,4.796372836921091
T1,2026-01-26 03:30:00,4.962885906432322,0.010227591253774038,5.061387957814178
T1,2026-01-26 03:40:00,5.6733528420144514,0.023834936932177,5.587934258594724
T1,2026-01-26 03:50:00,4.236700393713439,0.0025552139628600523,5.079841781685757
T1,2026-01-26 04:00:00,5.280660111115024,0.015633308538701735,4.858050243719204
T1,2026-01-26 04:10:00,6.3191761065609935,0.047852484573146115,4.403512440801034
T1,2026-01-26 04:20:00,4.584373873779699,0.005406521339729692,4.862849743464802
T1,2026-01-26 04:30:00,5.741985453791956,0.02668436211652183,5.296792494422829
T1,2026-01-26 04:40:00,4.484770045053457,0.004449640507359209,4.0053660761842895
T1,2026-01-26 04:50:00,6.321787729322308,0.046396177966901826,5.567616816351229
T1,2026-01-26 05:00:00,7.2851183578948495,0.09756895316977304,5.634776460909531
T1,2026-01-26 05:10:00,6.157543284660136,0.04200062664265199,4.837542553493751
T1,2026-01-26 05:20:00,6.545696248194481,0.05987254628416133,6.075706204268557
T1,2026-01-26 05:30:00,5.158513123924434,0.013750904760855916,5.290356653766015
T1,2026-01-26 05:40:00,8.03086761624602,0.1622446233945633,4.25183325157973
T1,2026-01-26 05:50:00,6.1155141078284805,0.040211136114547436,5.342486934674683
T1,2026-01-26 06:00:00,8.913226675776599,0.2633684054067598,7.4311103181558416
T1,2026-01-26 06:10:00,6.33914564640556,0.04861865200679225,6.053372194264741
T1,2026-01-26 06:20:00,5.510910869832795,0.020560205450161084,3.3456107730396267
T1,2026-01-26 06:30:00,8.52133636679494,0.22304763749219442,4.20940512126449
T1,2026-01-26 06:40:00,7.5219073992386125,0.11632584563448932,4.725580588989554
T1,2026-01-26 06:50:00,6.940196866638271,0.07892993097506752,2.788362471627458
T1,2026-01-26 07:00:00,9.628346531812962,0.3612983365836102,4.685258171610451
T1,2026-01-26 07:10:00,3.804240365182966,0.0007014223082673507,3.004359273796618
T1,2026-01-26 07:20:00,6.766644255871973,0.06984692973210967,5.8204392359396895
T1,2026-01-26 07:30:00,8.816438695023644,0.2550006816552714,5.725944977980782
T1,2026-01-26 07:40:00,9.287163976569442,0.33484339751998593,7.211387341542229
T1,2026-01-26 07:50:00,7.403330164078454,0.11037807008610753,5.066673888051768
T1,2026-01-26 08:00:00,10.595777198600116,0.5432224418848499,5.147426579211338
T1,2026-01-26 08:10:00,9.694812857349175,0.40155898654587086,6.250321605183004
T1,2026-01-26 08:20:00,6.307086390769846,0.04596050375710716,4.500363921055714
T1,2026-01-26 08:30:00,7.99572735808645,0.16508306766181471,7.271737363887292
T1,2026-01-26 08:40:00,7.392481542758971,0.1117921881721634,6.509057030640594
T1,2026-01-26 08:50:00,5.893277996443411,0.0324378754802007,5.945528330188851
T1,2026-01-26 09:00:00,8.282851679196547,0.19281074555911995,3.2705499889963128
T1,2026-01-26 09:10:00,8.63909786358857,0.2285643864241018,5.168471049189487
T1,2026-01-26 09:20:00,9.198115016493647,0.3264408933961807,6.736570845454241
T1,2026-01-26 09:30:00,9.076616713537453,0.2842654045543077,5.858852107535591
T1,2026-01-26 09:40:00,10.374769431903221,0.5270647730622093,6.742214624299486
T1,2026-01-26 09:50:00,11.089306103373765,0.7123122152783671,6.247065910365741
T1,2026-01-26 10:00:00,9.405425704994006,0.3257641588201288,5.010771092021862
T1,2026-01-26 10:10:00,9.58435282897973,0.3761516847474936,5.150182620673371
T1,2026-01-26 10:20:00,9.329074913547139,0.3406898934883118,7.122734281267483
T1,2026-01-26 10:30:00,10.597833886330424,0.599960909732879,5.4965034497994
T1,2026-01-26 10:40:00,10.398690168312747,0.5081434429382731,4.127297808768747
T1,2026-01-26 10:50:00,9.514420993088484,0.36701987397189617,4.865462273166634
T1,2026-01-26 11:00:00,7.117461259669263,0.0862440297593971,6.528147913357321
T1,2026-01-26 11:10:00,8.514570313259012,0.21960554037337834,4.140353171876175
T1,2026-01-26 11:20:00,10.020149863134227,0.43813424704718534,4.623131951261866
T1,2026-01-26 11:30:00,8.851921115251821,0.2677866101783641,6.732660844664414
T1,2026-01-26 11:40:00,10.12229569067608,0.4781497382411609,7.203020372882876
T1,2026-01-26 11:50:00,9.604004174706926,0.3568461111198348,3.838838855416622
T1,2026-01-26 12:00:00,9.855255725904906,0.40491519543303534,5.24197528169604
T1,2026-01-26 12:10:00,9.242503804820211,0.32460901278222093,5.346463440298413
T1,2026-01-26 12:20:00,10.380084959893518,0.49873951532869565,5.896496360513208
T1,2026-01-26 12:30:00,11.85245874433717,0.9380292031915684,6.184526268419778
T1,2026-01-26 12:40:00,9.879986472199576,0.43582966782699756,5.117427007825529
T1,2026-01-26 12:50:00,9.18699627721079,0.31031435759426484,4.342923326976422
T1,2026-01-26 13:00:00,11.340798417559592,0.7945258088441418,6.377283756214384
T1,2026-01-26 13:10:00,8.105155345177458,0.17045024266732137,4.937633230519089
T1,2026-01-26 13:20:00,9.109288551047339,0.302804222558535,6.161724732959524
T1,2026-01-26 13:30:00,8.354322609914368,0.2035251217954256,5.680147623241904
T1,2026-01-26 13:40:00,9.086241550256302,0.2926260541860242,4.609019769574067
T1,2026-01-26 13:50:00,10.425405143127536,0.5254616371507408,7.218713829068797
T1,2026-01-26 14:00:00,7.722121495329494,0.1380778528215792,5.056820670856685
T1,2026-01-26 14:10:00,8.734587455115788,0.23888858086126202,5.034562413942222
T1,2026-01-26 14:20:00,9.714840911878692,0.38410853389307453,6.442759499426961
T1,2026-01-26 14:30:00,10.307529673719625,0.5219782912723105,4.689298415984567
T1,2026-01-26 14:40:00,9.309695245951763,0.3266737539494576,5.6741429623891255
T1,2026-01-26 14:50:00,10.369945224863283,0.5458401393853205,6.083418523892752
T1,2026-01-26 15:00:00,9.623055852755998,0.3857827599938029,7.170933151695404
T1,2026-01-26 15:10:00,8.868494605758007,0.25723189610630415,7.568417971119093
T1,2026-01-26 15:20:00,9.250810366129665,0.31572773502506346,6.276960481801605
T1,2026-01-26 15:30:00,8.801517523216955,0.24456672023382345,4.000731754427561
T1,2026-01-26 15:40:00,9.142995064052219,0.2972191451390602,8.324544742810067
T1,2026-01-26 15:50:00,8.488618699072443,0.215366540099415,4.833416824316741
T1,2026-01-26 16:00:00,7.774102412387963,0.13728241257671003,6.195671325278504
T1,2026-01-26 16:10:00,6.961619683733107,0.07921653564908414,4.881053823196941
T1,2026-01-26 16:20:00,7.442092947799196,0.11835382510315658,5.330698523497458
T1,2026-01-26 16:30:00,6.87109523540314,0.07544531596175777,5.266365843243318
T1,2026-01-26 16:40:00,7.467404706638356,0.11733290355972462,5.403758710251536
T1,2026-01-26 16:50:00,7.5335953646176055,0.12061954367338845,4.593197745774584
T1,2026-01-26 17:00:00,5.98125527539695,0.033491863384223636,7.189175393384918
T1,2026-01-26 17:10:00,10.653333471718598,0.6100582735231498,7.278169863600727
T1,2026-01-26 17:20:00,7.133938697025742,0.09157436869094554,3.9455270120682853
T1,2026-01-26 17:30:00,9.970100073008716,0.44867962989702337,5.082411531545325
T1,2026-01-26 17:40:00,6.60818787484842,0.0636708885163694,6.516264096618837
T1,2026-01-26 17:50:00,5.469829046960923,0.01860109271636166,5.876174534793819
T1,2026-01-26 18:00:00,7.3013998845795385,0.10017499792403926,5.2081145003152765
T1,2026-01-26 18:10:00,7.73797897517264,0.14372102242769594,4.96638439712453
T1,2026-01-26 18:20:00,4.5902299226489225,0.005049659973253215,6.0749523240397405
T1,2026-01-26 18:30:00,5.320147060747685,0.01670525356443776,3.8079153057205977
T1,2026-01-26 18:40:00,3.6961821894025597,0.0004474581654944136,4.9230389104645464
T1,2026-01-26 18:50:00,7.069173662774516,0.08820597749053909,4.889376527927049
T1,2026-01-26 19:00:00,7.018717974919069,0.08172379480676147,5.016916586121893
T1,2026-01-26 19:10:00,6.203704057808594,0.04414188190450338,5.146229871266565
T1,2026-01-26 19:20:00,6.076490385945379,0.03688679107069073,4.871114898747919
T1,2026-01-26 19:30:00,5.287116850903685,0.015516537327148435,4.412836345395274
T1,2026-01-26 19:40:00,7.569044347218453,0.1253231122572414,6.0563302149587015
T1,2026-01-26 19:50:00,6.632978722966133,0.06204519241472858,7.983491831595124
T1,2026-01-26 20:00:00,6.3696662368857,0.05054384044609588,4.650271533767386
T1,2026-01-26 20:10:00,5.911880718896067,0.033190159301311216,5.421336773055583
T1,2026-01-26 20:20:00,5.689541305423512,0.025439293620299404,5.60394228504777
T1,2026-01-26 20:30:00,5.080869536883193,0.01189217000712599,6.146197305662687
T1,2026-01-26 20:40:00,6.734759251572953,0.06918540603113062,6.406853840634313
T1,2026-01-26 20:50:00,4.576083591513213,0.0049421124330069725,5.288176636875471
T1,2026-01-26 21:00:00,6.209492997396881,0.043189631590320215,5.65648902552677
T1,2026-01-26 21:10:00,5.493073556725011,0.02115968262337046,4.585230289827174
T1,2026-01-26 21:20:00,4.155080935990024,0.001960599482507007,6.002112244811148
T1,2026-01-26 21:30:00,4.222769238076248,0.002465832870439671,5.810416389346207
T1,2026-01-26 21:40:00,3.6404484078130803,0.00034350528764048166,4.978445623904024
T1,2026-01-26 21:50:00,6.5076383033695,0.05344623917351635,5.8823054085370226
T1,2026-01-26 22:00:00,2.7213663515543165,0.0,3.756343320918753
T1,2026-01-26 22:10:00,6.742086718730052,0.06571493636212773,4.45274748992804
T1,2026-01-26 22:20:00,3.4276712793200037,0.0001019320100096423,4.740218473104209
T1,2026-01-26 22:30:00,3.850886370265495,0.0007806018256129111,6.57994459891689
T1,2026-01-26 22:40:00,4.287211652506001,0.002658790980308131,4.145416030415085
T1,2026-01-26 22:50:00,4.484580261479529,0.004185870807256686,6.687775476590781
T1,2026-01-26 23:00:00,3.5985046481042757,0.00029280044691635127,4.960949206353202
T1,2026-01-26 23:10:00,3.2685196142358897,2.5855824992218883e-05,4.387447360197241
T1,2026-01-26 23:20:00,3.043268528488337,1.0546930950559332e-07,3.876947607101732
T1,2026-01-26 23:30:00,4.651355868944291,0.005976813027054534,5.465973139651343
T1,2026-01-26 23:40:00,5.925803771505294,0.03414615391188014,4.768777875706686
T1,2026-01-26 23:50:00,4.724536569069946,0.006601100448776885,3.8458556708717415
T1,2026-01-27 00:00:00,4.6381916577871,0.005547066625504952,6.359089546344272
T1,2026-01-27 00:10:00,5.862801293783055,0.029671558713017358,6.222697964282692
T1,2026-01-27 00:20:00,4.278001038234862,0.0026634360600206073,6.140028606263461
T1,2026-01-27 00:30:00,4.789825049993296,0.007178801914547297,5.888946102769271
T1,2026-01-27 00:40:00,2.6235528324851103,0.0,6.308874147301097
T1,2026-01-27 00:50:00,5.445113507050937,0.018115838822364536,6.601682780067099
T1,2026-01-27 01:00:00,7.642765346433928,0.13645086128278397,5.309287673543906
T1,2026-01-27 01:10:00,2.4358334596731535,0.0,6.136126010194174
T1,2026-01-27 01:20:00,3.4644632829381243,0.0001244417336286314,5.59304133657952
T1,2026-01-27 01:30:00,4.444915552779896,0.004129624256819576,6.097024726862637
T1,2026-01-27 01:40:00,2.875738474956144,0.0,5.534273147629476
T1,2026-01-27 01:50:00,6.249745366884768,0.04460622680433232,8.32830588321292
T1,2026-01-27 02:00:00,3.8180030761277415,0.0007065559029922866,5.618134631497561
T1,2026-01-27 02:10:00,5.942693857836989,0.03206127988830028,6.107106353407577
T1,2026-01-27 02:20:00,4.289572522811176,0.0028334452362131545,4.2175023056251595
T1,2026-01-27 02:30:00,4.15144250351717,0.0018960570445391753,6.371941266224908
T1,2026-01-27 02:40:00,4.579657479794686,0.005253332452841759,5.682911693639456
T1,2026-01-27 02:50:00,3.118396869799943,2.1162424319376774e-06,5.486257404444941
T1,2026-01-27 03:00:00,5.93349488156236,0.03232384552835343,6.655069490936173
T1,2026-01-27 03:10:00,5.47181693428964,0.019217042370397456,5.451940739436621
T1,2026-01-27 03:20:00,4.923211585726166,0.009291988322200219,3.263255383223131
T1,2026-01-27 03:30:00,5.246252264926128,0.014518883143527637,4.518875546967257
T1,2026-01-27 03:40:00,5.335188214485541,0.0160000869994806,5.826963353822034
T1,2026-01-27 03:50:00,5.393713931925037,0.01821521587207935,6.80379040267269
T1,2026-01-27 04:00:00,7.290242054005625,0.09988236275864446,5.637282212167339
T1,2026-01-27 04:10:00,6.729942267540103,0.06915808287071694,6.327189587277358
T1,2026-01-27 04:20:00,7.726602165369351,0.1448332647168304,6.392477180367452
T1,2026-01-27 04:30:00,4.85617104891178,0.00800368668684894,5.00668306094542
T1,2026-01-27 04:40:00,7.077270577094315,0.08888613127825395,6.4199103507774335
T1,2026-01-27 04:50:00,6.045993213000388,0.037080950290295844,5.095312787116417
T1,2026-01-27 05:00:00,5.466688453999094,0.01941692858670617,6.515171148491129
T1,2026-01-27 05:10:00,5.127680321421155,0.01305287201422246,4.56442854472029
T1,2026-01-27 05:20:00,6.886121095479058,0.07398115273537631,5.415126507955799
T1,2026-01-27 05:30:00,6.876682941294819,0.0753539347682914,4.663105293239847
T1,2026-01-27 05:40:00,7.895809929279094,0.15058333350669273,7.278524161872865
T1,2026-01-27 05:50:00,7.619250037931117,0.12300509071035694,5.2471392532306975
T1,2026-01-27 06:00:00,7.036101473835815,0.08328790849004256,6.647640451697488
T1,2026-01-27 06:10:00,8.513783988966434,0.216657416595601,4.452503909327261
T1,2026-01-27 06:20:00,10.851454933965115,0.6562840685998197,6.305127860272051
T1,2026-01-27 06:30:00,9.490857237484983,0.35859223113479954,7.63728176827511
T1,2026-01-27 06:40:00,6.914575324225362,0.08008427819490511,5.232674667012531
T1,2026-01-27 06:50:00,8.170627651081844,0.17212904823519884,4.660417489864147
T1,2026-01-27 07:00:00,8.20335230861694,0.18150836351682748,5.871202304215018
T1,2026-01-27 07:10:00,4.105882651700246,0.0018261255144308886,5.940549331051933
T1,2026-01-27 07:20:00,8.131330379803446,0.17226253571849176,6.250953921212024
T1,2026-01-27 07:30:00,7.861209253468724,0.14919192958705405,4.767952679510029
T1,2026-01-27 07:40:00,8.537990478894631,0.2252879070301145,4.064977206580095
T1,2026-01-27 07:50:00,7.620068381669389,0.12807186564985837,4.7581291353614565
T1,2026-01-27 08:00:00,7.64387124001624,0.12964173520104974,6.6056679981555915
T1,2026-01-27 08:10:00,6.827715002048266,0.07055231779316609,5.442289535946395
T1,2026-01-27 08:20:00,6.608589502918653,0.06434730819098257,4.639766148373015
T1,2026-01-27 08:30:00,9.023304059716716,0.2808286165049754,5.155895434491196
T1,2026-01-27 08:40:00,8.526016998947032,0.2131976202732457,6.074214243052937
T1,2026-01-27 08:50:00,9.292930995359727,0.3314607982030147,3.093939654116069
T1,2026-01-27 09:00:00,8.801307947394006,0.2673006508770212,5.6360830412909815
T1,2026-01-27 09:10:00,7.234433630071648,0.10397119146518181,5.272568587122181
T1,2026-01-27 09:20:00,9.55455238261527,0.37713873297488054,5.415728134072252
T1,2026-01-27 09:30:00,9.25378829169474,0.3080958498200485,5.3233616022958445
T1,2026-01-27 09:40:00,9.477387939226102,0.3523584842003039,4.641701630960082
T1,2026-01-27 09:50:00,9.747986617485283,0.408101476351128,5.989315311415865
T1,2026-01-27 10:00:00,9.693559136665838,0.4044742031679653,6.512017536489229
T1,2026-01-27 10:10:00,11.092863855564024,0.7148019477076281,4.522347293652568
T1,2026-01-27 10:20:00,7.778099818660996,0.1375797329640293,6.94441226559007
T1,2026-01-27 10:30:00,9.621077747224529,0.3830483357144003,5.557331780508133
T1,2026-01-27 10:40:00,8.013173466035859,0.15625143468293548,5.340990151274364
T1,2026-01-27 10:50:00,9.898114319745703,0.43456708118288817,6.9674384188321605
T1,2026-01-27 11:00:00,7.75079080297221,0.13262240876499456,5.871333936153579
T1,2026-01-27 11:10:00,9.28784541906156,0.3069363934167893,5.30496663435505
T1,2026-01-27 11:20:00,7.599227380528494,0.13042866277318677,3.4969616563354204
T1,2026-01-27 11:30:00,10.376670449616713,0.5152379942728004,5.082021577341267
T1,2026-01-27 11:40:00,8.477868014657325,0.22524047556716123,4.978677121102054
T1,2026-01-27 11:50:00,9.82318485403262,0.4236290076605489,6.916810499773865
T1,2026-01-27 12:00:00,9.413754201901813,0.35971753288837793,7.326999057640222
T1,2026-01-27 12:10:00,6.804891193816802,0.06843357053579949,6.933299053815041
T1,2026-01-27 12:20:00,10.043439542874536,0.4643441431203323,5.6029398727300865
T1,2026-01-27 12:30:00,10.056148446390948,0.4557941295662659,6.136556145142256
T1,2026-01-27 12:40:00,8.020302636636792,0.16065704843349018,5.980222942582768
T1,2026-01-27 12:50:00,7.785563370619867,0.14126078757976612,5.9228528810837355
T1,2026-01-27 13:00:00,7.57804593063783,0.127409555351008,5.513572897274153
T1,2026-01-27 13:10:00,8.08610149832725,0.1685195729451715,5.40205264848818
T1,2026-01-27 13:20:00,8.556943359196007,0.22815159697437257,4.561870310954808
T1,2026-01-27 13:30:00,7.658492323576342,0.12808259671649166,5.061554835725668
T1,2026-01-27 13:40:00,10.502695848337535,0.5269424673487939,4.68131143208679
T1,2026-01-27 13:50:00,9.034036023154831,0.29728970384307024,5.468879110205414
T1,2026-01-27 14:00:00,7.899279213006244,0.15973502383368296,5.964899223313914
T1,2026-01-27 14:10:00,6.63381117951256,0.06098266435694272,7.090620345049542
T1,2026-01-27 14:20:00,8.82720570810467,0.25638139292667933,4.3358102149745195
T1,2026-01-27 14:30:00,8.657185120597044,0.2346457522730788,3.660257667460252
T1,2026-01-27 14:40:00,9.892403404958973,0.4370514324258393,6.18499538048631
T1,2026-01-27 14:50:00,7.097454190166259,0.09113137928869906,6.5198934438590905
T1,2026-01-27 15:00:00,8.048964685440415,0.1744022844758117,5.3289786236663925
T1,2026-01-27 15:10:00,10.613196920076563,0.5738263783535028,4.760375463586279
T1,2026-01-27 15:20:00,7.958125187222013,0.158923436856029,4.974213712881141
T1,2026-01-27 15:30:00,8.162209351389121,0.17111373790555404,7.119267131308315
T1,2026-01-27 15:40:00,9.577386997115783,0.37528192961218027,5.123076124998373
T1,2026-01-27 15:50:00,8.817378114235645,0.2578191536898925,6.857973460813687
T1,2026-01-27 16:00:00,7.018891911538404,0.0818689720543568,5.064379239688971
T1,2026-01-27 16:10:00,8.51731771139219,0.21913142136093602,4.6410168307440784
T1,2026-01-27 16:20:00,6.228948487083621,0.04379353569884412,7.147579622749913
T1,2026-01-27 16:30:00,6.560120582014244,0.06184082490797484,5.706971510307729
T1,2026-01-27 16:40:00,7.3798479693173045,0.11086836333893559,5.736811591437959
T1,2026-01-27 16:50:00,8.755893860078942,0.24775976015953677,7.063367140153109
T1,2026-01-27 17:00:00,7.502216071105579,0.12518452491716262,5.023891684599067
T1,2026-01-27 17:10:00,8.162974955303339,0.17663406321859673,5.201094783500281
T1,2026-01-27 17:20:00,7.549745355003618,0.12522030363656947,6.126273870717123
T1,2026-01-27 17:30:00,7.280738292632381,0.10386955044604243,4.448707336565926
T1,2026-01-27 17:40:00,7.454497056742713,0.11745229347568648,4.901385853480342
T1,2026-01-27 17:50:00,7.096809497513951,0.09073814410963947,5.276769872211713
T1,2026-01-27 18:00:00,8.11269064662442,0.1653936194772989,5.4617803450484725
T1,2026-01-27 18:10:00,7.0220960803730765,0.0811563555013582,5.009608155435402
T1,2026-01-27 18:20:00,7.834714717688679,0.14872712802008647,6.602152005143051
T1,2026-01-27 18:30:00,6.830150397116594,0.06972066864303385,5.436681676738724
T1,2026-01-27 18:40:00,3.9388111825168672,0.0010596325627756414,3.6566936299859787
T1,2026-01-27 18:50:00,6.018975520590041,0.03510601888867424,6.444834485627464
T1,2026-01-27 19:00:00,6.721676792396105,0.0695874799851024,4.487297577870277
T1,2026-01-27 19:10:00,6.215899325316638,0.04334166043438919,5.270586192673097
T1,2026-01-27 19:20:00,6.510428250796648,0.054922364015690964,4.574490601917509
T1,2026-01-27 19:30:00,5.663462555698737,0.02427932303680799,4.972595016943197
T1,2026-01-27 19:40:00,4.526158871941183,0.004632341361377788,3.969402933208597
T1,2026-01-27 19:50:00,7.841015055212522,0.14730840572150658,6.7399965234777905
T1,2026-01-27 20:00:00,4.31102946951761,0.00280647347758267,4.686507639911829
T1,2026-01-27 20:10:00,7.243992607036013,0.10185109059241891,5.878556989171201
T1,2026-01-27 20:20:00,5.638890854987714,0.024644200079213596,5.998448608290268
T1,2026-01-27 20:30:00,3.597791908132025,0.000292839016033062,4.693906106125606
T1,2026-01-27 20:40:00,6.286959501043395,0.04467990074827484,4.932574232499189
T1,2026-01-27 20:50:00,3.256356859807287,2.1461265776309753e-05,5.663166832855803
T1,2026-01-27 21:00:00,5.123691279922346,0.01286806060619807,3.6824104385682674
T1,2026-01-27 21:10:00,4.277712078404105,0.0025802106352161578,4.55560909906996
T1,2026-01-27 21:20:00,3.091228220139925,1.0285671925099422e-06,6.94036696585918
T1,2026-01-27 21:30:00,4.973110792127328,0.009565212757081248,4.483369663924454
T1,2026-01-27 21:40:00,3.5817681160166597,0.00025192290000820416,5.392384436320424
T1,2026-01-27 21:50:00,5.802274950838264,0.03005001067706173,6.677876838997621
T1,2026-01-27 22:00:00,3.7354624949468596,0.0005017466876078805,6.313345155853829
T1,2026-01-27 22:10:00,2.0050970887790256,0.0,5.826238759590184
T1,2026-01-27 22:20:00,6.177668903885483,0.04260766619281647,4.543867930718028
T1,2026-01-27 22:30:00,3.3686206801756855,6.277281661497813e-05,4.929263736051826
T1,2026-01-27 22:40:00,5.605636057789153,0.02285573108586137,6.277935435283981
T1,2026-01-27 22:50:00,2.243475183193301,0.0,7.485634836805464
T1,2026-01-27 23:00:00,4.5442707799966175,0.004861077000450594,6.389036253193226
T1,2026-01-27 23:10:00,6.3503044098976895,0.046660764622336585,5.097631361598912
T1,2026-01-27 23:20:00,5.070546657989067,0.011533557215347575,6.089006413947467
T1,2026-01-27 23:30:00,3.3843511160902597,7.357102128324786e-05,6.243820191482039
T1,2026-01-27 23:40:00,1.8010500010247634,0.0,5.625238766977824
T1,2026-01-27 23:50:00,4.041912834056323,0.0014700647157965521,5.435849659286831
T1,2026-01-28 00:00:00,3.6286287566112296,0.0003395183484119649,5.6461154391011545
T1,2026-01-28 00:10:00,5.148194912278659,0.012684223057540906,6.286581174194639
T1,2026-01-28 00:20:00,4.6132842568511,0.005232308526562726,7.206009604890276
T1,2026-01-28 00:30:00,3.7241492002280534,0.0004726658276209955,4.009361413923445
T1,2026-01-28 00:40:00,5.330894851495979,0.01605528660122817,5.051338517712659
T1,2026-01-28 00:50:00,4.284195203152635,0.0026513060157293557,5.850446038648381
T1,2026-01-28 01:00:00,7.030300227543432,0.08738951031515801,6.780659100774979
T1,2026-01-28 01:10:00,3.7650484278003415,0.0005924850478806618,6.621514999199313
T1,2026-01-28 01:20:00,4.684160787510788,0.005947752087380247,5.546819234399429
T1,2026-01-28 01:30:00,2.3916733276766555,0.0,4.736091509490893
T1,2026-01-28 01:40:00,5.331910762633962,0.01570389292841879,6.892141002804605
T1,2026-01-28 01:50:00,4.6090985835474125,0.005539145224814035,6.84275351541393
T1,2026-01-28 02:00:00,5.516537038819488,0.019814901291907293,6.360412964661822
T1,2026-01-28 02:10:00,3.487818896335214,0.00015326028739580302,6.083398502881073
T1,2026-01-28 02:20:00,4.076793983978218,0.001624618784465073,6.458572884172205
T1,2026-01-28 02:30:00,4.088267008448421,0.0016499005282303958,6.617430313812426
T1,2026-01-28 02:40:00,4.223549494307259,0.0024999810870127556,6.479543558444191
T1,2026-01-28 02:50:00,3.419926302692967,9.358685819129873e-05,5.881384921042157
T1,2026-01-28 03:00:00,5.905125611954159,0.0325027388442149,5.744153125718613
T1,2026-01-28 03:10:00,4.034554644164947,0.0015170223784050092,5.298059211154985
T1,2026-01-28 03:20:00,5.179252255370021,0.013776591176719298,5.857235571030292
T1,2026-01-28 03:30:00,7.613941657048816,0.12628302357992083,6.8797820817319835
T1,2026-01-28 03:40:00,6.117543241101069,0.04089035196080456,4.952045542350402
T1,2026-01-28 03:50:00,5.746280471981668,0.027993160066167266,6.013791167230973
T1,2026-01-28 04:00:00,5.054907895480007,0.010748418583331452,5.942131208504143
T1,2026-01-28 04:10:00,7.011404740918896,0.08074335327688856,5.555231237054489
T1,2026-01-28 04:20:00,5.524553492898285,0.021780223208869496,5.677536556271933
T1,2026-01-28 04:30:00,9.779122259031345,0.41243758892010574,4.048595397369839
T1,2026-01-28 04:40:00,7.158197016491008,0.09797279103383966,6.682091163865517
T1,2026-01-28 04:50:00,5.821087580653277,0.02868789381406482,6.113894177685263
T1,2026-01-28 05:00:00,7.612072600260962,0.13271318356561027,5.932012112143467
T1,2026-01-28 05:10:00,7.79505770577825,0.15030778587989624,5.400337996332238
T1,2026-01-28 05:20:00,5.4920447525482246,0.020727569844984025,4.9154255940329055
T1,2026-01-28 05:30:00,8.275431493129643,0.20037284662299654,5.936472844223484
T1,2026-01-28 05:40:00,6.448169537244113,0.05572219485933649,5.479409328812249
T1,2026-01-28 05:50:00,6.858191637227851,0.07626101208171232,7.339353177893286
T1,2026-01-28 06:00:00,8.576050392253972,0.2340017632070655,5.598456915929778
T1,2026-01-28 06:10:00,4.842377864828112,0.008119365606068567,5.714694219128591
T1,2026-01-28 06:20:00,9.232970304709266,0.32993974455453906,5.25492767962506
T1,2026-01-28 06:30:00,7.006480371371864,0.08167518812138952,6.400769617058653
T1,2026-01-28 06:40:00,6.133657832154788,0.03910428468354931,5.571001724152601
T1,2026-01-28 06:50:00,7.582004885248197,0.12880552410018917,6.3905028926581045
T1,2026-01-28 07:00:00,10.010546249018764,0.47133700292805303,6.182870491038342
T1,2026-01-28 07:10:00,8.280260535395945,0.1846463037280436,4.2431954732554
T1,2026-01-28 07:20:00,8.196864965106064,0.18833268960869237,3.6454109854175365
T1,2026-01-28 07:30:00,9.133936534512548,0.2961873292245261,6.096173514677848
T1,2026-01-28 07:40:00,7.64969550899846,0.1247937482499968,4.027053722207407
T1,2026-01-28 07:50:00,7.733647452274848,0.1377589003032911,6.427626463721263
T1,2026-01-28 08:00:00,7.914042321893591,0.16230860167662664,5.163027384333487
T1,2026-01-28 08:10:00,6.92963588577253,0.07810766716885555,5.180084863640538
T1,2026-01-28 08:20:00,9.885709487405114,0.4093590819800285,5.363149519675686
T1,2026-01-28 08:30:00,8.150157266748279,0.176810169221481,5.305061148518753
T1,2026-01-28 08:40:00,8.97045824668415,0.2680133901075557,4.756964306201175
T1,2026-01-28 08:50:00,8.920346764064474,0.280999208780411,4.9798545307399555
T1,2026-01-28 09:00:00,8.73793868986273,0.24492811541019208,7.105388331455235
T1,2026-01-28 09:10:00,6.751868104049792,0.06545260554179975,5.991576060586471
T1,2026-01-28 09:20:00,8.980920521373394,0.281550380664056,6.558292340199735
T1,2026-01-28 09:30:00,9.178943847777463,0.30896376859355024,4.347218575346793
T1,2026-01-28 09:40:00,8.88462045523238,0.26358691617166113,5.658223696495963
T1,2026-01-28 09:50:00,7.310445492151025,0.10410750626345337,6.576052660228329
T1,2026-01-28 10:00:00,9.729303665302536,0.40740242345964545,4.753136237418779
T1,2026-01-28 10:10:00,6.962675016709328,0.0839664546320028,5.219336841390937
T1,2026-01-28 10:20:00,9.993872136040885,0.4525670498790814,7.364432480071357
T1,2026-01-28 10:30:00,9.005387313354403,0.29646175578606154,5.665517485421733
T1,2026-01-28 10:40:00,9.920939285759431,0.4431432490324075,6.2084902166013665
T1,2026-01-28 10:50:00,8.873154579036559,0.2586794972250397,5.213674343009827
T1,2026-01-28 11:00:00,12.588276273185581,0.9102569430429922,5.587372831611249
T1,2026-01-28 11:10:00,10.087313330360667,0.4572723851141176,6.356350920779866
T1,2026-01-28 11:20:00,8.67491428188397,0.2287785784180882,6.241091282739135
T1,2026-01-28 11:30:00,10.030325934829854,0.46734659798570766,7.439146428527543
T1,2026-01-28 11:40:00,7.931920815122652,0.15416597229179552,7.546557797648056
T1,2026-01-28 11:50:00,8.007590335006016,0.17168387819120454,5.112536123936087
T1,2026-01-28 12:00:00,11.410851422492822,0.737041074363064,4.379619305594069
T1,2026-01-28 12:10:00,8.478534992224825,0.2158298620118184,4.830729665360275
T1,2026-01-28 12:20:00,8.758835346948377,0.2508674771331433,6.19798102254589
T1,2026-01-28 12:30:00,11.159877823739512,0.7091745099674996,6.052301879934994
T1,2026-01-28 12:40:00,8.985029248103162,0.2882839638886381,4.541003349583312
T1,2026-01-28 12:50:00,8.863162662803296,0.2552984822054671,6.40199329878105
T1,2026-01-28 13:00:00,9.446766385533804,0.3549424828212025,5.829994654885847
T1,2026-01-28 13:10:00,9.026110785417103,0.2851876686704613,6.098562440697418
T1,2026-01-28 13:20:00,8.64313643655779,0.24301440914929812,6.219825040162653
T1,2026-01-28 13:30:00,9.480529514553877,0.3495445574707432,6.753930556166674
T1,2026-01-28 13:40:00,8.76116210895153,0.2610410798470626,6.325828596326315
T1,2026-01-28 13:50:00,8.875456291226124,0.25128006829975563,6.724005230194403
T1,2026-01-28 14:00:00,8.531845074747022,0.21299973310961082,6.513469951618577
T1,2026-01-28 14:10:00,10.421708363089742,0.511416851808457,5.12519500425851
T1,2026-01-28 14:20:00,7.070355463850034,0.09112116775342662,4.30037603674292
T1,2026-01-28 14:30:00,8.873236199508357,0.2777655642571809,6.388780270936892
T1,2026-01-28 14:40:00,9.583122550289007,0.3753994414893749,5.818979397299789
T1,2026-01-28 14:50:00,7.095371674024961,0.089134348229407,5.0911507266469815
T1,2026-01-28 15:00:00,8.73372987490705,0.24504498652374812,4.419666141451111
T1,2026-01-28 15:10:00,8.577027994982576,0.21820151546766087,4.165230204276165
T1,2026-01-28 15:20:00,5.989318064240241,0.03622527212377153,6.567186876407863
T1,2026-01-28 15:30:00,9.771294995085452,0.383385271350685,4.764410068841934
T1,2026-01-28 15:40:00,7.6037483930546,0.1307634158682219,6.293281143663161
T1,2026-01-28 15:50:00,7.700864239009949,0.14064091624475888,6.036599199210475
T1,2026-01-28 16:00:00,7.919382415456872,0.14798092035482244,6.002698215520043
T1,2026-01-28 16:10:00,8.215967444501997,0.1791524036028248,4.833125121607711
T1,2026-01-28 16:20:00,9.299777332754166,0.31584227295456785,5.89873071918345
T1,2026-01-28 16:30:00,7.630437822911013,0.131691786443826,5.07344262421698
T1,2026-01-28 16:40:00,8.784136829538316,0.24813093337246153,5.513671023250352
T1,2026-01-28 16:50:00,7.164992152457089,0.09247111557429338,6.3018696208686436
T1,2026-01-28 17:00:00,6.513368645531756,0.05741676796641038,4.1010242313323095
T1,2026-01-28 17:10:00,8.297930053026763,0.2023520643146997,5.947987414404391
T1,2026-01-28 17:20:00,9.71970935950932,0.4084049684044346,7.59670658017527
T1,2026-01-28 17:30:00,6.137994269889683,0.042201841266839825,5.296046225247982
T1,2026-01-28 17:40:00,7.498947681693482,0.12416762589947729,4.373398758203139
T1,2026-01-28 17:50:00,8.982932366623373,0.2733452829324372,4.469385014302899
T1,2026-01-28 18:00:00,9.132557561377435,0.315931453777286,5.690141693081164
T1,2026-01-28 18:10:00,7.4642727934149935,0.11933482633224239,7.127035599873009
T1,2026-01-28 18:20:00,5.328340003494082,0.015631065749828598,5.25681837311036
T1,2026-01-28 18:30:00,6.1705600728489785,0.04168125004301111,5.27101944216473
T1,2026-01-28 18:40:00,5.721990133540084,0.025190509696661277,7.647070282625014
T1,2026-01-28 18:50:00,5.822750606265472,0.03028780600980241,5.51285335257365
T1,2026-01-28 19:00:00,4.189896861481355,0.0022319265100362758,5.488664931481418
T1,2026-01-28 19:10:00,6.077452565649623,0.036472798248347725,5.311658961471444
T1,2026-01-28 19:20:00,5.117382343129879,0.01199131669311423,4.459779908275914
T1,2026-01-28 19:30:00,3.764197051268506,0.0005794712776221782,6.127495728289535
T1,2026-01-28 19:40:00,5.2904404737399915,0.015338996811076696,6.817076964815587
T1,2026-01-28 19:50:00,4.028501147753521,0.0014293561479233427,4.879955264447737
T1,2026-01-28 20:00:00,4.532162279144609,0.004654425535125683,6.845058164406491
T1,2026-01-28 20:10:00,7.326948206775912,0.10320996431748622,5.9684515244730125
T1,2026-01-28 20:20:00,4.63507770765838,0.0056499730224476305,6.297896978250735
T1,2026-01-28 20:30:00,5.650343402042438,0.023642266470771625,4.910918487731169
T1,2026-01-28 20:40:00,6.050963367824819,0.03619769030971163,7.462520920172806
T1,2026-01-28 20:50:00,3.9823051150070174,0.001264030334222232,5.280258347544409
T1,2026-01-28 21:00:00,5.139913146064263,0.013031177479026735,7.34381825983914
T1,2026-01-28 21:10:00,3.7211897366164663,0.0005035287034575495,4.246075050748173
T1,2026-01-28 21:20:00,5.1972289295387135,0.01321947318328436,7.342607832974299
T1,2026-01-28 21:30:00,5.279223084993331,0.014774118388320162,6.233261244546211
T1,2026-01-28 21:40:00,6.7997047398147235,0.07258081388426199,5.839987879283505
T1,2026-01-28 21:50:00,6.093738853930952,0.03998785177613344,7.0569269292220085
T1,2026-01-28 22:00:00,6.774361315175879,0.07268096346985836,5.5918218614546165
T1,2026-01-28 22:10:00,4.818709499328331,0.007987208126870428,7.418835577566118
T1,2026-01-28 22:20:00,4.390643038445148,0.0035230991564103374,4.363708825100842
T1,2026-01-28 22:30:00,3.8141391046423103,0.0006848383524391624,5.28095190849365
T1,2026-01-28 22:40:00,2.9067654843688056,0.0,8.182106772629218
T1,2026-01-28 22:50:00,3.7636023735255932,0.0005727460164658636,7.005006919713139
T1,2026-01-28 23:00:00,4.249817393891846,0.002495941553819411,3.290837411083723
T1,2026-01-28 23:10:00,4.150287592200363,0.0019796490414059524,4.55292212243366
T1,2026-01-28 23:20:00,4.315349670004061,0.0030944948213712698,5.304022040537445
T1,2026-01-28 23:30:00,4.14440343586682,0.0020240882448628703,5.04910056013221
T1,2026-01-28 23:40:00,6.362361024756024,0.0483488925742755,6.006323948273206
T1,2026-01-28 23:50:00,5.15268267337888,0.012479762490959856,5.748604282460662
T1,2026-01-29 00:00:00,5.527124018069749,0.02187420805510763,5.457288090603167
T1,2026-01-29 00:10:00,3.9933808644987785,0.0013156261579838834,4.9690345967276
T1,2026-01-29 00:20:00,4.857019185308513,0.008520564155961769,6.668394382094973
T1,2026-01-29 00:30:00,5.098286741087096,0.011546489837601879,5.805792848456564
T1,2026-01-29 00:40:00,4.086939544413028,0.0016852077463060204,5.547083048659881
T1,2026-01-29 00:50:00,6.274797359566454,0.046105370027775976,6.21156400952789
T1,2026-01-29 01:00:00,3.9873931703494097,0.001236550676335586,6.03051529879623
T1,2026-01-29 01:10:00,4.172835142283804,0.002120963324330286,6.470161187942858
T1,2026-01-29 01:20:00,4.631265012590783,0.00545827327973887,7.958976779868306
T1,2026-01-29 01:30:00,4.170492814713953,0.0021823355410470003,5.6110204925803755
T1,2026-01-29 01:40:00,4.58855357974062,0.005358619424962245,7.326086576310966
T1,2026-01-29 01:50:00,1.4326650264463683,0.0,6.721977154266603
T1,2026-01-29 02:00:00,4.033618693800536,0.0014636787230049462,5.412601626599094
T1,2026-01-29 02:10:00,3.2714036155682367,2.6460216207800436e-05,5.123906914859894
T1,2026-01-29 02:20:00,5.116201521366638,0.011738580866623308,5.033463909329049
T1,2026-01-29 02:30:00,5.4115111272963565,0.018249166124792656,5.976187523253963
T1,2026-01-29 02:40:00,5.034777806752781,0.011207368490485552,5.397710588625808
T1,2026-01-29 02:50:00,5.938435949882255,0.03165717629970996,5.578833774002997
T1,2026-01-29 03:00:00,4.580076526475185,0.005025679725014793,6.332371205848199
T1,2026-01-29 03:10:00,4.010497752631019,0.001396178512464202,3.715243293022674
T1,2026-01-29 03:20:00,3.3091203022793354,3.772347030233994e-05,6.636981683355609
T1,2026-01-29 03:30:00,4.537608031430617,0.004950660423934431,6.8742784699597
T1,2026-01-29 03:40:00,5.6790876788839375,0.025214682640655347,4.920503068828254
T1,2026-01-29 03:50:00,6.846989012919434,0.07566462060195106,5.855606054779895
T1,2026-01-29 04:00:00,5.141982884370537,0.012288106682034571,5.41050318851092
T1,2026-01-29 04:10:00,5.549455603809474,0.021225021896852603,5.800710320236421
T1,2026-01-29 04:20:00,4.789530727149821,0.007747308642841853,4.879606001551215
T1,2026-01-29 04:30:00,4.5860424140600715,0.005216299474672741,5.302843524872536
T1,2026-01-29 04:40:00,7.4952626798993816,0.1228743918419326,5.259212933171369
T1,2026-01-29 04:50:00,9.376028842449646,0.34398415864634607,7.209823711046543
T1,2026-01-29 05:00:00,6.672975432440147,0.0658337144157047,5.780652175467639
T1,2026-01-29 05:10:00,7.305954603410162,0.10147727662081571,4.913868630341848
T1,2026-01-29 05:20:00,6.409435863088742,0.0505531052013059,5.663283291243155
T1,2026-01-29 05:30:00,9.1544899741511,0.29947706894928533,7.054804742963601
T1,2026-01-29 05:40:00,5.033387222063255,0.011035576796338067,4.5929968851153165
T1,2026-01-29 05:50:00,8.353322410808504,0.19691463841264467,4.936042646614997
T1,2026-01-29 06:00:00,7.131570069270977,0.0929698778828653,5.520051052407327
T1,2026-01-29 06:10:00,7.826497578170629,0.1390735404685255,6.5798281021194756
T1,2026-01-29 06:20:00,8.77517175946996,0.2530224630274371,5.813415667220286
T1,2026-01-29 06:30:00,7.223190977540472,0.09548169180641256,5.050154587741458
T1,2026-01-29 06:40:00,7.631024520655381,0.13065696531132556,4.359505269276441
T1,2026-01-29 06:50:00,7.687965525636047,0.14068450934109533,2.6197924418526752
T1,2026-01-29 07:00:00,9.13735305655526,0.30571293240198005,5.545899730483943
T1,2026-01-29 07:10:00,7.61349981098856,0.12284353517420754,6.892195918240381
T1,2026-01-29 07:20:00,7.7668751335834205,0.1482561984812642,6.335743607942785
T1,2026-01-29 07:30:00,9.367962801564934,0.3236333555678103,6.019850520488956
T1,2026-01-29 07:40:00,8.01388827233261,0.16720236768365523,6.734949083843267
T1,2026-01-29 07:50:00,7.560836506861035,0.12329908911992138,4.845332127706468
T1,2026-01-29 08:00:00,8.654088349030134,0.23267505694048965,5.613177927440297
T1,2026-01-29 08:10:00,8.98689742401277,0.28123628967542785,6.359260396912885
T1,2026-01-29 08:20:00,10.854927734703791,0.6045330319801366,5.965993656294367
T1,2026-01-29 08:30:00,9.796655524017043,0.4190729675702243,3.866370878529021
T1,2026-01-29 08:40:00,6.955671157134816,0.08060367682160902,6.604023803898955
T1,2026-01-29 08:50:00,8.700958270991594,0.2540323433901522,5.113834885756563
T1,2026-01-29 09:00:00,9.508238152793385,0.3658762898188755,7.094665436219015
T1,2026-01-29 09:10:00,11.109651605320675,0.6835983909634461,5.172863163147126
T1,2026-01-29 09:20:00,10.299391447230628,0.48819709971172387,6.098325701409466
T1,2026-01-29 09:30:00,9.575893283436773,0.3809292488861769,5.905471635455198
T1,2026-01-29 09:40:00,8.965898952740744,0.2888605603216697,5.733703911097025
T1,2026-01-29 09:50:00,10.637453211469518,0.5927873384669202,6.891845377157473
T1,2026-01-29 10:00:00,10.151664938498683,0.46267268790795757,6.229328021071937
T1,2026-01-29 10:10:00,8.723498830206937,0.2466070661633537,6.547946771692701
T1,2026-01-29 10:20:00,11.24220555453751,0.7162093088698698,4.3925867544035775
T1,2026-01-29 10:30:00,8.016632694043258,0.16691036954417568,6.668748576178157
T1,2026-01-29 10:40:00,9.263154306355935,0.31347607719679016,5.105533473331597
T1,2026-01-29 10:50:00,8.063487998070093,0.17774883714867007,6.085945443341366
T1,2026-01-29 11:00:00,8.674358003487491,0.23923296545964493,5.040391100518583
T1,2026-01-29 11:10:00,7.590941188244861,0.13163005079258153,5.87372636200074
T1,2026-01-29 11:20:00,11.718104151709927,0.8678498524809842,5.344998711023029
T1,2026-01-29 11:30:00,9.215195562185746,0.3208336858689773,5.774402816979795
T1,2026-01-29 11:40:00,8.354785888963004,0.20474228714240314,4.949347160956637
T1,2026-01-29 11:50:00,10.146654553031423,0.4996302257349788,6.353085963793002
T1,2026-01-29 12:00:00,5.943240500466764,0.03465734432646542,6.515997675951948
T1,2026-01-29 12:10:00,8.939455665683077,0.27784097390327034,5.471465245395445
T1,2026-01-29 12:20:00,10.498700419583967,0.5764562650825666,4.718234700278656
T1,2026-01-29 12:30:00,12.219354051373564,0.9084738611268472,7.308126602605361
T1,2026-01-29 12:40:00,10.307544605584626,0.5220624683073228,5.660766884263326
T1,2026-01-29 12:50:00,12.619213129600105,0.9726902237914963,5.691239227622437
T1,2026-01-29 13:00:00,9.203514753002965,0.3196114195476977,4.161093541605678
T1,2026-01-29 13:10:00,9.189732210070293,0.30992030926722197,5.934988902549833
T1,2026-01-29 13:20:00,8.220358528660991,0.18495140971983864,5.98501297214732
T1,2026-01-29 13:30:00,9.897986674964823,0.4140917407526612,6.370928983542862
T1,2026-01-29 13:40:00,9.159709797398149,0.3005556782486667,5.417257813547616
T1,2026-01-29 13:50:00,9.58900353820964,0.3884042148856701,5.49368580373146
T1,2026-01-29 14:00:00,11.053925645688437,0.7135264696346814,6.09104869359868
T1,2026-01-29 14:10:00,10.40524630386634,0.5464082463276879,6.386458214111591
T1,2026-01-29 14:20:00,9.605697606082776,0.3842842729251624,6.664262614578984
T1,2026-01-29 14:30:00,9.890113811617889,0.4294543859961022,5.667522937522561
T1,2026-01-29 14:40:00,7.70945141745369,0.13821488659933168,6.217690724094218
T1,2026-01-29 14:50:00,9.023269131920172,0.2935854803062287,4.559120079436619
T1,2026-01-29 15:00:00,10.269961251318893,0.4799737036150937,6.300732678810756
T1,2026-01-29 15:10:00,8.216390638751585,0.18104859155175737,8.311301008143928
T1,2026-01-29 15:20:00,9.305797142429528,0.33788388407254205,6.258837963201158
T1,2026-01-29 15:30:00,8.31666714129944,0.19456753675097674,5.093278353264817
T1,2026-01-29 15:40:00,8.128893559888947,0.16826935883997168,6.4880770500263
T1,2026-01-29 15:50:00,6.552667725963397,0.059675434245651984,6.430638040988525
T1,2026-01-29 16:00:00,6.702570242732078,0.063010200256805,5.703268674551287
T1,2026-01-29 16:10:00,8.296260248767755,0.19375898435045025,7.126242898384943
T1,2026-01-29 16:20:00,7.572724530751827,0.12832433108484068,5.27893517865503
T1,2026-01-29 16:30:00,6.270443727008965,0.0445528662035425,5.827067914300488
T1,2026-01-29 16:40:00,9.61966546429624,0.36806951736088794,5.4158934768195
T1,2026-01-29 16:50:00,7.971024107718388,0.15964806506480997,4.934656756585499
T1,2026-01-29 17:00:00,6.597596463497486,0.06178799822375922,6.726683689308332
T1,2026-01-29 17:10:00,7.888012621206023,0.15909804687263424,4.958660736266842
T1,2026-01-29 17:20:00,8.443329128344269,0.19994460702892972,5.577553963374992
T1,2026-01-29 17:30:00,6.699895328040691,0.0687621011236247,5.762876060602734
T1,2026-01-29 17:40:00,7.651147120101754,0.1271426878891744,6.051887344061046
T1,2026-01-29 17:50:00,10.435901876098724,0.5561095570161175,6.457156686649294
T1,2026-01-29 18:00:00,6.8780391786850865,0.0730802447685658,3.4727417417086746
T1,2026-01-29 18:10:00,5.596575393544751,0.023585031205156926,5.4126198250661135
T1,2026-01-29 18:20:00,5.557712753105706,0.02223156620627091,5.536064452131329
T1,2026-01-29 18:30:00,6.2285792310133505,0.043598807195815326,6.416975287286177
T1,2026-01-29 18:40:00,7.363854338660656,0.10416729186254337,7.34803950359276
T1,2026-01-29 18:50:00,7.174764980173628,0.09080363470853924,5.367966616177754
T1,2026-01-29 19:00:00,6.46981327606377,0.05278833066302927,4.423498997753942
T1,2026-01-29 19:10:00,11.409342261114482,0.760291811671852,5.208644272769124
T1,2026-01-29 19:20:00,6.0563626506471415,0.035559433729175784,6.945652532926261
T1,2026-01-29 19:30:00,5.7359117226440945,0.026632875098810967,4.409141914200875
T1,2026-01-29 19:40:00,6.554779611542546,0.0601117831135386,5.1052716514109004
T1,2026-01-29 19:50:00,6.414229915903587,0.04991089677653438,5.585965817885377
T1,2026-01-29 20:00:00,6.220922471879849,0.04337533951684923,4.937064392069814
T1,2026-01-29 20:10:00,4.974258450663195,0.009791265541482602,6.971348191907356
T1,2026-01-29 20:20:00,5.650528951040132,0.023198849098111252,7.7895860679414035
T1,2026-01-29 20:30:00,6.178638796190727,0.04330528842486702,8.320737488537565
T1,2026-01-29 20:40:00,3.4601756374083252,0.00012418869818893428,7.223704888582168
T1,2026-01-29 20:50:00,8.433243212755423,0.21709015530254439,4.666215829457709
T1,2026-01-29 21:00:00,4.173781499689369,0.0021489906870749594,5.963891241696929
T1,2026-01-29 21:10:00,7.801549928873058,0.14858504042465595,5.327166317120524
T1,2026-01-29 21:20:00,5.670582614084175,0.023641668324456327,5.101828996590851
T1,2026-01-29 21:30:00,4.579288439416167,0.004927502965383315,5.114949360245443
T1,2026-01-29 21:40:00,4.699309683571223,0.006561561692641779,5.706709833857404
T1,2026-01-29 21:50:00,3.866912630005002,0.0008450862949658264,6.018072111486257
T1,2026-01-29 22:00:00,5.2363965113094455,0.014382926178218368,4.138175735727316
T1,2026-01-29 22:10:00,4.874867454233849,0.008323196270868366,6.844243123783287
T1,2026-01-29 22:20:00,4.126927129489119,0.001846220981834626,7.829959287274647
T1,2026-01-29 22:30:00,3.974524761116398,0.0011619384754721863,6.471047576211015
T1,2026-01-29 22:40:00,3.455380527074248,0.000120497518108253,5.055839672400284
T1,2026-01-29 22:50:00,4.93700407653905,0.009734552046744534,4.647364190955299
T1,2026-01-29 23:00:00,3.1182498697815033,2.0764064454658555e-06,6.5363175008761045
T1,2026-01-29 23:10:00,6.971456063065993,0.08037789222333236,6.595758911577122
T1,2026-01-29 23:20:00,4.605685675189915,0.005364322798360102,6.015330862151121
T1,2026-01-29 23:30:00,4.933769058733546,0.009709147906080884,4.132778663242629
T1,2026-01-29 23:40:00,6.150282927948961,0.04250798419754826,4.188789768187164
T1,2026-01-29 23:50:00,5.505793380208724,0.02082566837415894,6.156199356332004
T1,2026-01-30 00:00:00,3.3573143782405377,6.13266162569052e-05,7.0545398996929425
T1,2026-01-30 00:10:00,3.366947455968072,6.116533470125086e-05,6.718636737367769
T1,2026-01-30 00:20:00,4.575236095159031,0.005232307861222532,5.72136699782355
T1,2026-01-30 00:30:00,5.399811395795745,0.01885339528092622,6.453418205997937
T1,2026-01-30 00:40:00,5.682515033211035,0.02414913393095121,5.211558438307811
T1,2026-01-30 00:50:00,3.277338615190798,2.7589552271089425e-05,5.7783857502496865
T1,2026-01-30 01:00:00,3.4162597226227414,9.090798699651168e-05,6.337820837762765
T1,2026-01-30 01:10:00,2.832671846991051,0.0,5.582541897199513
T1,2026-01-30 01:20:00,5.369206936957542,0.017142277287208307,4.885359313362075
T1,2026-01-30 01:30:00,4.692271254599022,0.00626086893792221,5.5376901402734315
T1,2026-01-30 01:40:00,5.743909448441701,0.028234978279935576,6.801110318707214
T1,2026-01-30 01:50:00,5.572925718111624,0.02105414936702305,5.103237257653035
T1,2026-01-30 02:00:00,5.159344539017419,0.013697574914477855,6.610970979313956
T1,2026-01-30 02:10:00,4.457494457021167,0.004024955910765312,4.1818994555696865
T1,2026-01-30 02:20:00,5.027041858353162,0.010597839908789077,5.632628292099529
T1,2026-01-30 02:30:00,3.0436038613940024,1.0341791603971528e-07,5.669950207598678
T1,2026-01-30 02:40:00,5.722444823854805,0.027611473095559613,4.467559085653559
T1,2026-01-30 02:50:00,3.0711877643547405,4.736048125931979e-07,6.63066264865673
T1,2026-01-30 03:00:00,4.940290425617072,0.00927514021012097,3.9965794605500014
T1,2026-01-30 03:10:00,5.828367427400864,0.029875730201517164,6.239055027363708
T1,2026-01-30 03:20:00,6.019729733907111,0.035877400610225645,6.726976186628214
T1,2026-01-30 03:30:00,5.2082862259865275,0.013533786944803266,4.893217749770878
T1,2026-01-30 03:40:00,5.022278127819179,0.01069208054802459,7.114266459096166
T1,2026-01-30 03:50:00,5.126286918252318,0.012080744698540917,6.563986179864346
T1,2026-01-30 04:00:00,3.8566473156855676,0.0008554809199479002,5.331407327612059
T1,2026-01-30 04:10:00,6.59287806193027,0.05834800667498282,8.03375230136639
T1,2026-01-30 04:20:00,5.3809206845264965,0.01833340889505665,5.320682740754236
T1,2026-01-30 04:30:00,5.3730370115469155,0.016546685272806786,6.27410345328289
T1,2026-01-30 04:40:00,6.000390181969595,0.03507277731327225,4.343181894533135
T1,2026-01-30 04:50:00,4.19190760550701,0.0022851695104732883,5.891747017158712
T1,2026-01-30 05:00:00,5.954607462342507,0.033685295849668714,5.963953625453421
T1,2026-01-30 05:10:00,6.97627352064758,0.08590670387668446,6.0886416785216175
T1,2026-01-30 05:20:00,7.100424066392607,0.08876419677922372,6.491749391437247
T1,2026-01-30 05:30:00,7.708989424400004,0.12961746151035974,6.675816952649383
T1,2026-01-30 05:40:00,5.750594531156609,0.027120524721355746,5.9509711123505795
T1,2026-01-30 05:50:00,6.401251370711822,0.049267860312349594,2.7292326633015764
T1,2026-01-30 06:00:00,6.489800302173313,0.05707083586852197,6.609779181707862
T1,2026-01-30 06:10:00,6.2598362071320395,0.044288814676772974,6.514195793983139
T1,2026-01-30 06:20:00,7.641336491671376,0.13511938507107882,6.188513567006421
T1,2026-01-30 06:30:00,6.326707534051924,0.049371453801786626,4.485545468616504
T1,2026-01-30 06:40:00,6.345381516815748,0.04951149088891935,5.731649427151313
T1,2026-01-30 06:50:00,9.0212581064167,0.29755328350188326,5.981816802646142
T1,2026-01-30 07:00:00,7.226617258247137,0.09364314332572576,7.297380180833567
T1,2026-01-30 07:10:00,7.067717846241399,0.09129392556284056,7.164867122463361
T1,2026-01-30 07:20:00,6.650382066706161,0.06403937736297069,6.451520009924931
T1,2026-01-30 07:30:00,8.676170806025427,0.24491713515122257,6.702410657137347
T1,2026-01-30 07:40:00,6.991298897292472,0.08512470352319551,5.785779866624128
T1,2026-01-30 07:50:00,9.613586503211069,0.3747250187125527,6.499965294681538
T1,2026-01-30 08:00:00,9.301145186661572,0.3189364601340755,8.477212669518295
T1,2026-01-30 08:10:00,7.708528559682518,0.1321645731623045,4.157772209954938
T1,2026-01-30 08:20:00,7.990368003392574,0.16995445868275488,7.520315198263709
T1,2026-01-30 08:30:00,9.228509918776037,0.3011245725916532,6.93442039732873
T1,2026-01-30 08:40:00,8.259001705293104,0.19251544444983448,7.134253835349388
T1,2026-01-30 08:50:00,8.943808452186708,0.2772370943108671,5.847986764810308
T1,2026-01-30 09:00:00,7.725617005890186,0.13609613406919485,6.689215957078546
T1,2026-01-30 09:10:00,6.782055108247019,0.07197358363602324,6.368592955975655
T1,2026-01-30 09:20:00,10.081094631352878,0.4493724326146649,4.265964085441301
T1,2026-01-30 09:30:00,7.919630455377851,0.16239770742503473,6.583763209953416
T1,2026-01-30 09:40:00,9.472172754870753,0.3497740178793674,7.851699129029905
T1,2026-01-30 09:50:00,11.16408713262299,0.7311761476614499,5.773867490369781
T1,2026-01-30 10:00:00,7.855518827258331,0.14304283995449507,6.146186355146529
T1,2026-01-30 10:10:00,9.190266078818468,0.29802451241115413,6.673017501739546
T1,2026-01-30 10:20:00,7.272027863063652,0.10271446021247506,6.688469944399869
T1,2026-01-30 10:30:00,9.453336631991371,0.3534041009210252,4.600929886405654
T1,2026-01-30 10:40:00,9.140443008828237,0.30444100240995103,6.514044289589046
T1,2026-01-30 10:50:00,10.729755884704204,0.6016163953513021,5.450187347592766
T1,2026-01-30 11:00:00,10.276459395347167,0.5149697283302493,7.050969537388067
T1,2026-01-30 11:10:00,9.355295753381048,0.3356024476223581,5.2569405418402155
T1,2026-01-30 11:20:00,9.277551568712095,0.3307992956434983,6.515150672696805
T1,2026-01-30 11:30:00,12.407081022317012,0.9642975940087061,6.428976158986459
T1,2026-01-30 11:40:00,9.165782428022942,0.32084100506945024,7.609319678038657
T1,2026-01-30 11:50:00,9.06079256597825,0.2982524489576344,6.005220663292309
T1,2026-01-30 12:00:00,10.458569380235062,0.527615162060596,4.53223639535605
T1,2026-01-30 12:10:00,9.675884109820045,0.40452769683341194,5.268431040818656
T1,2026-01-30 12:20:00,9.838752713343428,0.4368694400503268,7.247336638586911
T1,2026-01-30 12:30:00,10.554228102677998,0.5758617690307977,5.0800120382541785
T1,2026-01-30 12:40:00,9.844697580675714,0.42593523422010177,6.904955728187842
T1,2026-01-30 12:50:00,9.28022415946004,0.33736739560715345,5.188962994022496
T1,2026-01-30 13:00:00,8.886083238441552,0.25655231448284943,4.949687674186642
T1,2026-01-30 13:10:00,8.293926348849691,0.1932961263276352,7.019652813745847
T1,2026-01-30 13:20:00,9.694018568297793,0.38678627001394267,6.111545027323137
T1,2026-01-30 13:30:00,7.760832621938109,0.14753625691708444,5.912942546013679
T1,2026-01-30 13:40:00,10.272518246270032,0.47595372395097607,6.011674345122567
T1,2026-01-30 13:50:00,9.594803896504084,0.372435912866838,6.025557169042905
T1,2026-01-30 14:00:00,9.826010913961744,0.43420537273423737,6.415094587092099
T1,2026-01-30 14:10:00,9.336028122787559,0.3411240976555388,6.821717203636883
T1,2026-01-30 14:20:00,9.512567361664534,0.3575726698278993,5.8711353885181055
T1,2026-01-30 14:30:00,8.659704135714895,0.22444723265017594,5.696336968708959
T1,2026-01-30 14:40:00,8.663369517134726,0.23247682389517227,6.866949398936303
T1,2026-01-30 14:50:00,8.331816495558973,0.20697844680906408,6.5362514570629004
T1,2026-01-30 15:00:00,11.764565661229877,0.8571237975432666,4.631106647257345
T1,2026-01-30 15:10:00,9.95525450715866,0.4530791102146733,7.232074531691794
T1,2026-01-30 15:20:00,8.642316159621988,0.23289417114300925,6.667539152258801
T1,2026-01-30 15:30:00,7.956337943311593,0.15778003755592512,5.64679105787182
T1,2026-01-30 15:40:00,8.927798528721318,0.2678592617905484,5.6115260467920525
T1,2026-01-30 15:50:00,7.028499517318119,0.08277290384326169,7.496852183159331
T1,2026-01-30 16:00:00,9.540608077489393,0.3473727712978757,5.110873331420003
T1,2026-01-30 16:10:00,9.214817477944289,0.32357690698107777,6.126748317612236
T1,2026-01-30 16:20:00,8.189374399658897,0.17676345094114443,6.520375819819979
T1,2026-01-30 16:30:00,7.893295443906489,0.15751905614225806,5.387333824283702
T1,2026-01-30 16:40:00,9.151628605755628,0.3128484441544377,6.169313701090628
T1,2026-01-30 16:50:00,9.33350126949594,0.34583243583966705,4.960837294331023
T1,2026-01-30 17:00:00,10.104537099027961,0.46135810349890877,6.684321010257823
T1,2026-01-30 17:10:00,6.957015806851923,0.0789777945839748,7.691646282715546
T1,2026-01-30 17:20:00,5.303301760341661,0.015385982661693037,6.505545840710915
T1,2026-01-30 17:30:00,6.226869058823887,0.045510098781488234,7.923581735862258
T1,2026-01-30 17:40:00,3.9619167901841204,0.0012201271054899667,3.983084698994465
T1,2026-01-30 17:50:00,5.182741922712478,0.013841474290905315,5.429126563083638
T1,2026-01-30 18:00:00,7.376945748839059,0.11131811965270924,6.025761641046866
T1,2026-01-30 18:10:00,9.178749316341131,0.3018781525759205,6.10403832391584
T1,2026-01-30 18:20:00,8.747802618804199,0.2520226983405427,5.365028591399078
T1,2026-01-30 18:30:00,6.695447579405714,0.06578709910277154,5.989875683178099
T1,2026-01-30 18:40:00,8.158289472666855,0.18171203056379892,5.94735405064867
T1,2026-01-30 18:50:00,5.479362984999279,0.020798690960205146,6.0916312767051775
T1,2026-01-30 19:00:00,4.546621267342687,0.004841466992617135,8.652913673209436
T1,2026-01-30 19:10:00,6.4937536217826715,0.058060401773343824,6.806062986832782
T1,2026-01-30 19:20:00,5.843833922484436,0.029357455950477947,7.5245446197654875
T1,2026-01-30 19:30:00,4.696183773789013,0.006268342552988081,5.296448773868228
T1,2026-01-30 19:40:00,5.967878412811315,0.03276614422849327,7.48258842845696
T1,2026-01-30 19:50:00,5.824785543895527,0.030619261696821058,6.3174759444829265
T1,2026-01-30 20:00:00,5.396131179068209,0.01815857831305723,7.1711024220536155
T1,2026-01-30 20:10:00,6.810762799894139,0.06985401180797365,5.183765384513955
T1,2026-01-30 20:20:00,6.14132503342198,0.042065958634587064,5.644334335550505
T1,2026-01-30 20:30:00,6.813262312773899,0.06897128861924805,7.067787172830833
T1,2026-01-30 20:40:00,5.124754570217483,0.012259352095186242,5.5050776505850045
T1,2026-01-30 20:50:00,4.702275587169776,0.006513935789569594,4.473711422272135
T1,2026-01-30 21:00:00,5.378561707502189,0.018184665396003514,6.162228111434045
T1,2026-01-30 21:10:00,4.158228098345506,0.00207570873142481,6.982501947770287
T1,2026-01-30 21:20:00,5.504511820431883,0.021453522716240285,6.232371751253317
T1,2026-01-30 21:30:00,6.258110863081631,0.04364570118383434,7.335463723092387
T1,2026-01-30 21:40:00,4.971751134428513,0.009761632108798494,5.882257371980059
T1,2026-01-30 21:50:00,3.4181830109299702,9.807779811332463e-05,5.087033614044132
T1,2026-01-30 22:00:00,5.269770010496636,0.015071163139984387,4.410050019549098
T1,2026-01-30 22:10:00,5.82537496091825,0.030306641331221195,5.835476346864949
T1,2026-01-30 22:20:00,2.5506533503918853,0.0,5.00669243576316
T1,2026-01-30 22:30:00,3.7485874930046736,0.0005359680224680593,5.75113395352481
T1,2026-01-30 22:40:00,3.4197207422105897,9.337634763182787e-05,6.081870831104008
T1,2026-01-30 22:50:00,4.813254151825662,0.00788634465482364,7.113017973500574
T1,2026-01-30 23:00:00,3.3996880262523748,8.574910421291885e-05,6.556868660859974
T1,2026-01-30 23:10:00,3.261733168416285,2.3381463176191423e-05,6.290804746975346
T1,2026-01-30 23:20:00,2.8694404584486346,0.0,5.06837882215128
T1,2026-01-30 23:30:00,4.904446510235926,0.009461985873758237,6.143225369434453
T1,2026-01-30 23:40:00,7.193409421668388,0.09490285820380492,7.71201727980754
T1,2026-01-30 23:50:00,5.260778469457305,0.01500164190788205,5.507078448772814
T1,2026-01-31 00:00:00,5.1915260674922905,0.013834714488080083,3.682475038807513
T1,2026-01-31 00:10:00,4.463862049536784,0.004300543684813137,8.060210954082013
T1,2026-01-31 00:20:00,3.9552578046652727,0.0011119403219324363,5.519427437597418
T1,2026-01-31 00:30:00,4.06916992477451,0.0016484964197784465,7.350625575809776
T1,2026-01-31 00:40:00,4.354855562072967,0.0033149078847549062,6.913598456523332
T1,2026-01-31 00:50:00,2.396366495963319,0.0,8.281590803410383
T1,2026-01-31 01:00:00,4.094316009811302,0.0016298298365914356,5.7356298843749585
T1,2026-01-31 01:10:00,3.645004704807212,0.0003592654039588581,4.728741946696546
T1,2026-01-31 01:20:00,5.041570091282884,0.010661235436293454,5.296758182406958
T1,2026-01-31 01:30:00,5.052949761738312,0.010789722232908671,4.978220036016213
T1,2026-01-31 01:40:00,5.717802956119464,0.025844514593162376,6.333845889315636
T1,2026-01-31 01:50:00,5.795310156805663,0.028189470887009738,5.8382921547757585
T1,2026-01-31 02:00:00,4.22663541742485,0.0024424909680238827,5.991312045478151
T1,2026-01-31 02:10:00,4.046441740175909,0.0015318284076574278,5.402384544805563
T1,2026-01-31 02:20:00,5.8673294671095375,0.03060545993340846,6.826968945046248
T1,2026-01-31 02:30:00,5.590437314289296,0.02376654712870415,4.9943762728742565
T1,2026-01-31 02:40:00,4.48170655355802,0.004174785748544847,6.398471699793189
T1,2026-01-31 02:50:00,6.120539243207258,0.03884249536188941,6.369783588945043
T1,2026-01-31 03:00:00,5.6103164558621454,0.02277061212905947,6.4275990461049
T1,2026-01-31 03:10:00,5.022356756938868,0.01123867742987981,5.953444037346664
T1,2026-01-31 03:20:00,7.09605147579852,0.08767263547234679,5.308982752335594
T1,2026-01-31 03:30:00,5.6577592976476145,0.025485870301728938,6.303396497434626
T1,2026-01-31 03:40:00,6.9982828843230225,0.0857181650740733,5.237304973121211
T1,2026-01-31 03:50:00,5.983388516312837,0.0334318011808667,7.90031483535354
T1,2026-01-31 04:00:00,6.411642165639433,0.05149804631996681,4.124821116002265
T1,2026-01-31 04:10:00,6.577629748449876,0.057488637522948985,7.162940286622349
T1,2026-01-31 04:20:00,5.735514219618735,0.027030205963042595,6.169367603109645
T1,2026-01-31 04:30:00,6.96595972691609,0.08314602811042295,6.282683750310459
T1,2026-01-31 04:40:00,6.612751949565341,0.060484015046620716,5.49102334613466
T1,2026-01-31 04:50:00,5.3887230952375536,0.017589863006892196,5.799082306795047
T1,2026-01-31 05:00:00,8.07621555967669,0.16575406166447032,6.471907041052898
T1,2026-01-31 05:10:00,5.071161956431026,0.011343094403662813,5.087068644940291
T1,2026-01-31 05:20:00,7.650423077163556,0.12517140604398114,5.74287151295956
T1,2026-01-31 05:30:00,6.252073110638393,0.04656431357105412,5.419750261011701
T1,2026-01-31 05:40:00,8.23861951532486,0.18753385996576716,6.820306151507781
T1,2026-01-31 05:50:00,9.455808419508653,0.35981319820314944,4.913889158679455
T1,2026-01-31 06:00:00,8.794594011790274,0.24911949055174856,7.229536904821957
T1,2026-01-31 06:10:00,6.398912326662149,0.052500623720378226,5.432640700423621
T1,2026-01-31 06:20:00,7.265310969870784,0.106223811749768,6.449911223977941
T1,2026-01-31 06:30:00,6.584165714992752,0.061420528270465756,6.427343957126903
T1,2026-01-31 06:40:00,8.557789388573097,0.22042593753813935,5.917091211221063
T1,2026-01-31 06:50:00,6.264902088075979,0.04548782712188463,6.530472612036966
T1,2026-01-31 07:00:00,8.845128833889117,0.24665776966749084,6.900512965448627
T1,2026-01-31 07:10:00,7.860332083581601,0.1429954986995262,4.803352033992466
T1,2026-01-31 07:20:00,6.353726291505954,0.0492175046094454,6.604637673478174
T1,2026-01-31 07:30:00,7.854752722729321,0.1491939388178935,7.815542808621353
T1,2026-01-31 07:40:00,8.471042288932537,0.21825663435891818,7.889314001463868
T1,2026-01-31 07:50:00,9.252469769576175,0.30408107844374993,6.289080793565534
T1,2026-01-31 08:00:00,8.649606666540747,0.24206958732905473,5.477999843969842
T1,2026-01-31 08:10:00,7.591358779906006,0.13083590874737955,7.280382137839314
T1,2026-01-31 08:20:00,8.517578882625465,0.2239585888115085,4.734287083618581
T1,2026-01-31 08:30:00,7.572514511996674,0.11842285102726671,5.4468017558685755
T1,2026-01-31 08:40:00,9.974065143991114,0.4540505814811157,4.982522775641484
T1,2026-01-31 08:50:00,8.389983897699706,0.20278372212099816,4.589782664454345
T1,2026-01-31 09:00:00,8.044802894956245,0.1585316863688423,4.471343434102136
T1,2026-01-31 09:10:00,6.812581733197609,0.07419687125740489,5.947833937594319
T1,2026-01-31 09:20:00,7.975773370971116,0.1557173571929818,5.430070882001277
T1,2026-01-31 09:30:00,9.298020458589114,0.3117911986188841,6.045773199605559
T1,2026-01-31 09:40:00,9.78729875376687,0.4089531900014854,5.088541100452182
T1,2026-01-31 09:50:00,9.490062652380336,0.33976284607409457,5.559756004129065
T1,2026-01-31 10:00:00,9.496975709711338,0.34573703010018775,4.97282815621154
T1,2026-01-31 10:10:00,10.379896544285044,0.5459761802475636,5.271705821347155
T1,2026-01-31 10:20:00,8.819103137407806,0.250470620744248,5.933133775392361
T1,2026-01-31 10:30:00,9.192146806149728,0.30639378062030387,7.381530074667548
T1,2026-01-31 10:40:00,11.32140909796618,0.7887880411407104,7.327029751108868
T1,2026-01-31 10:50:00,10.942087565211164,0.6335807751902273,6.422585824544715
T1,2026-01-31 11:00:00,9.33727234255584,0.31656650998597446,5.944141346638507
T1,2026-01-31 11:10:00,11.456904910057204,0.8052543673058015,4.124253424261155
T1,2026-01-31 11:20:00,9.226012068001992,0.30490399938714774,5.582549846362531
T1,2026-01-31 11:30:00,8.908224317688928,0.26534922692596774,5.782351836023193
T1,2026-01-31 11:40:00,9.676499189850585,0.39240946291013956,5.162729167119023
T1,2026-01-31 11:50:00,11.70573190393246,0.8831626762731276,7.059375673914899
T1,2026-01-31 12:00:00,9.073817666331701,0.29071717190146673,7.398887946811051
T1,2026-01-31 12:10:00,8.506056973649713,0.2072878379418709,4.572978903720625
T1,2026-01-31 12:20:00,9.989483807252046,0.4355842043085716,5.838196468873544
T1,2026-01-31 12:30:00,7.031621820659015,0.08586843764000815,6.173012139905503
T1,2026-01-31 12:40:00,9.68214330320704,0.4011414825855566,6.849037404004804
T1,2026-01-31 12:50:00,11.653506188332457,0.8512990518504773,5.221510553242043
T1,2026-01-31 13:00:00,10.492234299084016,0.5360048242786839,5.849304715672263
T1,2026-01-31 13:10:00,10.30087748318314,0.5208010641578101,7.29848644320352
T1,2026-01-31 13:20:00,9.404959481242425,0.33844695062166946,5.473129694397982
T1,2026-01-31 13:30:00,9.539570673093507,0.3480935442860983,5.147770718585801
T1,2026-01-31 13:40:00,9.490083452373597,0.3383973740361284,7.872514290834827
T1,2026-01-31 13:50:00,8.658136785872596,0.2415138396333363,5.014325022841886
T1,2026-01-31 14:00:00,10.062917460443295,0.4359549612061206,5.445358975078912
T1,2026-01-31 14:10:00,8.772920776797442,0.24724181766983003,5.673134581821448
T1,2026-01-31 14:20:00,7.786198814194066,0.13546057565109693,6.169287375710959
T1,2026-01-31 14:30:00,9.801705985247505,0.4219050426711822,6.628425658423698
T1,2026-01-31 14:40:00,9.4726066259255,0.3441809358428928,6.388269876806006
T1,2026-01-31 14:50:00,10.971519900339484,0.6942322451691616,6.049084560009254
T1,2026-01-31 15:00:00,9.078753541183021,0.3036984464094217,6.731509289906954
T1,2026-01-31 15:10:00,8.854870244622804,0.2552105360798282,6.243377612311509
T1,2026-01-31 15:20:00,6.873448459467781,0.0725748914528314,5.569129366622804
T1,2026-01-31 15:30:00,10.627766223543047,0.5481733230446244,4.498350416990387
T1,2026-01-31 15:40:00,7.676139058749858,0.13360410717298393,5.655975977787687
T1,2026-01-31 15:50:00,7.457145308915266,0.11639107571083998,3.829133932630357
T1,2026-01-31 16:00:00,7.965779603143412,0.16364756316625678,6.648387659867919
T1,2026-01-31 16:10:00,8.354703557904429,0.20135693504169658,5.322213942289634
T1,2026-01-31 16:20:00,7.838305835517811,0.14411439937658604,6.747218579871608
T1,2026-01-31 16:30:00,5.647606699812779,0.022970806679660546,5.590523833478919
T1,2026-01-31 16:40:00,9.030840471275217,0.2956221460956479,5.872038450771807
T1,2026-01-31 16:50:00,9.384652012191495,0.32195655425052727,4.87210881342697
T1,2026-01-31 17:00:00,6.732292603214176,0.06787491307148094,6.593231809356449
T1,2026-01-31 17:10:00,7.711809375622191,0.14095096937105178,5.230310190742563
T1,2026-01-31 17:20:00,6.208730000193627,0.04241858521417905,5.031193629141805
T1,2026-01-31 17:30:00,8.230514588732254,0.19435602818782916,6.723045993361115
T1,2026-01-31 17:40:00,6.413409753678757,0.05392279296401137,5.698221698841594
T1,2026-01-31 17:50:00,5.873005629646994,0.030945102921334722,5.80407362291665
T1,2026-01-31 18:00:00,6.809237890181698,0.07241037779951624,5.608994935334072
T1,2026-01-31 18:10:00,7.073165187035896,0.08488802691093224,5.950412051172525
T1,2026-01-31 18:20:00,8.24826528737426,0.18852023103164645,6.8496011102419345
T1,2026-01-31 18:30:00,6.16750255479926,0.04086706810151161,6.379433066733676
T1,2026-01-31 18:40:00,7.493984761117911,0.11256168008071045,5.713425569411122
T1,2026-01-31 18:50:00,8.333314162064275,0.19018521021465273,7.467912159566978
T1,2026-01-31 19:00:00,5.376438471617073,0.018084544382664294,5.2924889118510805
T1,2026-01-31 19:10:00,7.478674951530196,0.12052150512479452,5.917031159780581
T1,2026-01-31 19:20:00,6.949494975356488,0.07910057617368076,6.474404361501928
T1,2026-01-31 19:30:00,6.224806051992014,0.0445075913081504,5.770286270416758
T1,2026-01-31 19:40:00,3.911637208688033,0.001017327823360105,6.803233491095509
T1,2026-01-31 19:50:00,7.192498474767756,0.09477260459491821,5.692829461594233
T1,2026-01-31 20:00:00,7.451908639878024,0.10896437970069967,6.926489357899643
T1,2026-01-31 20:10:00,7.735048592374068,0.13303510167198904,5.71553481573376
T1,2026-01-31 20:20:00,5.2909426163033295,0.01596911611300171,7.477275286239693
T1,2026-01-31 20:30:00,5.575906469425319,0.022725218151618896,6.143040402377163
T1,2026-01-31 20:40:00,4.524670707631202,0.004822501101632667,4.8143879430690895
T1,2026-01-31 20:50:00,4.429167540821499,0.0036756662261638964,5.976139019331601
T1,2026-01-31 21:00:00,5.994943872431804,0.034935373027816435,5.6400810453484675
T1,2026-01-31 21:10:00,4.705928719660916,0.006278485889905569,6.150350322519968
T1,2026-01-31 21:20:00,3.794208141522412,0.0006563672578896849,6.116646408683747
T1,2026-01-31 21:30:00,5.110619247776333,0.012109183111762893,6.0409046686530035
T1,2026-01-31 21:40:00,4.557237288234549,0.0047595951416360876,6.863198639739354
T1,2026-01-31 21:50:00,4.691201310280245,0.006418597832924298,6.387326054136473
T1,2026-01-31 22:00:00,3.930796585442007,0.0011010861310210111,6.0557119381062
T1,2026-01-31 22:10:00,6.064826670903111,0.037708753022800634,5.948273229035466
T1,2026-01-31 22:20:00,4.506060704362575,0.004418201194558627,6.924942090883226
T1,2026-01-31 22:30:00,5.417818088438897,0.019209907170204727,6.2422379147814215
T1,2026-01-31 22:40:00,6.239327099488225,0.04521101235769304,7.469653345837447
T1,2026-01-31 22:50:00,4.469520744885139,0.0040474113255040585,5.371937986794004
T1,2026-01-31 23:00:00,4.709371498885706,0.006201393005129257,4.883153976777873
T1,2026-01-31 23:10:00,5.567430046141918,0.02107804728938872,5.253228955980281
T1,2026-01-31 23:20:00,5.140586832765624,0.01323703033059286,4.669539374546803
T1,2026-01-31 23:30:00,4.434312386634876,0.00401926700015697,5.7109148586439815
T1,2026-01-31 23:40:00,5.992526911107511,0.03358207380203429,6.568991110695222
T1,2026-01-31 23:50:00,1.6820018587490542,0.0,4.967584814428505
