source_id,timestamp_local,wind_observed,power,temperature_observed
T2,2025-12-22 23:50:00,3.554196446089738,0.000231269559732417,0.7215769991332711
T2,2025-12-23 00:00:00,2.0584494218017526,0.0,0.20704197584441175
T2,2025-12-23 00:10:00,5.226341542355073,0.014197039428499598,-0.970689086813284
T2,2025-12-23 00:20:00,5.402666690626531,0.01850377976089094,2.405343711601667
T2,2025-12-23 00:30:00,4.149763686725949,0.0019478173557391184,2.648235395554232
T2,2025-12-23 00:40:00,4.978766265004128,0.010190243047204884,0.42338357951008315
T2,2025-12-23 00:50:00,6.61173313197334,0.06410045926447809,0.38022079189544966
T2,2025-12-23 01:00:00,5.8581428423563064,0.03138666639197798,0.27179768008199023
T2,2025-12-23 01:10:00,5.464874448096723,0.019990917077801734,2.497752688187653
T2,2025-12-23 01:20:00,5.476067714241763,0.01957735082043993,0.9476272338381875
T2,2025-12-23 01:30:00,3.654020224218951,0.00035673819256867146,0.4798275452512088
T2,2025-12-23 01:40:00,5.89105061041665,0.0319163144239646,1.0334405046413209
T2,2025-12-23 01:50:00,2.804317538244602,0.0,0.26730171485166854
T2,2025-12-23 02:00:00,4.436426315216509,0.003960266983046288,0.5343115068848375
T2,2025-12-23 02:10:00,4.366768776346851,0.003253037508597808,-0.33017735336359766
T2,2025-12-23 02:20:00,2.877897442262308,0.0,1.8513583160105063
T2,2025-12-23 02:30:00,4.884209984870168,0.008384395183854055,2.8841363573720376
T2,2025-12-23 02:40:00,7.0570349841638365,0.08524524222092925,1.1087652493892572
T2,2025-12-23 02:50:00,4.748653852824552,0.006807368728210548,0.13675818942009565
T2,2025-12-23 03:00:00,3.783109038722427,0.0006060728967857288,0.08392461070582835
T2,2025-12-23 03:10:00,5.201760018753126,0.014049347939306976,1.193158929423641
T2,2025-12-23 03:20:00,6.417740155584837,0.05083852587893928,1.9142016763161007
T2,2025-12-23 03:30:00,5.709958166258658,0.02622160595619726,1.7825986451140001
T2,2025-12-23 03:40:00,5.562860049366577,0.020866654155212903,-0.38319576596680394
T2,2025-12-23 03:50:00,3.965684269043807,0.0011877531784322836,0.863170307248558
T2,2025-12-23 04:00:00,6.3512188909465115,0.04879355345010712,0.5730371417348603
T2,2025-12-23 04:10:00,6.428505771052853,0.052354199389809425,0.25544668725336117
T2,2025-12-23 04:20:00,7.552973792508953,0.11814444244043151,0.68560287434432
T2,2025-12-23 04:30:00,7.830155347432418,0.1447027351105369,-0.196876432907509
T2,2025-12-23 04:40:00,6.971249217807087,0.08047603487026032,1.7338264747095706
T2,2025-12-23 04:50:00,4.277335243815981,0.002672759772483235,0.7637343089803482
T2,2025-12-23 05:00:00,4.630480184585376,0.005819084543496248,0.7350121590529051
T2,2025-12-23 05:10:00,5.141326819105471,0.012696450239658149,-0.3688233402727219
T2,2025-12-23 05:20:00,6.919789505171814,0.07506573056131806,-0.03662647301956934
T2,2025-12-23 05:30:00,5.728989196983203,0.025630800968801153,2.1644334545206174
T2,2025-12-23 05:40:00,8.35355583642249,0.19502052273418738,-1.91351505137632
T2,2025-12-23 05:50:00,7.183577844477152,0.09124336488591264,0.0985621519134221
T2,2025-12-23 06:00:00,7.437720874840677,0.11906706305913714,-0.25683320842338286
T2,2025-12-23 06:10:00,8.00965819407153,0.17226442535335257,1.7908370657713648
T2,2025-12-23 06:20:00,7.6261868385826315,0.12666803808088437,2.3995212566224513
T2,2025-12-23 06:30:00,5.633635070326988,0.023809940252563375,0.18011267908636863
T2,2025-12-23 06:40:00,10.376435460063815,0.5468584188298403,1.9917902696585081
T2,2025-12-23 06:50:00,9.296685721639424,0.30908776948394445,-0.9106609584234262
T2,2025-12-23 07:00:00,9.474802018341197,0.3519010767141284,1.1958653305866012
T2,2025-12-23 07:10:00,6.854785339154076,0.0739764367877543,0.3159131943524722
T2,2025-12-23 07:20:00,5.6380530274108445,0.023573670965799202,1.4616842163935093
T2,2025-12-23 07:30:00,6.148746926248229,0.04004955840709686,-0.322591182708619
T2,2025-12-23 07:40:00,6.792389797586855,0.06762677679928622,2.4881978661636763
T2,2025-12-23 07:50:00,9.212938892489595,0.3193891378742411,2.1071402254712774
T2,2025-12-23 08:00:00,9.330383292969602,0.3195174190644307,2.6684656883380136
T2,2025-12-23 08:10:00,10.093320518257778,0.48546581686997464,2.0226391287326124
T2,2025-12-23 08:20:00,11.00488103804114,0.6678326147595884,1.333592104365875
T2,2025-12-23 08:30:00,9.146992702891474,0.313294878391996,-0.3537563214695907
T2,2025-12-23 08:40:00,9.032443214049632,0.28693999909983786,1.0816685539471904
T2,2025-12-23 08:50:00,8.253372720349608,0.1822372725298811,1.08585913309027
T2,2025-12-23 09:00:00,8.364011719176693,0.19905917269258352,0.07043244908225732
T2,2025-12-23 09:10:00,7.453852891628563,0.11896928120367199,0.27626385771087647
T2,2025-12-23 09:20:00,9.52807125993423,0.3748876602620291,0.283912077586844
T2,2025-12-23 09:30:00,9.365188598672816,0.34891851525409845,0.6547462303674173
T2,2025-12-23 09:40:00,8.561642168660692,0.21410624339859807,-0.6109998579606148
T2,2025-12-23 09:50:00,8.135775992870444,0.18477386657132466,1.3316923375722989
T2,2025-12-23 10:00:00,9.713405223484367,0.41208415695862377,1.1320537534762214
T2,2025-12-23 10:10:00,10.784919160705856,0.6212994991326423,-0.9608298054661759
T2,2025-12-23 10:20:00,9.363567211140854,0.3224483600355162,1.4422349309262972
T2,2025-12-23 10:30:00,9.650221684068274,0.384248587042803,1.0670410153445722
T2,2025-12-23 10:40:00,8.691431825400342,0.2510791812220304,1.4777526516123127
T2,2025-12-23 10:50:00,9.08606135695427,0.30467600000152484,0.9788538401111425
T2,2025-12-23 11:00:00,9.035011891075227,0.2756761068298574,0.5593594883735374
T2,2025-12-23 11:10:00,9.098645645297863,0.28464746613805425,1.4918475783857656
T2,2025-12-23 11:20:00,8.745325647799532,0.24457168368812224,1.8065142786117243
T2,2025-12-23 11:30:00,9.954272207220109,0.4517868512217635,-1.049048862506993
T2,2025-12-23 11:40:00,11.050161898731146,0.6759762212301023,0.4538895624790809
T2,2025-12-23 11:50:00,8.361009933101496,0.19125070309041609,0.102100485629819
T2,2025-12-23 12:00:00,11.179048080515507,0.7092467487284217,1.4091262789656933
T2,2025-12-23 12:10:00,9.014017622637454,0.27407002949543896,-0.17987403160834647
T2,2025-12-23 12:20:00,9.049980205386692,0.2822527246246739,-0.7061600650552404
T2,2025-12-23 12:30:00,6.890853084196372,0.07481059290725876,2.7313849412700693
T2,2025-12-23 12:40:00,6.556248539152865,0.0605417133340499,2.633987771808891
T2,2025-12-23 12:50:00,10.323343668074074,0.5187065451968187,3.640074080902944
T2,2025-12-23 13:00:00,8.105514472299268,0.1739110614587715,0.5561833393162359
T2,2025-12-23 13:10:00,10.350662360096019,0.5159207589370259,-0.17132524723419862
T2,2025-12-23 13:20:00,9.409982601881076,0.343874591652652,0.8935354833396669
T2,2025-12-23 13:30:00,9.610266604580913,0.3799895705750476,-0.24532841658744697
T2,2025-12-23 13:40:00,10.865735185626697,0.6035212029623472,1.691625749761931
T2,2025-12-23 13:50:00,9.130700989217752,0.3130833159927433,0.7575962195014155
T2,2025-12-23 14:00:00,5.24573195718016,0.014817384259450983,0.9986234842537608
T2,2025-12-23 14:10:00,7.022128156569684,0.08855311003900311,-1.49333296711478
T2,2025-12-23 14:20:00,10.215038557955687,0.4920576101771825,2.281911334581668
T2,2025-12-23 14:30:00,11.379399681615453,0.7596419720797947,0.4863744164892151
T2,2025-12-23 14:40:00,8.799969822298708,0.24116624435007997,2.2382427490997086
T2,2025-12-23 14:50:00,8.000554546636346,0.1607682990596557,0.9949406805315469
T2,2025-12-23 15:00:00,7.097108611717568,0.0882336230761405,-0.49400586925561396
T2,2025-12-23 15:10:00,9.344240226378766,0.31945765495720213,1.3332700271220308
T2,2025-12-23 15:20:00,6.449504634977657,0.05597811453813807,0.6271705918169908
T2,2025-12-23 15:30:00,7.026930256063151,0.08824191479592786,0.8732197868374202
T2,2025-12-23 15:40:00,8.59706073185878,0.23031361714504753,-0.02106936105249524
T2,2025-12-23 15:50:00,8.465570250796048,0.21357076757920032,1.6246149089326538
T2,2025-12-23 16:00:00,7.939422841062732,0.15933934053699633,-0.1547524206857176
T2,2025-12-23 16:10:00,9.43043617205399,0.35317708007771526,1.369950541656969
T2,2025-12-23 16:20:00,6.5644526363759335,0.060801455599294264,-0.24818977786791563
T2,2025-12-23 16:30:00,6.5277138192904465,0.05491664353576854,1.338193414233221
T2,2025-12-23 16:40:00,7.353020446033086,0.10525235286874832,2.268984609319861
T2,2025-12-23 16:50:00,7.829934065255512,0.14115789363847794,0.7682230358363896
T2,2025-12-23 17:00:00,7.24172843757068,0.10348336617085092,0.34107864252925457
T2,2025-12-23 17:10:00,9.932331190796974,0.4156485840766711,1.3015022682987607
T2,2025-12-23 17:20:00,6.709470530003726,0.06898567293242501,2.9582831305085264
T2,2025-12-23 17:30:00,8.088728763727906,0.1751024260423563,1.8279367731434926
T2,2025-12-23 17:40:00,6.514211102287915,0.0550529096935393,0.5518808654236711
T2,2025-12-23 17:50:00,7.493889382594539,0.11861056214349391,0.9503423095927723
T2,2025-12-23 18:00:00,6.468532152152931,0.057233979867928324,0.6097437767037207
T2,2025-12-23 18:10:00,6.419319817743796,0.05164672835811515,1.6898337707032254
T2,2025-12-23 18:20:00,8.730503419680177,0.2529572478869566,0.6966211125862527
T2,2025-12-23 18:30:00,6.269250025508751,0.04616999703228235,2.3417595075461732
T2,2025-12-23 18:40:00,8.626444678953531,0.22421968430091072,0.7949059352641081
T2,2025-12-23 18:50:00,5.571467862029824,0.02302212055122878,-0.2195789143009601
T2,2025-12-23 19:00:00,5.790397389975866,0.02744831075060359,2.739011601236803
T2,2025-12-23 19:10:00,7.579568054601779,0.13123683236779393,1.9328931982957502
T2,2025-12-23 19:20:00,3.1693543655309555,6.213239241688338e-06,0.7120482907615204
T2,2025-12-23 19:30:00,4.034665585737477,0.0014033919290119428,0.5220168320939653
T2,2025-12-23 19:40:00,5.965019026694352,0.032400078264306575,2.2074566427031472
T2,2025-12-23 19:50:00,6.417911540393362,0.05033436093236601,0.46822586121360793
T2,2025-12-23 20:00:00,6.437449337182401,0.0536659213979516,2.17759924443856
T2,2025-12-23 20:10:00,5.265512923202982,0.015845379301278315,1.5634165251713976
T2,2025-12-23 20:20:00,3.8317132475261646,0.0007273900937775971,2.413746568872719
T2,2025-12-23 20:30:00,6.479424698100173,0.05477604818002318,-0.47162807101071613
T2,2025-12-23 20:40:00,5.9286430844838485,0.03250343615050329,2.38614505372733
T2,2025-12-23 20:50:00,3.9414001158804655,0.0010997253625905472,0.1747872055538222
T2,2025-12-23 21:00:00,5.3356247710456595,0.015978467424627645,0.6270528721291302
T2,2025-12-23 21:10:00,7.342303650372777,0.10821819731699113,0.2539511902316808
T2,2025-12-23 21:20:00,5.233500628786463,0.013830262485182038,0.6804561021154778
T2,2025-12-23 21:30:00,3.572949646696027,0.00025738938227531255,0.14679853219153916
T2,2025-12-23 21:40:00,4.432466471109622,0.004025401282854914,0.6561107431526261
T2,2025-12-23 21:50:00,4.442258548639116,0.003997383486343613,-0.5517658199513962
T2,2025-12-23 22:00:00,5.247466231982275,0.014094478242891235,1.4343808264629463
T2,2025-12-23 22:10:00,5.878918380168832,0.03238719544812083,0.3317336546563425
T2,2025-12-23 22:20:00,3.594013194663275,0.00026314447588702476,1.5830731013729213
T2,2025-12-23 22:30:00,3.894557708304173,0.0009438661440483202,0.5082371378942729
T2,2025-12-23 22:40:00,5.887623857075298,0.029841840977710934,-0.13023395658926296
T2,2025-12-23 22:50:00,5.512609506236677,0.021261932700136994,0.18764515560682493
T2,2025-12-23 23:00:00,6.23259640070482,0.042970192387312874,0.968398848399589
T2,2025-12-23 23:10:00,2.776003018531543,0.0,-0.22566081631309887
T2,2025-12-23 23:20:00,3.3681430134271837,6.434760504408773e-05,0.09783505729644404
T2,2025-12-23 23:30:00,5.742473366961974,0.025799813854090182,1.9507424306239782
T2,2025-12-23 23:40:00,3.346769166934142,5.648244577953834e-05,1.914153209244972
T2,2025-12-23 23:50:00,4.893614941447873,0.00912667133737971,0.7727087910153791
T2,2025-12-24 00:00:00,4.429525438110775,0.0038053168718283088,2.3831103017348827
T2,2025-12-24 00:10:00,3.5873307239697834,0.0002619889557473942,0.5632150296844395
T2,2025-12-24 00:20:00,6.293834836847655,0.04863686712575279,1.1640046418221117
T2,2025-12-24 00:30:00,4.4992310810587615,0.0042317017583512586,0.8980483771858042
T2,2025-12-24 00:40:00,3.9147274841207107,0.0010086268667124966,1.8805426195899342
T2,2025-12-24 00:50:00,4.3599858083960745,0.003141751258364576,1.1399439225556507
T2,2025-12-24 01:00:00,4.8836057104193475,0.00867290969785448,1.8172577156280214
T2,2025-12-24 01:10:00,2.6885111572509808,0.0,-0.5094962901369995
T2,2025-12-24 01:20:00,3.591837666862876,0.00026644989721060695,1.0473769578518062
T2,2025-12-24 01:30:00,3.122595295507616,2.401871725206802e-06,2.9698470965843384
T2,2025-12-24 01:40:00,2.160948762262767,0.0,0.4290750693314058
T2,2025-12-24 01:50:00,5.971238409638608,0.033025463030610325,2.0616286282969507
T2,2025-12-24 02:00:00,6.581592700144103,0.05827113425632351,0.44567631256589735
T2,2025-12-24 02:10:00,6.339083609817121,0.04903110602533693,1.5148455794273152
T2,2025-12-24 02:20:00,2.785564552773011,0.0,1.1080625677261453
T2,2025-12-24 02:30:00,5.499077102227148,0.02138976789301126,0.31362805188622633
T2,2025-12-24 02:40:00,5.9098412701283225,0.03227312230864664,2.4394891527833016
T2,2025-12-24 02:50:00,4.455955055749328,0.004102176738859924,0.3136132216854399
T2,2025-12-24 03:00:00,6.224847610505667,0.04231898344806432,2.957566809813726
T2,2025-12-24 03:10:00,3.9436012714783817,0.0010811973069377342,-0.010570849596492016
T2,2025-12-24 03:20:00,4.076525621064546,0.0016282587367562004,0.3426836273139652
T2,2025-12-24 03:30:00,4.455857970050738,0.004000220046510416,0.3175317837110956
T2,2025-12-24 03:40:00,4.680456783274702,0.006324349055130329,0.19540637390162463
T2,2025-12-24 03:50:00,4.421013688171345,0.003619847748481958,0.8347907759822468
T2,2025-12-24 04:00:00,6.916789195812582,0.0783370163646211,2.0806325213244996
T2,2025-12-24 04:10:00,4.53440407575574,0.004883179578851112,1.5819746042365015
T2,2025-12-24 04:20:00,5.370808868561134,0.01721404280478693,1.3607555202159511
T2,2025-12-24 04:30:00,5.2605569499707565,0.015188826779305869,1.104155853226315
T2,2025-12-24 04:40:00,8.82039050803663,0.26277412616587675,1.4004529961860155
T2,2025-12-24 04:50:00,5.147775587465709,0.012649291406720733,-1.1899955383125678
T2,2025-12-24 05:00:00,6.921815795835665,0.07813632953287435,1.5548984788351694
T2,2025-12-24 05:10:00,8.667065220027736,0.23201862562031575,-0.5879386755619649
T2,2025-12-24 05:20:00,5.118728807462036,0.012550251472659205,0.2905243414791038
T2,2025-12-24 05:30:00,5.65588687624252,0.025263565982243764,1.4284044008813628
T2,2025-12-24 05:40:00,6.3745224858378995,0.04944297516634407,0.13961080106301105
T2,2025-12-24 05:50:00,5.274361154783789,0.015450106584447626,1.7034953681465193
T2,2025-12-24 06:00:00,8.483834689437144,0.2152381520480806,1.2968333454942327
T2,2025-12-24 06:10:00,6.526365715915338,0.059158281581412946,0.9987592497503133
T2,2025-12-24 06:20:00,8.490294433172258,0.21002098048890824,0.6709676529053435
T2,2025-12-24 06:30:00,7.967577968336798,0.16247226388295494,3.920045035579367
T2,2025-12-24 06:40:00,7.455269166179059,0.1210968076366716,0.6203214198521126
T2,2025-12-24 06:50:00,8.698578885618666,0.24098840880731806,2.24590953670676
T2,2025-12-24 07:00:00,7.275141236854551,0.10428071024892616,2.0417728356225764
T2,2025-12-24 07:10:00,9.02504801128087,0.2845324728569009,2.3970304740165096
T2,2025-12-24 07:20:00,6.261472464567765,0.044768311057113735,2.252710734777863
T2,2025-12-24 07:30:00,7.051295165295202,0.08904558627109947,0.11599996245305455
T2,2025-12-24 07:40:00,9.513263808475942,0.36680906364289256,1.4538030376409634
T2,2025-12-24 07:50:00,5.615562248536405,0.023139836579802103,1.3085970759359944
T2,2025-12-24 08:00:00,8.82158224061665,0.2556432821826915,2.8133748828268708
T2,2025-12-24 08:10:00,7.843207152361687,0.14047210953006126,-1.2241018812469313
T2,2025-12-24 08:20:00,7.771042729893832,0.14299054540031636,0.8537580145705854
T2,2025-12-24 08:30:00,7.675912020689841,0.13108175632008867,0.07659864340738098
T2,2025-12-24 08:40:00,10.15588213713932,0.45821264345756707,0.3262401096647215
T2,2025-12-24 08:50:00,6.8434943593425785,0.07743295990440842,0.7628124837052415
T2,2025-12-24 09:00:00,9.769986558364128,0.4042883395390825,2.224043712049797
T2,2025-12-24 09:10:00,9.41577758383875,0.3289929586221146,1.0903130189852546
T2,2025-12-24 09:20:00,8.399398247514284,0.2007980005296561,1.675546224397997
T2,2025-12-24 09:30:00,8.876899175615893,0.25888898503160546,0.377248697053156
T2,2025-12-24 09:40:00,9.896261999427283,0.42428424065158427,1.4510383520811279
T2,2025-12-24 09:50:00,8.391079610226477,0.19747681424945854,0.31860886639873987
T2,2025-12-24 10:00:00,7.339097945882965,0.10497297399806978,1.9582762411614143
T2,2025-12-24 10:10:00,9.555948916823581,0.35375084297828047,2.0825928441973853
T2,2025-12-24 10:20:00,8.24976091634618,0.18383764102992883,1.0641673868203128
T2,2025-12-24 10:30:00,8.814003141011035,0.2558215273111751,1.5135605866203066
T2,2025-12-24 10:40:00,9.412232654385214,0.35075924122629376,3.503195684368645
T2,2025-12-24 10:50:00,10.26900151917216,0.4844604110636477,-0.5168544353144879
T2,2025-12-24 11:00:00,11.594814085205,0.8685271479072237,0.2382712774120369
T2,2025-12-24 11:10:00,9.851805830960902,0.4019220636459777,1.0417496517019527
T2,2025-12-24 11:20:00,9.60016921319465,0.35842232457180206,-0.861114191827975
T2,2025-12-24 11:30:00,10.462019996114908,0.5555908317282564,0.6525128692867406
T2,2025-12-24 11:40:00,9.833400746291513,0.42139349724519076,1.5773533492915766
T2,2025-12-24 11:50:00,7.468196071848956,0.11094973477390847,0.4656919549837558
T2,2025-12-24 12:00:00,8.776592157730324,0.2466119905356072,2.9170869887654858
T2,2025-12-24 12:10:00,8.010006762398996,0.15715733917038902,0.2790970021919362
T2,2025-12-24 12:20:00,10.326424026838236,0.5108391551169698,-0.12663072755437055
T2,2025-12-24 12:30:00,11.00666394801046,0.6742278309093241,1.2913265279735129
T2,2025-12-24 12:40:00,9.889469663436733,0.4426620542257579,1.3728649153040242
T2,2025-12-24 12:50:00,8.202893303247233,0.18851480096523374,0.8026413869076543
T2,2025-12-24 13:00:00,10.376209746241289,0.5355799456604423,1.7150079379562113
T2,2025-12-24 13:10:00,8.228024630033262,0.1835375279103801,1.386054374991684
T2,2025-12-24 13:20:00,9.653225506490438,0.3664772916721667,0.19808558787975805
T2,2025-12-24 13:30:00,7.8698624337149345,0.14814606716192158,2.4184817991447076
T2,2025-12-24 13:40:00,7.601228040760762,0.12071101527336565,0.9294422259604689
T2,2025-12-24 13:50:00,7.5321950784008544,0.1255008538016771,1.260996065636345
T2,2025-12-24 14:00:00,9.185800936533022,0.30615056724702755,0.5742612208355304
T2,2025-12-24 14:10:00,8.31425924475442,0.20456826494278937,1.74702339802352
T2,2025-12-24 14:20:00,9.571594643768236,0.3730315697279954,0.27412302199196337
T2,2025-12-24 14:30:00,7.424174455433303,0.11189983303891346,2.837908362895176
T2,2025-12-24 14:40:00,9.503417325122264,0.3577830916714242,0.6158647493398558
T2,2025-12-24 14:50:00,8.100116111897512,0.1637802157703727,4.433180097881757
T2,2025-12-24 15:00:00,10.270869623072345,0.4877922802072306,0.6291548649814445
T2,2025-12-24 15:10:00,9.912660554952769,0.4362419275676729,1.4316072893761698
T2,2025-12-24 15:20:00,8.347459149704477,0.19506343119491087,1.2528367079130567
T2,2025-12-24 15:30:00,8.6518404708911,0.23773178388453808,1.426365511781884
T2,2025-12-24 15:40:00,8.726260537378407,0.25524080819597245,0.4199231894334695
T2,2025-12-24 15:50:00,8.899757246347185,0.2698109910105692,-0.7998135325358053
T2,2025-12-24 16:00:00,7.920927736090823,0.15827578128393088,0.24639381934163884
T2,2025-12-24 16:10:00,9.469148959932411,0.3351954055378749,0.9484723082277962
T2,2025-12-24 16:20:00,7.4464063445625355,0.11642511030845897,0.5297010459531395
T2,2025-12-24 16:30:00,5.646546782807677,0.02401804700390342,0.5820622682624028
T2,2025-12-24 16:40:00,8.150682604562727,0.17546549409641388,0.7002038608014274
T2,2025-12-24 16:50:00,7.621694538977486,0.12329627966606624,0.676377109401918
T2,2025-12-24 17:00:00,8.645950412531445,0.22469363936680478,1.2921183791659945
T2,2025-12-24 17:10:00,8.256294758902166,0.17982572760389356,-0.4770115424934076
T2,2025-12-24 17:20:00,7.58950351400179,0.1299316121420182,0.2732914174432247
T2,2025-12-24 17:30:00,7.4550591522960366,0.11648475753605084,-0.743166263262935
T2,2025-12-24 17:40:00,7.369948776837605,0.11057286462229404,0.05567823574577302
T2,2025-12-24 17:50:00,6.317922332548034,0.04908726822710116,1.4689041396297982
T2,2025-12-24 18:00:00,5.539069495740193,0.021429418976346946,0.8797639258120677
T2,2025-12-24 18:10:00,5.905846974643362,0.03236266988944641,-0.24070506242901457
T2,2025-12-24 18:20:00,6.672522064592904,0.06261365124104484,-0.042087562704351544
T2,2025-12-24 18:30:00,3.955249520363544,0.0010784635773824428,0.01923458938313738
T2,2025-12-24 18:40:00,6.043014198038573,0.034803775101584715,-0.3038484884444983
T2,2025-12-24 18:50:00,5.280568337839119,0.015670753045635675,1.5493127141182168
T2,2025-12-24 19:00:00,6.247143736522655,0.04541448216517213,1.9563955977330285
T2,2025-12-24 19:10:00,5.272102808324346,0.01562891976254938,0.12354873848540726
T2,2025-12-24 19:20:00,6.219697569270256,0.04173849786660658,1.9278573763189517
T2,2025-12-24 19:30:00,5.769505350589394,0.02859236876078135,1.120054983244484
T2,2025-12-24 19:40:00,7.498746345405967,0.11639703734796619,0.8846240142919817
T2,2025-12-24 19:50:00,5.43373412757374,0.01824378362471429,2.2216834049261966
T2,2025-12-24 20:00:00,5.457763512945608,0.019829963210112395,2.257086057839251
T2,2025-12-24 20:10:00,5.6876463799169485,0.025198457404637293,-1.289635826912695
T2,2025-12-24 20:20:00,3.3845962558368465,7.097801738683544e-05,2.543812441210709
T2,2025-12-24 20:30:00,4.191479856610223,0.002214511038984581,0.9652163572469812
T2,2025-12-24 20:40:00,7.1165168834505605,0.09493091070991488,-0.07789572060751726
T2,2025-12-24 20:50:00,5.93082046919371,0.03439294562945739,2.2215015414397112
T2,2025-12-24 21:00:00,5.333368742657418,0.01592820405501823,0.8031948867746982
T2,2025-12-24 21:10:00,6.454653676520745,0.05132897571532266,1.0311947900344534
T2,2025-12-24 21:20:00,4.868596050527422,0.00861961731818871,0.9057968082352355
T2,2025-12-24 21:30:00,4.71763426746391,0.0067187494913523845,0.9780148695605814
T2,2025-12-24 21:40:00,4.588921190400946,0.005132997969997565,0.462294912099133
T2,2025-12-24 21:50:00,2.760409897401759,0.0,1.211649724457525
T2,2025-12-24 22:00:00,5.961837294586206,0.03534406089338218,1.3442401165146936
T2,2025-12-24 22:10:00,4.555459372406489,0.004899251485725712,2.4238526863794685
T2,2025-12-24 22:20:00,4.621300384703919,0.005420575876368497,1.8305473354087343
T2,2025-12-24 22:30:00,4.2892300632689615,0.0028396953947437834,2.1269937151389158
T2,2025-12-24 22:40:00,3.8888105555783126,0.0008901857142304237,1.505530674336606
T2,2025-12-24 22:50:00,1.9047856426630179,0.0,1.5700905710463298
T2,2025-12-24 23:00:00,4.766546901054106,0.007015462388892926,1.1828714679955865
T2,2025-12-24 23:10:00,7.176480157493288,0.09860372278781605,1.902250117630069
T2,2025-12-24 23:20:00,5.723778366234454,0.027408757428829412,-0.6823811388306853
T2,2025-12-24 23:30:00,4.175585791998077,0.0021795451081328262,1.0724269166368217
T2,2025-12-24 23:40:00,3.3998811607603012,7.916248166839678e-05,2.7109212632215436
T2,2025-12-24 23:50:00,4.533203687321054,0.004735146184994758,2.8475383911928303
T2,2025-12-25 00:00:00,4.945079886456316,0.00925939189668401,2.167593166828939
T2,2025-12-25 00:10:00,4.3579931048130325,0.003384868784124442,1.3691867485233118
T2,2025-12-25 00:20:00,5.510377234462223,0.020799903427130156,2.015864067850816
T2,2025-12-25 00:30:00,3.377605394609912,6.887337055895197e-05,0.4556005694478351
T2,2025-12-25 00:40:00,5.81919245975422,0.030577936734294712,-0.509458013260998
T2,2025-12-25 00:50:00,4.745412203832298,0.0070571972634097604,1.5970670030059266
T2,2025-12-25 01:00:00,3.926171244407615,0.0010452837838475695,0.7794806719316985
T2,2025-12-25 01:10:00,4.275309966633379,0.0027983788201576677,0.9563966343920165
T2,2025-12-25 01:20:00,5.067575827914883,0.011553936988201962,0.806395102530181
T2,2025-12-25 01:30:00,5.605060074565369,0.02393011283125166,1.4791303434569099
T2,2025-12-25 01:40:00,4.821162545093301,0.008138097579821549,2.3453507031327083
T2,2025-12-25 01:50:00,5.480730400982202,0.01917177439518075,1.6943155230182232
T2,2025-12-25 02:00:00,7.719166770349915,0.13650372181147805,2.4954469411037654
T2,2025-12-25 02:10:00,2.9248396500529137,0.0,1.0170832986834133
T2,2025-12-25 02:20:00,2.545691319077723,0.0,0.6011432085548322
T2,2025-12-25 02:30:00,5.123101401627781,0.012843106226927577,1.4131528561571556
T2,2025-12-25 02:40:00,3.9235798636277224,0.0010532667846541086,2.650641193910518
T2,2025-12-25 02:50:00,5.292438215128064,0.015194932892252117,3.11876097645929
T2,2025-12-25 03:00:00,3.2997340426900585,3.469560659508653e-05,1.4574503635618654
T2,2025-12-25 03:10:00,5.470528001209995,0.020281356743169717,0.9076752904339251
T2,2025-12-25 03:20:00,6.96607245461959,0.08464843077291347,1.9315808183232774
T2,2025-12-25 03:30:00,6.8082684374581435,0.07135871081561719,0.4494180322993464
T2,2025-12-25 03:40:00,4.2484586239488005,0.0024171332157214595,2.2638130013002815
T2,2025-12-25 03:50:00,5.285294071181057,0.016369869853633673,1.6742250734370647
T2,2025-12-25 04:00:00,6.812201139555469,0.06845421295018943,1.3878179014512921
T2,2025-12-25 04:10:00,8.035078069431272,0.16095320118207498,0.5853244771986348
T2,2025-12-25 04:20:00,4.799724188305392,0.007686775820045747,2.9396389501709557
T2,2025-12-25 04:30:00,5.018428103710371,0.0104430183383677,1.2880147478396333
T2,2025-12-25 04:40:00,7.486116433852878,0.11277181027745216,0.97479040130033
T2,2025-12-25 04:50:00,5.817165020967557,0.027707274935236635,3.216903505380979
T2,2025-12-25 05:00:00,5.120878008668511,0.0126634905160204,1.5903447320279978
T2,2025-12-25 05:10:00,7.720303270455244,0.13418050614690163,2.775194782365822
T2,2025-12-25 05:20:00,4.5498320955961145,0.004662636995016535,1.3942703710159872
T2,2025-12-25 05:30:00,5.852933390949374,0.03074708246109198,-1.077355209994867
T2,2025-12-25 05:40:00,7.941715632090427,0.15348337967162828,1.0555011816595676
T2,2025-12-25 05:50:00,6.136958157286591,0.04234033620258337,0.2685165413584012
T2,2025-12-25 06:00:00,7.9164823174990655,0.16049135127027012,0.9039520825617361
T2,2025-12-25 06:10:00,5.637054491837369,0.022877824373900364,0.707348570175591
T2,2025-12-25 06:20:00,8.148327709133659,0.1855684915126824,0.9386607018245322
T2,2025-12-25 06:30:00,7.892839952701168,0.15472150114000655,3.0162356990522317
T2,2025-12-25 06:40:00,9.378925587406854,0.35460251259678705,1.8926043217801225
T2,2025-12-25 06:50:00,7.246041104308813,0.10104862785954889,2.156616865871486
T2,2025-12-25 07:00:00,7.223869661354229,0.09528271167876486,0.9197571716892964
T2,2025-12-25 07:10:00,7.63677372824154,0.13476055009606752,0.5300432021201857
T2,2025-12-25 07:20:00,9.1121276067926,0.31034387738167896,1.1144905442159636
T2,2025-12-25 07:30:00,7.065496903886438,0.09176934313231883,0.9124217463507287
T2,2025-12-25 07:40:00,7.885990062779647,0.14715252484158425,1.218309411762056
T2,2025-12-25 07:50:00,10.49394109390899,0.5757995486511975,0.9014034198183463
T2,2025-12-25 08:00:00,9.186329505396214,0.2969532351363777,-0.4730309305881468
T2,2025-12-25 08:10:00,9.212388350853086,0.3273915077938988,0.9614575037893491
T2,2025-12-25 08:20:00,7.808630756754942,0.14199821296243142,-0.34085203202457914
T2,2025-12-25 08:30:00,9.555157997816838,0.37507231478396214,1.3820261994670713
T2,2025-12-25 08:40:00,7.209379168716294,0.092706710859729,1.952782927634998
T2,2025-12-25 08:50:00,6.8986284006920995,0.08071366606993602,2.08671764099825
T2,2025-12-25 09:00:00,7.636896890884959,0.12309426301840998,1.180068326816057
T2,2025-12-25 09:10:00,10.544471173916316,0.5638241728690572,0.4424984824488153
T2,2025-12-25 09:20:00,9.115847386472709,0.3120265437562947,1.1236232840996534
T2,2025-12-25 09:30:00,7.862503792152115,0.1512994749141773,0.34518834957782196
T2,2025-12-25 09:40:00,8.61806035115666,0.23258122884049093,3.8395170004783186
T2,2025-12-25 09:50:00,9.64941089703799,0.37745121624144606,0.2992524414420643
T2,2025-12-25 10:00:00,10.582926971975509,0.5846543541956724,0.7080507232227393
T2,2025-12-25 10:10:00,7.257402676193172,0.0969605655582053,1.529869574776705
T2,2025-12-25 10:20:00,10.870146414718631,0.6199508762992495,0.7445171936824257
T2,2025-12-25 10:30:00,10.42733262546542,0.5236761012086656,1.2513312297617616
T2,2025-12-25 10:40:00,8.512094065752763,0.22160090720795184,1.189675282960387
T2,2025-12-25 10:50:00,8.905088379889813,0.2717865610835583,1.520179316464393
T2,2025-12-25 11:00:00,10.003453855907992,0.45207294586123087,1.9943977320402224
T2,2025-12-25 11:10:00,9.096881552065916,0.2875251805945377,1.3041535591952003
T2,2025-12-25 11:20:00,9.626955973555537,0.39024190372022804,0.3159400436177372
T2,2025-12-25 11:30:00,8.206483958058561,0.18606528394090363,0.2962399950655793
T2,2025-12-25 11:40:00,7.303145325236596,0.099933163670257,0.7327237754216049
T2,2025-12-25 11:50:00,12.412113754290617,0.9692788532044949,1.174489176929774
T2,2025-12-25 12:00:00,9.70474356756695,0.39022509809168304,-0.01766007780660428
T2,2025-12-25 12:10:00,9.76696354558975,0.4040100721293002,0.8443831848412281
T2,2025-12-25 12:20:00,10.101049691414254,0.47741917063954226,-0.4565055701422198
T2,2025-12-25 12:30:00,11.081187103356912,0.6933808496491773,0.4983039845217073
T2,2025-12-25 12:40:00,10.576735175194516,0.5756356468171274,1.526437317006537
T2,2025-12-25 12:50:00,8.206651100012174,0.18345731079907251,2.4049497313846717
T2,2025-12-25 13:00:00,9.279200435474817,0.32268503265856063,-0.5038509514625422
T2,2025-12-25 13:10:00,9.46735696964482,0.3682174618047935,0.8076261898266593
T2,2025-12-25 13:20:00,10.263365002885495,0.5061164813072074,-0.41618005578417216
T2,2025-12-25 13:30:00,8.589234231779693,0.22110374213180076,0.7709601056460067
T2,2025-12-25 13:40:00,9.723396292888893,0.3944878878259149,3.0783379594042124
T2,2025-12-25 13:50:00,9.487701846768097,0.3689036749487931,0.49923042385745964
T2,2025-12-25 14:00:00,10.820426581762709,0.6251883387342781,0.8430631083790694
T2,2025-12-25 14:10:00,5.977770917917859,0.03559500017498054,1.5663738954453112
T2,2025-12-25 14:20:00,9.143384752140955,0.303307665269482,0.48184537317846576
T2,2025-12-25 14:30:00,9.390410851655883,0.3426862791163441,0.7432492515350435
T2,2025-12-25 14:40:00,9.724592461627477,0.40997253859859645,1.9241997536425495
T2,2025-12-25 14:50:00,8.832885344054619,0.2621249022758599,0.28845772811233183
T2,2025-12-25 15:00:00,7.773437751901135,0.1487209316921811,2.3984979273582088
T2,2025-12-25 15:10:00,9.49219125144526,0.3733365549211922,2.1703351273799325
T2,2025-12-25 15:20:00,9.049442380378768,0.28756599428574203,0.055598297872621716
T2,2025-12-25 15:30:00,7.512616564291797,0.12266965985524465,1.8470726718160893
T2,2025-12-25 15:40:00,6.800584066412571,0.07230573377681551,3.2578746212962235
T2,2025-12-25 15:50:00,9.012588517127067,0.2826645093355962,2.3918013578279176
T2,2025-12-25 16:00:00,7.209181092321474,0.09610544545989463,1.6641848308920424
T2,2025-12-25 16:10:00,8.93422297567167,0.2700613569673919,-0.872493840146783
T2,2025-12-25 16:20:00,9.875531965454934,0.4396148668451783,2.064325463743242
T2,2025-12-25 16:30:00,8.204001593196205,0.1901214645612295,0.4372140280303789
T2,2025-12-25 16:40:00,8.129559122197334,0.17102410727626474,0.3473281536048193
T2,2025-12-25 16:50:00,7.902207323856692,0.1504128684730078,-0.6068302275877069
T2,2025-12-25 17:00:00,9.31020158801093,0.31276274311991803,1.764072665269138
T2,2025-12-25 17:10:00,9.22458763511285,0.3308197078177618,0.0035845272357064584
T2,2025-12-25 17:20:00,7.535271474273191,0.12443031736316466,2.6486174724119147
T2,2025-12-25 17:30:00,8.217222448544524,0.19221294180907295,0.6280516908846673
T2,2025-12-25 17:40:00,7.271834128418341,0.09631047004010787,-0.38648132651974354
T2,2025-12-25 17:50:00,6.512691537433313,0.05734426330498061,2.0601800414355713
T2,2025-12-25 18:00:00,7.921810893498833,0.161056942202892,1.3824242488861542
T2,2025-12-25 18:10:00,6.784438459637151,0.06914325415549342,1.6220198061470519
T2,2025-12-25 18:20:00,5.762157218645853,0.027215395265975748,-0.07327781414762713
T2,2025-12-25 18:30:00,4.87605319572301,0.0081576026114846,2.0569469626502648
T2,2025-12-25 18:40:00,7.756411350342273,0.13292740526861355,2.7329716390733942
T2,2025-12-25 18:50:00,5.302228844371342,0.015495824638404973,-0.8858458374958358
T2,2025-12-25 19:00:00,5.0202840663658534,0.010774909183013433,1.3583798956466022
T2,2025-12-25 19:10:00,5.931947383530289,0.031610400345318763,0.3371535012016258
T2,2025-12-25 19:20:00,7.0322904766899095,0.08388986624747082,2.8285935248894614
T2,2025-12-25 19:30:00,3.9704727306384116,0.001202022194649526,2.9710047862269926
T2,2025-12-25 19:40:00,6.707575112459475,0.06807072773467962,1.2741083802409825
T2,2025-12-25 19:50:00,6.315595235006071,0.04715252232120824,0.93741553133124
T2,2025-12-25 20:00:00,4.290924313020196,0.0029124193266232092,3.094736544838123
T2,2025-12-25 20:10:00,4.2897080612506,0.0027008331118951044,1.2821739580101492
T2,2025-12-25 20:20:00,5.356708108199227,0.01705075842501273,1.4718254283867702
T2,2025-12-25 20:30:00,7.7987625296613725,0.14548115055424107,0.36763101582108415
T2,2025-12-25 20:40:00,5.092099902839678,0.011630195319355033,1.6041444567608436
T2,2025-12-25 20:50:00,6.614294115557895,0.06295925790842369,0.46169057087427734
T2,2025-12-25 21:00:00,6.364749862707683,0.04935866265721494,2.393904327548628
T2,2025-12-25 21:10:00,3.2520310182935512,2.1667411137096892e-05,1.2355129685090669
T2,2025-12-25 21:20:00,5.083315579894587,0.011601448290110176,1.0540040820820316
T2,2025-12-25 21:30:00,6.201091010888584,0.04082356245488865,1.660470138989769
T2,2025-12-25 21:40:00,4.35571802782494,0.0032422202062300626,2.4006267347112775
T2,2025-12-25 21:50:00,6.3579296207830645,0.04709988942617137,-0.2246921339214547
T2,2025-12-25 22:00:00,3.541984515405476,0.00019852338360213428,0.03149207936205123
T2,2025-12-25 22:10:00,3.0194789838658656,9.215698200990403e-09,1.18295887155141
T2,2025-12-25 22:20:00,4.2083187581885095,0.0024018626195741444,3.1348156075048004
T2,2025-12-25 22:30:00,5.480845488434939,0.020037895725072048,0.2549607431242389
T2,2025-12-25 22:40:00,4.190640350364591,0.002313063332210229,0.5068974275734278
T2,2025-12-25 22:50:00,5.725515498115483,0.02513950426206151,1.4826407673765747
T2,2025-12-25 23:00:00,2.735827407983771,0.0,1.0510801435333383
T2,2025-12-25 23:10:00,3.8658076449668712,0.000802250392057221,0.4793187354343521
T2,2025-12-25 23:20:00,6.184917825684068,0.043587149859233044,0.9216043898081521
T2,2025-12-25 23:30:00,1.5797655765308698,0.0,1.7623159477613455
T2,2025-12-25 23:40:00,4.886246922042356,0.008901211100910043,-0.7055632648543686
T2,2025-12-25 23:50:00,3.4403533286006005,0.00010688731892975504,1.0006508481087208
T2,2025-12-26 00:00:00,3.6125061076217797,0.00028716504252245163,2.001207800877321
T2,2025-12-26 00:10:00,4.115347310706053,0.0018148374315608827,0.23792152062219185
T2,2025-12-26 00:20:00,2.7514134137509156,0.0,0.6141956325042934
T2,2025-12-26 00:30:00,5.640060654349645,0.02422980204491844,1.7632714864441736
T2,2025-12-26 00:40:00,5.243350096750637,0.0141757436993373,0.6898548374797099
T2,2025-12-26 00:50:00,6.0288709919618375,0.03808636640235568,0.9283072477667027
T2,2025-12-26 01:00:00,4.787852617429622,0.0071986001733761445,0.8010039813851355
T2,2025-12-26 01:10:00,3.487795179582724,0.00015003549456163359,2.186061428735997
T2,2025-12-26 01:20:00,5.434492213812541,0.017960024515394003,0.11221364065235995
T2,2025-12-26 01:30:00,3.0889443327452657,8.703209761478089e-07,1.6578675405073984
T2,2025-12-26 01:40:00,3.639208525173748,0.0003356943631681136,1.200540997013552
T2,2025-12-26 01:50:00,7.308114240545768,0.1021787573822253,1.4015503307024608
T2,2025-12-26 02:00:00,6.133268155390544,0.041194272369648004,1.6653281191288434
T2,2025-12-26 02:10:00,5.430415923510991,0.01919821590857378,0.11511676996201792
T2,2025-12-26 02:20:00,6.740268903488813,0.06690166598584803,2.814257547543389
T2,2025-12-26 02:30:00,4.676483757414757,0.006389940707520664,1.6249208943293079
T2,2025-12-26 02:40:00,5.798784723712977,0.027301748024047806,0.057767620721292046
T2,2025-12-26 02:50:00,4.189593238161371,0.002094265834505421,1.3900703742895066
T2,2025-12-26 03:00:00,4.841655889119021,0.008294394361895132,2.1831864402706707
T2,2025-12-26 03:10:00,5.427398265233511,0.019193092075370236,0.2800955125622413
T2,2025-12-26 03:20:00,7.199940656248586,0.09964469437676007,1.1345809061852912
T2,2025-12-26 03:30:00,4.65204969335799,0.005687550656157023,0.7966091354664239
T2,2025-12-26 03:40:00,6.848329986956616,0.07522677768042269,1.7052143597446348
T2,2025-12-26 03:50:00,5.657997562047501,0.024438801316053187,3.3240837624946282
T2,2025-12-26 04:00:00,3.647823611295591,0.000362126787217694,1.5350974745262391
T2,2025-12-26 04:10:00,3.537383968467612,0.00021228792944946097,0.25956493361527055
T2,2025-12-26 04:20:00,5.118130805457516,0.01247836881357691,1.513277998649653
T2,2025-12-26 04:30:00,7.347064469187587,0.11155069738259596,1.111823522692399
T2,2025-12-26 04:40:00,6.468472190426982,0.055754142290265214,4.291538387351097
T2,2025-12-26 04:50:00,8.449275007211778,0.2169614541627214,0.8052449490754775
T2,2025-12-26 05:00:00,6.584806850749723,0.06242958454996056,0.9857573155804242
T2,2025-12-26 05:10:00,8.178679835901923,0.1755298480341948,1.6479451285652775
T2,2025-12-26 05:20:00,6.88165557746721,0.0752792708260124,2.3731832842105094
T2,2025-12-26 05:30:00,5.590514833624367,0.022992366850053316,2.8469797167037916
T2,2025-12-26 05:40:00,7.656827976268912,0.1270763641886578,1.3387713244681323
T2,2025-12-26 05:50:00,6.0098007290669555,0.034872277781601374,2.932474508385858
T2,2025-12-26 06:00:00,5.315199348868116,0.015439447707483074,0.9595240126433568
T2,2025-12-26 06:10:00,6.2188764378471815,0.043534107828957884,0.4224483256500151
T2,2025-12-26 06:20:00,6.763551754173815,0.07103202319496599,1.5611973481145174
T2,2025-12-26 06:30:00,7.642366272316689,0.13177811387566288,1.6464590013261062
T2,2025-12-26 06:40:00,8.475497225421595,0.20539661848104676,3.6690891885185
T2,2025-12-26 06:50:00,8.290891757234002,0.19111067501050832,1.8918372514390862
T2,2025-12-26 07:00:00,10.182022865691522,0.4631449888407307,1.0853133148975687
T2,2025-12-26 07:10:00,5.4099581372065755,0.017651220926351782,-0.38642561148410315
T2,2025-12-26 07:20:00,7.655708294524942,0.13484929037990723,1.7344023325706062
T2,2025-12-26 07:30:00,11.091011894799122,0.6662813917014061,2.9387789257955017
T2,2025-12-26 07:40:00,7.699646426270916,0.13188816748800136,0.43428150561486323
T2,2025-12-26 07:50:00,6.658469872905551,0.06628102686279994,1.3477094374232526
T2,2025-12-26 08:00:00,7.361303726840595,0.10968034706287587,1.9776137176935469
T2,2025-12-26 08:10:00,7.195733477627777,0.09588431200402263,3.6338923224001034
T2,2025-12-26 08:20:00,7.861422544488585,0.14815212164247368,0.8042636771838397
T2,2025-12-26 08:30:00,10.629451365901716,0.5929463086288415,1.9282260330877425
T2,2025-12-26 08:40:00,6.94626389959919,0.07646290520805761,1.438292091456996
T2,2025-12-26 08:50:00,7.874788665157694,0.14972561139813262,1.6515391107553021
T2,2025-12-26 09:00:00,10.500883321597698,0.5305329324828714,0.30460326397841797
T2,2025-12-26 09:10:00,9.225837468877494,0.30236695543105135,-0.17024264814425583
T2,2025-12-26 09:20:00,9.33776972124344,0.32445809978761625,0.40256964333893686
T2,2025-12-26 09:30:00,8.554888801508431,0.23074830259311827,-0.7132495497968743
T2,2025-12-26 09:40:00,10.20948796774493,0.4994602529725063,0.3361947753309713
T2,2025-12-26 09:50:00,7.907984021272865,0.1590240100815856,2.345114408432054
T2,2025-12-26 10:00:00,10.345475041404791,0.507487982538765,2.1856120013352927
T2,2025-12-26 10:10:00,9.392652413026688,0.35535855637066793,1.436241888145168
T2,2025-12-26 10:20:00,9.066717066985845,0.3039872238935891,2.0697726736087665
T2,2025-12-26 10:30:00,8.692199171549982,0.24672488336182494,-0.19992970343925176
T2,2025-12-26 10:40:00,10.523160293028067,0.5694733029366102,1.5939017340272825
T2,2025-12-26 10:50:00,9.820096748908993,0.4060928793314435,1.8498652065633978
T2,2025-12-26 11:00:00,8.971340436094193,0.2783354433821324,-1.3910515113155728
T2,2025-12-26 11:10:00,9.613034791761136,0.3816325608144166,0.47023697230122463
T2,2025-12-26 11:20:00,8.227091356491748,0.18163474660531098,0.8993826753783565
T2,2025-12-26 11:30:00,11.051051086637948,0.700754017126601,0.39220332683838566
T2,2025-12-26 11:40:00,11.187914753599978,0.7257764303974947,-1.104391969538166
T2,2025-12-26 11:50:00,10.897307435776804,0.6436196849611049,2.176390445841672
T2,2025-12-26 12:00:00,9.883284060613784,0.43618567742657194,1.2043787219357776
T2,2025-12-26 12:10:00,10.148858472782,0.4989455022499117,0.7278529919782455
T2,2025-12-26 12:20:00,7.889558786357402,0.1549034903120919,3.4251707748885476
T2,2025-12-26 12:30:00,9.07372634679718,0.29651950480364164,0.9220617565498042
T2,2025-12-26 12:40:00,9.20612034223036,0.2990994970787788,0.06411493210462194
T2,2025-12-26 12:50:00,9.319940995253779,0.32518093234847395,0.2421577899766718
T2,2025-12-26 13:00:00,10.214558444905725,0.5077155392459359,2.2592949458563027
T2,2025-12-26 13:10:00,8.89435645500989,0.27032918001813505,1.3084117726137177
T2,2025-12-26 13:20:00,8.500100784929556,0.20619050834139677,-0.07808507751570226
T2,2025-12-26 13:30:00,10.797495969026315,0.6364653458100403,1.5075492161167523
T2,2025-12-26 13:40:00,8.930065470492835,0.27090701692880886,0.2689041260278229
T2,2025-12-26 13:50:00,8.482950046462486,0.2155659693416015,1.7733634677976338
T2,2025-12-26 14:00:00,6.776935822576284,0.07103967459578842,2.133268895397013
T2,2025-12-26 14:10:00,7.503089147268557,0.12468161379223867,0.829885009044431
T2,2025-12-26 14:20:00,8.805757938580765,0.25365330148884646,1.7461013112279955
T2,2025-12-26 14:30:00,9.344245332005888,0.33664558338654993,2.1299958202749063
T2,2025-12-26 14:40:00,6.804046849293046,0.074461146300322,-0.5407990117672947
T2,2025-12-26 14:50:00,8.853040728387697,0.24998023182942392,2.2395383203572936
T2,2025-12-26 15:00:00,9.191488579206547,0.2950829405221232,1.1941926375063827
T2,2025-12-26 15:10:00,8.109960624483232,0.16761365043628434,2.368953810506515
T2,2025-12-26 15:20:00,8.70121145909415,0.24719527582098913,1.6922185180212708
T2,2025-12-26 15:30:00,10.241257475290794,0.4715050199525917,2.9704968776863154
T2,2025-12-26 15:40:00,7.559048880860478,0.12035718618496806,3.1097903678237335
T2,2025-12-26 15:50:00,6.33081012672746,0.046536996099186864,0.09357637240084604
T2,2025-12-26 16:00:00,7.817837515433571,0.151083857451581,0.11742260485641753
T2,2025-12-26 16:10:00,7.116192106648518,0.08974639508052676,0.7714117442454326
T2,2025-12-26 16:20:00,8.01917297172188,0.17066804234736288,2.221698028214452
T2,2025-12-26 16:30:00,8.814800254306814,0.2645295999391944,1.115441633636996
T2,2025-12-26 16:40:00,8.944412343892768,0.2799755629340138,1.253848326300675
T2,2025-12-26 16:50:00,8.1585773462446,0.18509834673688202,-0.9862448397388579
T2,2025-12-26 17:00:00,9.351496699346352,0.3268170454122597,2.7817909178083795
T2,2025-12-26 17:10:00,7.996109776548717,0.1697594866460977,3.606483750774342
T2,2025-12-26 17:20:00,8.687723624331102,0.24097799697367298,1.5427057466533565
T2,2025-12-26 17:30:00,7.767554440496195,0.14247614918429183,3.281836436835774
T2,2025-12-26 17:40:00,7.567676173867797,0.12526555780149273,2.9887130940731668
T2,2025-12-26 17:50:00,6.5192597810998105,0.05951439350990613,1.0117397671182806
T2,2025-12-26 18:00:00,7.021198853628546,0.08122277252147553,1.912267215403419
T2,2025-12-26 18:10:00,6.218753140799579,0.04402933172185182,1.2502674799833233
T2,2025-12-26 18:20:00,6.443522853180013,0.054189155988632595,1.6278313149970005
T2,2025-12-26 18:30:00,6.778226282518334,0.06750914231148832,1.902918888856647
T2,2025-12-26 18:40:00,7.969070728735607,0.15713829563932782,0.07346420195244074
T2,2025-12-26 18:50:00,6.168203724311232,0.04012518039278617,0.8324871619558616
T2,2025-12-26 19:00:00,7.115247306436948,0.0866811661702137,1.2819600237566462
T2,2025-12-26 19:10:00,4.778216241550088,0.007626241573862908,3.0218806261370346
T2,2025-12-26 19:20:00,5.815621378432699,0.02979790638523309,0.2845579968126759
T2,2025-12-26 19:30:00,7.590097202699677,0.126421663507991,-0.6219456260731
T2,2025-12-26 19:40:00,6.374837477047752,0.047975947410735624,3.046584586326058
T2,2025-12-26 19:50:00,3.6811489945351754,0.00039533251208476666,1.7195418808652443
T2,2025-12-26 20:00:00,5.72877483876974,0.026119983541891604,0.368355974051367
T2,2025-12-26 20:10:00,5.376517922151619,0.017803281656507484,2.603053887606896
T2,2025-12-26 20:20:00,4.1565967411930185,0.0020153407618797863,0.8115587061614413
T2,2025-12-26 20:30:00,3.3820637948758323,7.133553461910476e-05,2.568003317311369
T2,2025-12-26 20:40:00,4.264839449303458,0.002532396980128111,0.01940413800513885
T2,2025-12-26 20:50:00,4.0427225105508935,0.0015198050700022977,0.7381806391741312
T2,2025-12-26 21:00:00,6.103779188158297,0.04040450727160497,1.3669615541661757
T2,2025-12-26 21:10:00,5.865194456520614,0.029863422918998177,1.5499404876759038
T2,2025-12-26 21:20:00,5.868198034369366,0.029820457152034432,0.9559245182390014
T2,2025-12-26 21:30:00,6.328646966444652,0.045643871431629374,-0.08046629608220957
T2,2025-12-26 21:40:00,2.351066745149552,0.0,0.3817411261776892
T2,2025-12-26 21:50:00,4.575801109990684,0.005283122350993371,-0.036383229572958475
T2,2025-12-26 22:00:00,5.258084312855002,0.014515526507302859,1.6691683059317473
T2,2025-12-26 22:10:00,3.993803161695083,0.001308873976814883,0.746737814918009
T2,2025-12-26 22:20:00,3.9957387583192023,0.001291259572506818,0.2817992514083638
T2,2025-12-26 22:30:00,3.7460701159811616,0.0005462947775569331,2.8948210997220976
T2,2025-12-26 22:40:00,4.86624994086181,0.008354365655265095,-0.07668116220298637
T2,2025-12-26 22:50:00,4.561163994359177,0.005079718113789483,-0.09534630537943123
T2,2025-12-26 23:00:00,6.076289307748594,0.036696716985281194,0.9143331919395734
T2,2025-12-26 23:10:00,5.0449979052479375,0.011179062843959222,1.2703255117404222
T2,2025-12-26 23:20:00,4.8076951704404705,0.007669667132666462,1.497257845466258
T2,2025-12-26 23:30:00,4.509816947779982,0.004409292283177679,1.7391941058541456
T2,2025-12-26 23:40:00,3.5822301389981392,0.0002571766855298768,2.1654814379147864
T2,2025-12-26 23:50:00,4.666264984431677,0.00582850198875399,0.6784220586144649
T2,2025-12-27 00:00:00,5.50451465564118,0.01961882330976422,1.4805812816052832
T2,2025-12-27 00:10:00,5.084070833964217,0.012190326525326752,2.870801894353133
T2,2025-12-27 00:20:00,3.2484953470343934,2.052634738866305e-05,0.150573027346949
T2,2025-12-27 00:30:00,2.726022068369918,0.0,1.9195154235664518
T2,2025-12-27 00:40:00,5.394404288637915,0.018278660978518182,1.502884092384356
T2,2025-12-27 00:50:00,4.806021399484045,0.007863793736829053,1.556140403837607
T2,2025-12-27 01:00:00,4.953691696709627,0.009215383197138528,-0.19508489567880072
T2,2025-12-27 01:10:00,3.608631414267155,0.0002884599716813902,1.39975078525293
T2,2025-12-27 01:20:00,5.565466876570962,0.02311514108830406,2.2340548638685043
T2,2025-12-27 01:30:00,5.582238241978617,0.02186036068077599,1.1180013131080853
T2,2025-12-27 01:40:00,4.453102876065264,0.003800919296170776,0.8613731633893206
T2,2025-12-27 01:50:00,5.497266145718852,0.019716328703165226,1.850782123671217
T2,2025-12-27 02:00:00,3.762874829344926,0.0005842979735098613,1.217139617372031
T2,2025-12-27 02:10:00,4.816209624209513,0.007584140906856809,-0.06222266974340984
T2,2025-12-27 02:20:00,2.57563996835495,0.0,-0.37096921158873086
T2,2025-12-27 02:30:00,4.701264269378095,0.006400798887833042,1.7252762280941476
T2,2025-12-27 02:40:00,8.063506279669221,0.17564200699226842,0.27021547998543505
T2,2025-12-27 02:50:00,6.034018022784747,0.03815808246578298,-1.9708506174419385
T2,2025-12-27 03:00:00,7.33142167525944,0.1057691878413751,1.3560839086376568
T2,2025-12-27 03:10:00,6.04678884550083,0.0365735495974299,0.5732862630897403
T2,2025-12-27 03:20:00,5.72663425140294,0.025588016831779813,-0.39339554073665783
T2,2025-12-27 03:30:00,5.794279249540767,0.027993603318265815,1.8952817254678533
T2,2025-12-27 03:40:00,5.1407401836871305,0.01256247116109838,1.1405735228076859
T2,2025-12-27 03:50:00,6.589297330424774,0.0628771761385755,1.442344026693177
T2,2025-12-27 04:00:00,4.930113803422675,0.009750002634535727,2.6479453302793177
T2,2025-12-27 04:10:00,5.965728494986356,0.034494775033450886,1.5022289850578467
T2,2025-12-27 04:20:00,9.92743757234016,0.45172450779855816,1.2252565040136503
T2,2025-12-27 04:30:00,6.713584275641979,0.06452558368208519,0.03658682353040432
T2,2025-12-27 04:40:00,5.643946093694448,0.024906765739719457,1.257587834262578
T2,2025-12-27 04:50:00,7.597631988028192,0.13004707027816506,0.14390491007856987
T2,2025-12-27 05:00:00,6.944590791306486,0.0824091234405264,2.8942216180579647
T2,2025-12-27 05:10:00,6.214324925868899,0.04109688889133659,-0.1779354752223281
T2,2025-12-27 05:20:00,5.299454138957014,0.01639867414317781,1.1471883909006595
T2,2025-12-27 05:30:00,6.548454022615327,0.05693593148046419,1.0656925955073082
T2,2025-12-27 05:40:00,6.322518354865509,0.048366939045754495,0.5222846683032806
T2,2025-12-27 05:50:00,7.022029050206465,0.08658815231221256,0.03739434095136085
T2,2025-12-27 06:00:00,7.529917267368737,0.12430624742470607,1.7247907001766836
T2,2025-12-27 06:10:00,7.525642956209489,0.12040638386078405,1.3477996348596186
T2,2025-12-27 06:20:00,6.160359503110088,0.04189522462207502,2.815847243113358
T2,2025-12-27 06:30:00,8.01929413207059,0.17278033024749573,1.2914847215708491
T2,2025-12-27 06:40:00,7.991560743325102,0.16207215555193438,2.184192409569293
T2,2025-12-27 06:50:00,5.841259406546688,0.02983058414847808,1.4015747004066827
T2,2025-12-27 07:00:00,8.102874719944115,0.1818316628288465,1.6715760585078092
T2,2025-12-27 07:10:00,7.710865566237343,0.13562285375126676,2.8305115518755106
T2,2025-12-27 07:20:00,8.368154641862139,0.2120813963795456,2.9277842711428788
T2,2025-12-27 07:30:00,6.694582388423129,0.0634430397624709,1.5523419797599354
T2,2025-12-27 07:40:00,7.714059082329979,0.13727207796046673,0.7419187650075131
T2,2025-12-27 07:50:00,7.907581990268254,0.16110793654024957,2.3253329689684845
T2,2025-12-27 08:00:00,6.800806943372686,0.07337587788588723,0.21842733932399883
T2,2025-12-27 08:10:00,8.994470444395985,0.2874549796221924,2.045202138980815
T2,2025-12-27 08:20:00,8.106967264474722,0.17385861179140732,3.0886498843347767
T2,2025-12-27 08:30:00,9.020492614318744,0.2930074345512894,0.709134184596033
T2,2025-12-27 08:40:00,7.430755723964722,0.11203457299948208,1.732934392573316
T2,2025-12-27 08:50:00,7.034568273384901,0.0842643514728184,1.0448596471423062
T2,2025-12-27 09:00:00,7.401886735375896,0.11099471955489965,-0.04101915291636993
T2,2025-12-27 09:10:00,6.244579864056787,0.04247976014531747,2.5742857121409246
T2,2025-12-27 09:20:00,8.009263528625393,0.15790275009251398,3.4353976438994156
T2,2025-12-27 09:30:00,9.485862644633869,0.34951562195157015,1.2678252247690802
T2,2025-12-27 09:40:00,10.830274895162697,0.5933276802593958,0.9789393375841178
T2,2025-12-27 09:50:00,10.562117945713032,0.5725268464271726,2.169581342722673
T2,2025-12-27 10:00:00,10.797728225483011,0.5988187738788798,0.9957221591146732
T2,2025-12-27 10:10:00,10.844394394721657,0.6445221550290539,3.546855903112034
T2,2025-12-27 10:20:00,11.919064243327513,0.9089066299817905,0.8776628157504348
T2,2025-12-27 10:30:00,9.604600001367722,0.35574674485481733,2.394755278615994
T2,2025-12-27 10:40:00,10.558540143430735,0.5394187066319646,1.1826175105571162
T2,2025-12-27 10:50:00,10.239144761501855,0.5013008487088649,0.6081396596350669
T2,2025-12-27 11:00:00,6.345575684886876,0.04965311625413258,1.4388884373358088
T2,2025-12-27 11:10:00,9.702487898500184,0.38367314016500637,1.7477500672154882
T2,2025-12-27 11:20:00,9.602383162590746,0.39009822368443103,3.4167939438905863
T2,2025-12-27 11:30:00,10.01455256846471,0.4434440233612597,1.8387634069673238
T2,2025-12-27 11:40:00,8.931955728200657,0.2632308245193817,1.4597916449333794
T2,2025-12-27 11:50:00,8.664807009462026,0.23421696139291673,2.8331835786692565
T2,2025-12-27 12:00:00,8.939547142443923,0.2607736517473412,2.309354624172353
T2,2025-12-27 12:10:00,10.454685343110874,0.5377972435800157,2.364680946655159
T2,2025-12-27 12:20:00,10.117183768718306,0.44761559294714504,1.2255203157377381
T2,2025-12-27 12:30:00,11.34976301525722,0.7554940269782033,0.3712549150677078
T2,2025-12-27 12:40:00,7.976441684427796,0.15576568700164367,2.4547583360866083
T2,2025-12-27 12:50:00,10.877108197953183,0.6455273426030409,2.2452979782598765
T2,2025-12-27 13:00:00,11.800505429696525,0.8759811061374058,1.9584910157531945
T2,2025-12-27 13:10:00,8.328300852648047,0.19166366481964306,1.796697388341344
T2,2025-12-27 13:20:00,9.499119369144434,0.36475749261027807,0.49582359197926895
T2,2025-12-27 13:30:00,7.407160628005347,0.11617903363102776,0.730242002450256
T2,2025-12-27 13:40:00,5.890495317390734,0.031554229435970874,1.6742982766283168
T2,2025-12-27 13:50:00,7.570944177658928,0.12099756532213699,0.9386746835164664
T2,2025-12-27 14:00:00,9.225054142558205,0.31148173404747,3.5801443104585706
T2,2025-12-27 14:10:00,9.380380076502457,0.3222533430458423,1.8678513231230676
T2,2025-12-27 14:20:00,8.57176881948068,0.21529445984408127,3.1309178097038854
T2,2025-12-27 14:30:00,9.775996586440204,0.42351238598354685,2.6039586654499414
T2,2025-12-27 14:40:00,9.350555757581665,0.3281233304620563,0.9368111742459649
T2,2025-12-27 14:50:00,11.174589509501514,0.6819056782604942,0.08256034962314596
T2,2025-12-27 15:00:00,7.018233002747912,0.08431899370691591,2.2710195225821748
T2,2025-12-27 15:10:00,7.594762493712968,0.12223199396880563,1.6668452724843181
T2,2025-12-27 15:20:00,7.8667105286782135,0.1512210837431606,0.35796984846311175
T2,2025-12-27 15:30:00,7.710436656202631,0.1428369565380466,1.9563790032764155
T2,2025-12-27 15:40:00,7.835674041426856,0.14688542924870376,2.108603880841065
T2,2025-12-27 15:50:00,11.277241553492953,0.7093910988944899,2.1929426311001428
T2,2025-12-27 16:00:00,7.792593117751187,0.1413310610470645,0.2550711218385584
T2,2025-12-27 16:10:00,8.95233809341657,0.283622449838118,1.812810054901921
T2,2025-12-27 16:20:00,6.283045261110817,0.045388036284859996,1.1064094029219451
T2,2025-12-27 16:30:00,7.076764834174753,0.08727436938450545,2.129843983203712
T2,2025-12-27 16:40:00,8.902839755514027,0.25509033769236716,1.6213574638218213
T2,2025-12-27 16:50:00,8.979335243241984,0.2914251465065527,1.7215499997377703
T2,2025-12-27 17:00:00,5.635046367129101,0.02438109652014736,0.41433070883874557
T2,2025-12-27 17:10:00,10.144148516091969,0.45663293444931674,1.7079197624076388
T2,2025-12-27 17:20:00,7.9573746728316435,0.1566812966347514,2.0440876426068457
T2,2025-12-27 17:30:00,6.365782424777246,0.05037841854543156,-1.1480355546932972
T2,2025-12-27 17:40:00,7.79919115597209,0.1476891909531565,2.199582201718074
T2,2025-12-27 17:50:00,6.308131236075768,0.0482925297017802,1.4620856488573521
T2,2025-12-27 18:00:00,5.183284433808531,0.013993091711414832,1.6836516731992566
T2,2025-12-27 18:10:00,7.124174260291391,0.09138706076931274,1.3261513482893965
T2,2025-12-27 18:20:00,7.817432146741779,0.14763761094926423,0.8235314331965032
T2,2025-12-27 18:30:00,8.01293194987639,0.17041268588351166,0.8957905274541271
T2,2025-12-27 18:40:00,4.479838092308369,0.004254930022245671,1.8604311899991062
T2,2025-12-27 18:50:00,5.263360462218151,0.015145926937405962,2.8387984584947077
T2,2025-12-27 19:00:00,6.105619591187951,0.040658837073579,-0.18412877069715416
T2,2025-12-27 19:10:00,7.564880085244312,0.11801948424462527,1.3337061393055103
T2,2025-12-27 19:20:00,7.779820733891658,0.14019770476485202,1.8723537997291844
T2,2025-12-27 19:30:00,5.5357610257951215,0.021972028878028873,2.0959549723229856
T2,2025-12-27 19:40:00,4.417640986620924,0.00388484997134615,1.6864603630848847
T2,2025-12-27 19:50:00,6.551995855378759,0.06027306856718649,0.5103911581698446
T2,2025-12-27 20:00:00,5.144505310337408,0.012328052802113283,0.9194208894199036
T2,2025-12-27 20:10:00,6.18771744690443,0.04248618819719437,1.8696073766879713
T2,2025-12-27 20:20:00,6.886630038052724,0.07902584016857102,0.9858968195957919
T2,2025-12-27 20:30:00,6.247636868708274,0.043796875085255385,0.5844406323939287
T2,2025-12-27 20:40:00,4.1249247279524806,0.0018138307484253174,0.18282055542697617
T2,2025-12-27 20:50:00,3.760725109168643,0.0005446448540740032,0.1532578876703139
T2,2025-12-27 21:00:00,3.342123068002572,5.3468522352050954e-05,1.0748509903394614
T2,2025-12-27 21:10:00,6.0934543549214295,0.03775230911150502,1.7677473464033062
T2,2025-12-27 21:20:00,6.508719456235104,0.05516368370177689,-0.09081369475609313
T2,2025-12-27 21:30:00,3.7062191955949135,0.0004631435202366344,3.4545371210754188
T2,2025-12-27 21:40:00,4.265813582100576,0.0025689907687885885,1.0027194649257183
T2,2025-12-27 21:50:00,3.6878561755685126,0.0004445235610285735,0.9658802316788736
T2,2025-12-27 22:00:00,4.632062311539473,0.005457344210840017,-0.25990809842952145
T2,2025-12-27 22:10:00,3.679244695659911,0.00042656767549818217,0.5838409460508892
T2,2025-12-27 22:20:00,3.6258281232120746,0.00030571429013799984,-0.36939381857533427
T2,2025-12-27 22:30:00,6.236429996819485,0.04552983367187568,2.4662773545627914
T2,2025-12-27 22:40:00,5.771955887889547,0.029208059027283014,1.4835958419970097
T2,2025-12-27 22:50:00,4.613593761124131,0.005650232744865122,2.175975542620394
T2,2025-12-27 23:00:00,5.976630320253159,0.032784946583455696,2.5763355067748233
T2,2025-12-27 23:10:00,3.7607851525821525,0.0005460197243279533,1.65671221515632
T2,2025-12-27 23:20:00,5.075323949209954,0.011166548818005646,2.078807282429809
T2,2025-12-27 23:30:00,3.2865091339814008,2.906817376241064e-05,2.1869076297069197
T2,2025-12-27 23:40:00,3.508756852175307,0.00017388007614948207,3.2500542885076333
T2,2025-12-27 23:50:00,5.667685367507152,0.02415451175994359,2.0183944631536086
T2,2025-12-28 00:00:00,2.9192708699118746,0.0,2.2764450861116754
T2,2025-12-28 00:10:00,3.908682026079978,0.0009552626157625764,2.511030880342501
T2,2025-12-28 00:20:00,2.9603193392346996,0.0,1.7148023962492542
T2,2025-12-28 00:30:00,2.865274555928397,0.0,1.8558296857525014
T2,2025-12-28 00:40:00,4.461223782085308,0.003969820072947972,2.5222764393817627
T2,2025-12-28 00:50:00,4.541295635296618,0.004531904919103839,1.860400988631476
T2,2025-12-28 01:00:00,2.5792676708034143,0.0,1.4761528792147829
T2,2025-12-28 01:10:00,7.224159110255106,0.09881830220664062,0.058770350542078464
T2,2025-12-28 01:20:00,6.452930933269254,0.05246179123529547,-0.1876422799321451
T2,2025-12-28 01:30:00,3.426362951781572,0.00010494580215441709,1.0152289607511937
T2,2025-12-28 01:40:00,5.124236019358316,0.01277389524560231,1.1657129547291396
T2,2025-12-28 01:50:00,4.8476789687086494,0.008268909126718708,1.6857286321727263
T2,2025-12-28 02:00:00,3.9054901740667223,0.000981923317362142,1.751082292109989
T2,2025-12-28 02:10:00,3.131488684342905,2.9376501757642677e-06,2.42609821251244
T2,2025-12-28 02:20:00,4.830338573291069,0.008216265862673539,2.7318326913100845
T2,2025-12-28 02:30:00,4.651697189098582,0.0057200897582372736,1.922773964432154
T2,2025-12-28 02:40:00,6.453199351303617,0.055683066903215984,1.4132556825468265
T2,2025-12-28 02:50:00,5.218614562168574,0.0145170917562206,1.0863007526589992
T2,2025-12-28 03:00:00,3.823813208014212,0.0007494401319185244,-0.12788690305216277
T2,2025-12-28 03:10:00,4.310566389931527,0.0027979541539285757,1.6473709180226441
T2,2025-12-28 03:20:00,5.228537984868378,0.014316142997692152,1.7193363608085683
T2,2025-12-28 03:30:00,6.558973520250975,0.058440343601275584,1.2301504135223682
T2,2025-12-28 03:40:00,3.9621727041934225,0.0012008457496647427,4.226564802365777
T2,2025-12-28 03:50:00,5.845886225981171,0.031388323174950224,1.802736804128985
T2,2025-12-28 04:00:00,7.258333714972418,0.10096837340615318,0.0648848020752204
T2,2025-12-28 04:10:00,3.9000618784596828,0.0009978225258857577,1.4578646052459905
T2,2025-12-28 04:20:00,7.598223260081945,0.12483364570525743,1.1851564580776675
T2,2025-12-28 04:30:00,5.230256200513838,0.013778842559075717,1.687371713480297
T2,2025-12-28 04:40:00,5.958365257160389,0.033033382957440155,2.430144869353762
T2,2025-12-28 04:50:00,5.464116369297346,0.019478649565697007,4.355735569534511
T2,2025-12-28 05:00:00,6.7025400074763395,0.06862626358198565,1.8056172808981534
T2,2025-12-28 05:10:00,6.975554578754952,0.08407446095313421,2.7371981285205425
T2,2025-12-28 05:20:00,7.1236995821625655,0.09220736388161344,0.7645766394536044
T2,2025-12-28 05:30:00,10.081043492939665,0.4831030265949725,3.0782785848345475
T2,2025-12-28 05:40:00,3.5663841759724195,0.00024773766475224944,0.44473639482810556
T2,2025-12-28 05:50:00,6.155824021052447,0.0408377793113207,2.6395200599831123
T2,2025-12-28 06:00:00,5.248743515399246,0.014738648450189379,1.498199465202682
T2,2025-12-28 06:10:00,6.746008065823092,0.06859624665009773,2.246388253627099
T2,2025-12-28 06:20:00,6.2356801404975775,0.046212413655743294,0.173309026416953
T2,2025-12-28 06:30:00,6.9065878768829325,0.08131018581795733,0.9998672883595857
T2,2025-12-28 06:40:00,7.3069044274616735,0.10577211811846532,1.7488509081258434
T2,2025-12-28 06:50:00,6.7108414946525015,0.06919322748903822,1.7505902879619604
T2,2025-12-28 07:00:00,8.721744046965359,0.25563518232678717,2.205557795334464
T2,2025-12-28 07:10:00,5.823013108039071,0.028902307332996313,-0.0019228944200304632
T2,2025-12-28 07:20:00,7.112114350224641,0.08991246647150133,2.1335686666457927
T2,2025-12-28 07:30:00,7.910360360710824,0.1579158801419967,2.408638537153064
T2,2025-12-28 07:40:00,9.691415731213407,0.3908585520229918,-0.24964583019726905
T2,2025-12-28 07:50:00,6.403606674617983,0.053028365542310524,0.4308656309970924
T2,2025-12-28 08:00:00,6.632408017908703,0.06392255058170186,1.0199615787677572
T2,2025-12-28 08:10:00,8.93050272932187,0.27836685461833727,-0.7192738863207682
T2,2025-12-28 08:20:00,8.466018375664385,0.20444687367648948,0.9387030050759163
T2,2025-12-28 08:30:00,6.666888680298435,0.06605719693565051,3.1803064852829626
T2,2025-12-28 08:40:00,9.985510664633146,0.4277970503400363,2.5113838188938997
T2,2025-12-28 08:50:00,8.950415037415256,0.262055047494302,2.5532272508171765
T2,2025-12-28 09:00:00,8.298452542338882,0.18671481502483983,0.7698075991624292
T2,2025-12-28 09:10:00,8.37169473433878,0.19507661742836854,2.546636327709204
T2,2025-12-28 09:20:00,8.985429536326519,0.29384252503349617,0.7091025709241139
T2,2025-12-28 09:30:00,8.476123308407747,0.22204109903873775,0.7237638406381081
T2,2025-12-28 09:40:00,9.40221370577826,0.3594638676258554,2.0270305225061795
T2,2025-12-28 09:50:00,9.470278857318947,0.3609385453816819,-0.5717713146948076
T2,2025-12-28 10:00:00,7.754446505802653,0.1348324185413542,1.6012482541687507
T2,2025-12-28 10:10:00,7.229819887243994,0.10106678288374156,1.3141049351340661
T2,2025-12-28 10:20:00,11.193939002760457,0.7490730296477164,0.8407971328529742
T2,2025-12-28 10:30:00,8.601320382972599,0.2192009923164285,1.0620518159007073
T2,2025-12-28 10:40:00,11.441313651635856,0.8209047421133924,0.9455992157786393
T2,2025-12-28 10:50:00,9.526700813647114,0.3605566643167118,0.5822948125674423
T2,2025-12-28 11:00:00,6.067635218084082,0.0374683045073131,2.5499385539028645
T2,2025-12-28 11:10:00,9.740956821085797,0.4104366885991045,0.7723109363033559
T2,2025-12-28 11:20:00,8.344621503896853,0.19139036612175261,0.22768884565420833
T2,2025-12-28 11:30:00,6.660641401769401,0.06225501795916512,1.264777641439957
T2,2025-12-28 11:40:00,9.431168536056688,0.3358615383297308,1.7230403631301574
T2,2025-12-28 11:50:00,8.068939001291941,0.16120107137090392,1.2831992379698358
T2,2025-12-28 12:00:00,9.184780468646546,0.3073900511006579,0.7516004292704579
T2,2025-12-28 12:10:00,10.855270591397975,0.6364223930943689,2.215388548158733
T2,2025-12-28 12:20:00,10.399892818095626,0.5099975379555194,1.7206344512732579
T2,2025-12-28 12:30:00,9.485773213823641,0.340795418930403,0.7135454519768789
T2,2025-12-28 12:40:00,9.502489870861435,0.3474309342019755,1.8045671741895217
T2,2025-12-28 12:50:00,9.482889220685578,0.3435978001977622,2.1744153835052376
T2,2025-12-28 13:00:00,8.526224260712056,0.21622678532715278,-1.559321153733988
T2,2025-12-28 13:10:00,8.064874839587334,0.1661655553758481,1.2805419175913706
T2,2025-12-28 13:20:00,8.709781695973689,0.2454142878618057,1.175847528602686
T2,2025-12-28 13:30:00,9.394936238920438,0.33437264724931504,1.6962154187579694
T2,2025-12-28 13:40:00,8.183958517931336,0.17590419177763725,1.218798669281056
T2,2025-12-28 13:50:00,8.814401096831315,0.2642770836230057,0.7166673645170976
T2,2025-12-28 14:00:00,9.078169827062469,0.27813080267405427,1.5353747108284048
T2,2025-12-28 14:10:00,7.8485709851111345,0.15261847202218237,1.2145829616671042
T2,2025-12-28 14:20:00,10.224345520237508,0.5066751451148137,0.7129605887991387
T2,2025-12-28 14:30:00,10.444923612563443,0.5301429983724513,0.9820922806888727
T2,2025-12-28 14:40:00,9.027665356099684,0.2712429340807337,0.8627086591962522
T2,2025-12-28 14:50:00,7.5647931675713025,0.12537559070017648,1.4477203568988408
T2,2025-12-28 15:00:00,6.254912430073043,0.047261563299621785,1.8928839361879386
T2,2025-12-28 15:10:00,5.479384224573522,0.020589227075330025,0.7877360862342362
T2,2025-12-28 15:20:00,9.922920263135616,0.42472871182313926,1.9187409537064455
T2,2025-12-28 15:30:00,8.655178998672346,0.2271123171383123,1.1911866133440654
T2,2025-12-28 15:40:00,7.582821931705009,0.12863564427797428,0.7142145745472838
T2,2025-12-28 15:50:00,6.387850014297113,0.051040330149007274,1.5973678597712337
T2,2025-12-28 16:00:00,7.910832021349964,0.15276711239953844,3.3659987490317547
T2,2025-12-28 16:10:00,9.178093227849786,0.30219678120381066,2.311349215245217
T2,2025-12-28 16:20:00,8.318379543545156,0.20031993561873565,1.7669615327151595
T2,2025-12-28 16:30:00,6.552655315249711,0.055685309297203216,2.8044175725026825
T2,2025-12-28 16:40:00,11.444848998443945,0.7565277635077272,0.11028015778049505
T2,2025-12-28 16:50:00,8.280555169768578,0.19506189900363344,3.055295391664987
T2,2025-12-28 17:00:00,5.9699447284790805,0.03505844810485507,1.8720343793277818
T2,2025-12-28 17:10:00,7.89570622389833,0.15092685752911267,1.083821697718868
T2,2025-12-28 17:20:00,7.813751042688884,0.15049494912457145,1.273196550804661
T2,2025-12-28 17:30:00,8.110299047108144,0.17797616088421794,1.3833417197960591
T2,2025-12-28 17:40:00,7.556161060936097,0.1232015908354558,2.149008677753121
T2,2025-12-28 17:50:00,5.4735245144170745,0.02027323263840535,0.05996043737695134
T2,2025-12-28 18:00:00,7.364513564290947,0.10653881529966061,2.9130980454431183
T2,2025-12-28 18:10:00,5.792067268393531,0.029727282752665285,1.5963345831466196
T2,2025-12-28 18:20:00,6.8430797417354,0.07779173597055632,2.051793038098072
T2,2025-12-28 18:30:00,6.513981985241591,0.05410488338305876,1.8880349333620172
T2,2025-12-28 18:40:00,7.293824528151619,0.10612267921504735,1.5352743397813837
T2,2025-12-28 18:50:00,6.64712703051917,0.06298491212469205,2.9917943323696425
T2,2025-12-28 19:00:00,5.857898607097567,0.02917932687274402,2.2886336817726347
T2,2025-12-28 19:10:00,9.413407479211337,0.3500731431518592,0.24451081256223928
T2,2025-12-28 19:20:00,5.6466393772672925,0.023123315647895642,1.14558630953654
T2,2025-12-28 19:30:00,5.5118311259315655,0.020342362432913128,2.9123964750472773
T2,2025-12-28 19:40:00,6.423681737065589,0.05338341391777124,1.5278119308982823
T2,2025-12-28 19:50:00,6.364981030146354,0.04776683708899839,2.4425330772441196
T2,2025-12-28 20:00:00,6.882925320878377,0.07545644069614946,0.3738359588618494
T2,2025-12-28 20:10:00,3.795314802636897,0.0006467175312870854,1.7658280620857647
T2,2025-12-28 20:20:00,4.7990522467484675,0.00730536772583602,2.050920970352225
T2,2025-12-28 20:30:00,6.758293245808491,0.0656386407176164,2.916685065640594
T2,2025-12-28 20:40:00,5.648489217918237,0.02351470534752045,0.8345572152792124
T2,2025-12-28 20:50:00,5.587995882123929,0.022371961124974398,0.6031233156364186
T2,2025-12-28 21:00:00,3.4001549533218864,7.913346814963408e-05,-0.3370838219253318
T2,2025-12-28 21:10:00,3.3077414306201804,3.8373447515441954e-05,1.7030989245021033
T2,2025-12-28 21:20:00,3.9788010778151617,0.0012033420397093246,1.9176057128874961
T2,2025-12-28 21:30:00,5.204208736596722,0.013748900727020612,1.513322880823224
T2,2025-12-28 21:40:00,5.823739945150381,0.029106145005461416,1.5848808399312337
T2,2025-12-28 21:50:00,5.9022850116564465,0.03325123978382739,2.7971602366629833
T2,2025-12-28 22:00:00,2.4179036697425724,0.0,3.2550720972515514
T2,2025-12-28 22:10:00,4.604590484474833,0.005634148323795257,1.384929621277123
T2,2025-12-28 22:20:00,4.732084525227617,0.006578422111824119,1.5636128326780623
T2,2025-12-28 22:30:00,4.0859080208438945,0.001639190693617278,2.6378920558727375
T2,2025-12-28 22:40:00,4.068117879145899,0.001660654084688833,3.0383409430509807
T2,2025-12-28 22:50:00,3.2016128180234054,1.0188472918896059e-05,1.0959333336573525
T2,2025-12-28 23:00:00,4.040148602181651,0.0015404423315975148,0.7412346919027801
T2,2025-12-28 23:10:00,1.544649829502447,0.0,-0.33925993619121475
T2,2025-12-28 23:20:00,6.005271732050392,0.036580669779044686,1.8093817100444098
T2,2025-12-28 23:30:00,4.659227132060997,0.0059997545094265785,2.13403118329024
T2,2025-12-28 23:40:00,6.213153653282449,0.04389056814448067,1.5601828307347216
T2,2025-12-28 23:50:00,3.3887923101334074,8.03437956640594e-05,-0.16846586822371545
T2,2025-12-29 00:00:00,2.2679937454767782,0.0,2.437462605796883
T2,2025-12-29 00:10:00,6.602744853632174,0.06405530636506646,1.1511448834477012
T2,2025-12-29 00:20:00,1.7279555700435876,0.0,0.9617750130475379
T2,2025-12-29 00:30:00,2.8966798319803795,0.0,3.5140824743487533
T2,2025-12-29 00:40:00,5.363408542093725,0.01746264233374143,1.5631105241375765
T2,2025-12-29 00:50:00,6.188828507817976,0.04318590301365674,1.1116268057309144
T2,2025-12-29 01:00:00,3.627508237936776,0.00032221421711427277,2.2741293360464527
T2,2025-12-29 01:10:00,4.245489288055275,0.002391645484638516,0.8461441671054458
T2,2025-12-29 01:20:00,4.218334632040555,0.002276358600714724,0.841440052360801
T2,2025-12-29 01:30:00,5.2402430302817455,0.014500200904399884,0.22140147292627876
T2,2025-12-29 01:40:00,3.5341596363253487,0.00018978940940224252,2.1764922256732024
T2,2025-12-29 01:50:00,5.419899641124139,0.01788824320914799,3.3923001210177066
T2,2025-12-29 02:00:00,5.82981190865157,0.030042420509821546,-0.5484190188302112
T2,2025-12-29 02:10:00,4.666611873228056,0.006011303856452591,2.006835241397994
T2,2025-12-29 02:20:00,4.973290033664326,0.00993732663978081,2.5494041572196546
T2,2025-12-29 02:30:00,7.754380339231064,0.14274180081367305,0.12617999423962067
T2,2025-12-29 02:40:00,5.376805851020804,0.016764224715282914,-1.1379035118311647
T2,2025-12-29 02:50:00,4.561082317733208,0.005083618789553076,-0.2585383857501089
T2,2025-12-29 03:00:00,6.477857559923159,0.053279354118730644,2.701254751188227
T2,2025-12-29 03:10:00,6.715894568598301,0.06455179715098137,0.22921168971886718
T2,2025-12-29 03:20:00,4.449177694395903,0.0041630994286073345,3.2299558313898893
T2,2025-12-29 03:30:00,4.203871778958532,0.00239083698257982,4.693544600315651
T2,2025-12-29 03:40:00,7.269084537946083,0.10369669580459949,1.6036851329127977
T2,2025-12-29 03:50:00,7.078605999896735,0.09294547693227809,2.8709082241565347
T2,2025-12-29 04:00:00,7.295265787512738,0.10594230082264888,1.2905669780174793
T2,2025-12-29 04:10:00,7.8056699418746796,0.13781995274819137,-0.028742735664919028
T2,2025-12-29 04:20:00,4.477262241528979,0.0041943532903974635,1.6867919341680502
T2,2025-12-29 04:30:00,3.985331077587176,0.0012384123415388637,3.2742873035158278
T2,2025-12-29 04:40:00,7.319086683717577,0.10983813521529158,2.1492318169241984
T2,2025-12-29 04:50:00,7.351751060755355,0.105533944397735,1.5849565372711745
T2,2025-12-29 05:00:00,6.5019846093275735,0.05647194893013118,2.2596361986117306
T2,2025-12-29 05:10:00,7.300345445674211,0.10817240358893206,2.049813780691986
T2,2025-12-29 05:20:00,5.587989118340615,0.022483523061121658,0.9824708344234802
T2,2025-12-29 05:30:00,5.381550889805415,0.01799024809588973,1.978282395462805
T2,2025-12-29 05:40:00,6.601272673291112,0.06227777397199241,3.4052705926836726
T2,2025-12-29 05:50:00,7.356534599303722,0.11013239962041496,1.1644842606591432
T2,2025-12-29 06:00:00,7.703474554170185,0.13545940487850622,2.1975118918702896
T2,2025-12-29 06:10:00,6.923789146135727,0.07677015826846012,2.1366924816792094
T2,2025-12-29 06:20:00,7.902515076973964,0.15872028937726393,0.7804828090999948
T2,2025-12-29 06:30:00,8.755656681317223,0.25717696172227056,1.3738830791151626
T2,2025-12-29 06:40:00,7.971577897362458,0.16156779115325062,1.342629664818494
T2,2025-12-29 06:50:00,6.897970837250937,0.07465753300476215,2.38707994748113
T2,2025-12-29 07:00:00,9.655602746802046,0.37151568969787624,0.9689970913795378
T2,2025-12-29 07:10:00,6.283976172921338,0.0461622499107725,0.6074007193730948
T2,2025-12-29 07:20:00,8.05409802208924,0.17090704442761356,2.668161657902691
T2,2025-12-29 07:30:00,10.225117350863984,0.5027782245779502,0.7364527228345773
T2,2025-12-29 07:40:00,10.995721246643036,0.6431204074299682,0.8268121376600103
T2,2025-12-29 07:50:00,10.070299192786251,0.47415410886355797,2.524096173518565
T2,2025-12-29 08:00:00,7.68586285344446,0.13850179579429578,3.0379526820332456
T2,2025-12-29 08:10:00,6.155392015854277,0.040912016814858086,3.499613545988744
T2,2025-12-29 08:20:00,7.815749618003433,0.13812871581537267,2.62340646481903
T2,2025-12-29 08:30:00,8.428302356221646,0.19880467742203406,0.8123565017887601
T2,2025-12-29 08:40:00,8.722982391879333,0.2361410855381196,0.004748669330484345
T2,2025-12-29 08:50:00,7.432945923532106,0.11837674275159797,2.1853544813188597
T2,2025-12-29 09:00:00,8.109494744516402,0.18126143035412365,0.6893126316387381
T2,2025-12-29 09:10:00,9.089150843092586,0.30697355480930466,2.471765199947477
T2,2025-12-29 09:20:00,8.975220634040022,0.280052550128314,2.360663053219839
T2,2025-12-29 09:30:00,10.535272267974062,0.5440340151829188,2.2506178116138154
T2,2025-12-29 09:40:00,9.732175027099258,0.3891418159384779,2.760503318893499
T2,2025-12-29 09:50:00,9.818283540316864,0.4266122599026911,0.30071886027669215
T2,2025-12-29 10:00:00,8.50735053252522,0.21412722287063837,0.2049459190892322
T2,2025-12-29 10:10:00,9.304570928424019,0.3286579677461058,1.3660783510554926
T2,2025-12-29 10:20:00,6.907317241447158,0.08027167899075305,-0.09314240945163044
T2,2025-12-29 10:30:00,8.807794593205719,0.25325002791026346,3.715921715982364
T2,2025-12-29 10:40:00,7.4186873993104765,0.115966508094329,2.020190371150889
T2,2025-12-29 10:50:00,9.55252493745866,0.3763038963506734,1.5501242621848021
T2,2025-12-29 11:00:00,10.07442468699085,0.4577450186662594,0.5940235010880457
T2,2025-12-29 11:10:00,9.585911848168118,0.37738053770904334,1.496014424052155
T2,2025-12-29 11:20:00,11.292959468660289,0.7547927183247494,2.43495094368851
T2,2025-12-29 11:30:00,8.655426423786185,0.2404440256834361,1.5806087506849704
T2,2025-12-29 11:40:00,9.368596038000959,0.32333513427468213,1.1225540566303822
T2,2025-12-29 11:50:00,8.822040825854558,0.24424615828327378,1.0574208892020422
T2,2025-12-29 12:00:00,9.105269676546284,0.29166722033461306,2.394064175951069
T2,2025-12-29 12:10:00,11.087240594665936,0.6632538935604432,1.0720499158224412
T2,2025-12-29 12:20:00,7.817140948888058,0.15269990878355477,1.4344750376330928
T2,2025-12-29 12:30:00,11.466755534974919,0.777101250229379,3.0185426482795568
T2,2025-12-29 12:40:00,11.098570376632493,0.7023372753166723,1.0949138219867884
T2,2025-12-29 12:50:00,10.148546948692347,0.46398253858421035,0.9551223187713896
T2,2025-12-29 13:00:00,8.989421616364117,0.28329501446242483,2.5251116727892167
T2,2025-12-29 13:10:00,9.672017433301388,0.37312087359630225,1.0915984844130746
T2,2025-12-29 13:20:00,8.864324376994661,0.2704049166940059,0.7907014278932337
T2,2025-12-29 13:30:00,11.081173395085417,0.6927536558544217,1.616764711586071
T2,2025-12-29 13:40:00,7.902446371625509,0.14642154564121498,1.5285310221412867
T2,2025-12-29 13:50:00,8.036569113332204,0.17389209519667714,1.6446767022338178
T2,2025-12-29 14:00:00,9.208143682984508,0.321540607753539,1.9346182238027176
T2,2025-12-29 14:10:00,6.086842379399217,0.03875536998065839,1.8918995990287253
T2,2025-12-29 14:20:00,10.816476182026834,0.651868555734728,1.6367602824062122
T2,2025-12-29 14:30:00,8.592304471871268,0.22256117091189415,4.295874052824654
T2,2025-12-29 14:40:00,9.827188972834485,0.409002568793739,0.8342134483496124
T2,2025-12-29 14:50:00,9.053840019581495,0.28971369736909736,0.8356626635569143
T2,2025-12-29 15:00:00,6.637530986232858,0.06198162703829738,2.026326311787285
T2,2025-12-29 15:10:00,8.739397839614162,0.24545400220451005,0.8266112835274972
T2,2025-12-29 15:20:00,9.11249486141603,0.29483941702202054,0.843891675645732
T2,2025-12-29 15:30:00,7.083811997501816,0.08798805490961968,0.729081192067857
T2,2025-12-29 15:40:00,7.209738435146794,0.09337747655921022,3.0996765429670514
T2,2025-12-29 15:50:00,7.065426562314144,0.08584558041658709,3.4403442059385636
T2,2025-12-29 16:00:00,9.183434018940737,0.2994344332043484,3.1468505902775457
T2,2025-12-29 16:10:00,6.63438718367374,0.06355617332711266,0.7811217477029386
T2,2025-12-29 16:20:00,6.9517852700246365,0.07680024239876762,2.3685292952038672
T2,2025-12-29 16:30:00,7.846568676388638,0.14398678212983398,-0.007412381983296523
T2,2025-12-29 16:40:00,7.9926767386250095,0.1605259501641132,3.1220374015690204
T2,2025-12-29 16:50:00,7.014412114628081,0.0812828381464392,2.760710772944886
T2,2025-12-29 17:00:00,9.52454747597571,0.36695906372498754,2.8860826646598032
T2,2025-12-29 17:10:00,9.474892412296338,0.33585547278876016,1.3507918787580062
T2,2025-12-29 17:20:00,5.895387763289634,0.03040346598766796,3.063522790654928
T2,2025-12-29 17:30:00,9.483038142994179,0.35344364293435976,1.9014398455293606
T2,2025-12-29 17:40:00,7.767220021569999,0.13998335069226855,1.577724185959608
T2,2025-12-29 17:50:00,7.897708040593766,0.14705755142906726,2.6247483134595213
T2,2025-12-29 18:00:00,7.930479300356269,0.15365802109789187,0.8750311066109396
T2,2025-12-29 18:10:00,5.208607741210438,0.014554302691791648,2.423150518471468
T2,2025-12-29 18:20:00,5.23823249391045,0.014151529552091922,1.844153082768347
T2,2025-12-29 18:30:00,7.238099200993132,0.09925885886097495,2.552057393364457
T2,2025-12-29 18:40:00,5.678131338425457,0.024773974437307493,0.6185584221843812
T2,2025-12-29 18:50:00,9.783514231725796,0.3930260093698612,0.6838940046320501
T2,2025-12-29 19:00:00,5.79740572449703,0.028624923166385374,1.261666781051165
T2,2025-12-29 19:10:00,7.371190507853976,0.10904083577147444,0.8923406631679306
T2,2025-12-29 19:20:00,4.955811525656997,0.009396680885294923,3.2365433019867598
T2,2025-12-29 19:30:00,8.636615425462997,0.23443186711681507,2.615259118820482
T2,2025-12-29 19:40:00,8.198912631051845,0.17587047090776875,1.4761777804179264
T2,2025-12-29 19:50:00,4.025015037592039,0.001347570691872895,3.8823682234958596
T2,2025-12-29 20:00:00,6.1707933671009965,0.04139630940344691,2.0208210551935912
T2,2025-12-29 20:10:00,5.758609718897733,0.02657432004566555,3.311244707831164
T2,2025-12-29 20:20:00,7.4300193639718115,0.11740689849928498,2.003170796594823
T2,2025-12-29 20:30:00,2.5544667780554304,0.0,2.0851228097319123
T2,2025-12-29 20:40:00,4.983446605959147,0.009951946002689286,2.2969921629452266
T2,2025-12-29 20:50:00,6.3530095097412485,0.05103929817219201,-0.13506819432592576
T2,2025-12-29 21:00:00,4.760443919667911,0.007313585044862041,2.3460204091986565
T2,2025-12-29 21:10:00,4.310570385040887,0.0030464494035428225,1.1935160786589625
T2,2025-12-29 21:20:00,3.225867251866133,1.5801121139652708e-05,1.3118865702785858
T2,2025-12-29 21:30:00,5.3630264488649075,0.016665685460541833,1.8465790944174667
T2,2025-12-29 21:40:00,4.59646649189636,0.005377980969539537,2.806794282355855
T2,2025-12-29 21:50:00,3.013637997869232,3.3499488547653797e-09,2.090755567976511
T2,2025-12-29 22:00:00,4.8854712013438615,0.00832027550323264,-0.8109492326483503
T2,2025-12-29 22:10:00,3.797698304976344,0.000648818575176716,1.3271378800634746
T2,2025-12-29 22:20:00,4.951167454842567,0.00940963733191443,1.0049821954002092
T2,2025-12-29 22:30:00,5.455387547788376,0.018578871902068386,1.4888583684888277
T2,2025-12-29 22:40:00,5.865403264466366,0.03173121784102082,1.7890189204679001
T2,2025-12-29 22:50:00,4.93508015860702,0.009252751791490741,0.9593772446281864
T2,2025-12-29 23:00:00,3.2419229230751228,1.862851238327739e-05,0.46323582281830733
T2,2025-12-29 23:10:00,4.186620856499731,0.002174315196207647,2.1200406124465956
T2,2025-12-29 23:20:00,3.972956277795425,0.0012600289848885386,0.7138421465836116
T2,2025-12-29 23:30:00,5.651334653320369,0.02440445037695737,2.5318998969401467
T2,2025-12-29 23:40:00,3.5386011899029945,0.00021081343089704292,1.1972246923653982
T2,2025-12-29 23:50:00,6.243693926591613,0.04610211986461797,2.989018981664676
T2,2025-12-30 00:00:00,4.351762576695498,0.003338470824138797,2.194478999400238
T2,2025-12-30 00:10:00,5.203743872960072,0.013662111770645118,2.7289334670014664
T2,2025-12-30 00:20:00,3.855341256975109,0.0007749714927161879,2.3557556801579724
T2,2025-12-30 00:30:00,5.908498104766448,0.030809910371759276,1.2162955425411797
T2,2025-12-30 00:40:00,3.712030266304085,0.0004757335143954545,2.307956445886745
T2,2025-12-30 00:50:00,6.451577425155356,0.05580224958034328,2.0344782744772956
T2,2025-12-30 01:00:00,5.000252463917783,0.010589814771417006,0.979704285719687
T2,2025-12-30 01:10:00,5.476761427042107,0.020587256492552213,-1.436836549351453
T2,2025-12-30 01:20:00,5.248327200340751,0.01548841773566694,2.0198109626576564
T2,2025-12-30 01:30:00,3.6153743916176633,0.00029887702315520043,0.49671181410631005
T2,2025-12-30 01:40:00,6.344238752193991,0.04674237070124935,3.1958409672134245
T2,2025-12-30 01:50:00,2.81332760916412,0.0,2.1741552325512328
T2,2025-12-30 02:00:00,4.862088180539255,0.008800915729423115,2.1351484881537526
T2,2025-12-30 02:10:00,5.755426789565526,0.02693367146030353,1.477674246392836
T2,2025-12-30 02:20:00,6.110014540814132,0.03937894326537759,3.0465768905932125
T2,2025-12-30 02:30:00,4.149451162104806,0.0019188357065953766,3.7184007393853085
T2,2025-12-30 02:40:00,4.3932606653489845,0.003699277948295334,1.7556845936701695
T2,2025-12-30 02:50:00,4.781233385397529,0.0072157043409346545,1.3394315529299325
T2,2025-12-30 03:00:00,3.894476513075376,0.0009495364143447939,1.188987292425768
T2,2025-12-30 03:10:00,4.904952615344558,0.008563062611898348,3.471175132473049
T2,2025-12-30 03:20:00,4.192889141880449,0.0023202547137408398,0.7122755613156548
T2,2025-12-30 03:30:00,5.949849960953968,0.034544800605839886,-0.42696633935997874
T2,2025-12-30 03:40:00,5.2090652954726915,0.014218781841256726,1.1290132401339292
T2,2025-12-30 03:50:00,4.548600887950991,0.004917204333439908,2.4256525592009885
T2,2025-12-30 04:00:00,4.723825985947269,0.006360055423980412,3.089005763287696
T2,2025-12-30 04:10:00,5.898517290395914,0.03053917494736751,3.54082332784676
T2,2025-12-30 04:20:00,4.820782631565924,0.008257604607415248,2.119244195353293
T2,2025-12-30 04:30:00,4.232965734928982,0.002444626734891779,1.9623687987684564
T2,2025-12-30 04:40:00,4.685866820487917,0.006254844699540174,2.272675841046034
T2,2025-12-30 04:50:00,6.39744817018258,0.04847248056965623,0.8974477597897471
T2,2025-12-30 05:00:00,4.0421129827049755,0.0014991107678212255,1.5832542010715027
T2,2025-12-30 05:10:00,6.432030256946076,0.05496784120195086,1.604795554360494
T2,2025-12-30 05:20:00,7.432593054747848,0.11127042809542614,2.0219807509616703
T2,2025-12-30 05:30:00,5.778884903298786,0.028291836231910415,0.38386866792353014
T2,2025-12-30 05:40:00,6.268904588446599,0.04384371503973749,1.9662912681360862
T2,2025-12-30 05:50:00,4.9440160178594486,0.009750470423953585,-0.6858133427345761
T2,2025-12-30 06:00:00,5.657371889037549,0.023949994625008856,2.663087102454128
T2,2025-12-30 06:10:00,6.260789548297783,0.046007066778456694,1.1107732925436933
T2,2025-12-30 06:20:00,7.469432537072153,0.11961111976738592,0.8241393442065788
T2,2025-12-30 06:30:00,6.699085672589365,0.06747972398472363,1.7041385811622933
T2,2025-12-30 06:40:00,5.907246936008498,0.030861282696233693,1.117184135381446
T2,2025-12-30 06:50:00,6.7201871181192825,0.06378540192417145,2.0466242452808907
T2,2025-12-30 07:00:00,6.013059220464554,0.03530172922143543,0.6933684244299454
T2,2025-12-30 07:10:00,9.68957899008037,0.37765855020709654,1.4122869003438487
T2,2025-12-30 07:20:00,6.931857070878984,0.08054479864041054,1.825070748851069
T2,2025-12-30 07:30:00,9.654358664939927,0.37267059448193984,1.7831840919445376
T2,2025-12-30 07:40:00,5.976050934945709,0.03468858920856317,1.4675824889076745
T2,2025-12-30 07:50:00,6.824400409164408,0.07491034482933852,1.3920762875825319
T2,2025-12-30 08:00:00,9.842956842001758,0.4364946222941282,2.0093518455143196
T2,2025-12-30 08:10:00,7.861728077123256,0.14302343262558384,2.772933545992201
T2,2025-12-30 08:20:00,10.888146364006847,0.6648430960820213,1.1443125333718056
T2,2025-12-30 08:30:00,9.378825463270328,0.3313734955798648,1.820941811686947
T2,2025-12-30 08:40:00,10.164675362047026,0.490156117385058,0.19607494953607674
T2,2025-12-30 08:50:00,6.675244548216671,0.06744509848176349,1.9371247132198315
T2,2025-12-30 09:00:00,8.874677512220906,0.2525800218619234,1.888803645320746
T2,2025-12-30 09:10:00,8.30236399108543,0.18729924003518572,2.6211427954156212
T2,2025-12-30 09:20:00,10.74285347416431,0.5915967523673648,3.5570331227684475
T2,2025-12-30 09:30:00,8.319522793119146,0.1984400757011438,-0.43390946219644033
T2,2025-12-30 09:40:00,8.942017017916509,0.27691766725253175,2.170376362243669
T2,2025-12-30 09:50:00,7.99985447043755,0.15620734042982012,2.2255165973619193
T2,2025-12-30 10:00:00,7.024014112547269,0.08263919054446793,2.9804918580063253
T2,2025-12-30 10:10:00,9.803362550860868,0.4241509338595653,1.0481222523407423
T2,2025-12-30 10:20:00,8.6778857322644,0.2493362193330233,-0.3880893183053591
T2,2025-12-30 10:30:00,9.570614042534876,0.3746109404651164,3.0570401005979218
T2,2025-12-30 10:40:00,7.9943387503651255,0.16440678075808327,0.22601734707240584
T2,2025-12-30 10:50:00,9.13615543829594,0.3050088044444239,3.2985370701627383
T2,2025-12-30 11:00:00,8.202884429018917,0.17616076355125182,2.745232325573873
T2,2025-12-30 11:10:00,8.627445031051263,0.24278101763492613,3.5553245095333725
T2,2025-12-30 11:20:00,9.472444503720594,0.3627613747709366,1.2445989667545114
T2,2025-12-30 11:30:00,8.635210527981469,0.2381667751657723,2.3357190972466992
T2,2025-12-30 11:40:00,9.970469730115981,0.4569577262587452,2.76490077325727
T2,2025-12-30 11:50:00,7.901493434233121,0.155030960674489,0.9348321784884032
T2,2025-12-30 12:00:00,8.803136695366653,0.2584299318794258,2.033318082717053
T2,2025-12-30 12:10:00,10.893083101963454,0.6670697442874313,2.3670062164374657
T2,2025-12-30 12:20:00,8.407405789106146,0.20592299450564533,1.3516992251919886
T2,2025-12-30 12:30:00,7.117849141669927,0.09275567714168031,2.387968526293812
T2,2025-12-30 12:40:00,10.778641578213257,0.6352260389501715,1.514477140501891
T2,2025-12-30 12:50:00,9.06914401861955,0.2916356666568888,1.8514797352664043
T2,2025-12-30 13:00:00,7.96193819059446,0.15623915306903893,1.581273807200979
T2,2025-12-30 13:10:00,7.768445173189061,0.14164365285935693,1.6247655079626906
T2,2025-12-30 13:20:00,9.821568274034414,0.4341654486482685,1.887884164163129
T2,2025-12-30 13:30:00,7.711825912314658,0.14260346875871402,3.00254553057586
T2,2025-12-30 13:40:00,6.984868513890033,0.08399209086011229,0.053632696078076636
T2,2025-12-30 13:50:00,9.764429155903287,0.41978529836477385,1.9829711397659682
T2,2025-12-30 14:00:00,9.225912527911555,0.3020506767200197,0.8085480267863729
T2,2025-12-30 14:10:00,9.618190856023642,0.37200264924848647,1.3407251923926142
T2,2025-12-30 14:20:00,8.170067269366236,0.1790163977741163,1.5726150264769294
T2,2025-12-30 14:30:00,9.249621953807653,0.3207321859832207,0.3153012212046855
T2,2025-12-30 14:40:00,7.522066242176652,0.11593916223779326,1.319500399652667
T2,2025-12-30 14:50:00,8.190407485152019,0.17472041053867357,1.8095152449280782
T2,2025-12-30 15:00:00,8.781151650415014,0.24380679112233197,2.193437091664359
T2,2025-12-30 15:10:00,8.792906921752197,0.2565584648115659,1.7812318655530843
T2,2025-12-30 15:20:00,9.771983885686035,0.405801335985635,2.6783030887126325
T2,2025-12-30 15:30:00,9.322129818596803,0.34363144258162476,2.843675559244925
T2,2025-12-30 15:40:00,7.189189248010075,0.09348381710858246,-0.7563779556077919
T2,2025-12-30 15:50:00,7.542695482980532,0.1265547247334985,2.3832422059410336
T2,2025-12-30 16:00:00,9.022040266912871,0.2961613193271943,3.085845851535712
T2,2025-12-30 16:10:00,9.632480093722144,0.3634648414057932,1.6583628619821387
T2,2025-12-30 16:20:00,8.6156262410813,0.24250533478346456,1.9711583005377387
T2,2025-12-30 16:30:00,7.438469703964686,0.11347247293267387,3.527948225453158
T2,2025-12-30 16:40:00,8.128564505544983,0.17213049784240533,2.3090432513178
T2,2025-12-30 16:50:00,9.145346252315194,0.29506621555920454,3.2955956601919167
T2,2025-12-30 17:00:00,9.289354932352257,0.341242000723279,0.8294732934390399
T2,2025-12-30 17:10:00,6.86261143919127,0.07385713166651951,2.168902315911082
T2,2025-12-30 17:20:00,6.273193254512351,0.04711652094412952,1.2411977439100013
T2,2025-12-30 17:30:00,7.401498846636848,0.10806889490167336,0.8973765945671643
T2,2025-12-30 17:40:00,6.494049519789349,0.056127591070907305,1.4883396955269435
T2,2025-12-30 17:50:00,7.120765220931263,0.0928544382615605,1.6757883806064142
T2,2025-12-30 18:00:00,5.949983429310518,0.03207124133381518,-0.5065833897675247
T2,2025-12-30 18:10:00,7.29324481452652,0.10426953583384616,1.4860421014435008
T2,2025-12-30 18:20:00,7.414352528269361,0.10677807470172271,1.5763947801787106
T2,2025-12-30 18:30:00,8.458307207950194,0.21368474560564243,2.74508555214198
T2,2025-12-30 18:40:00,8.101521096395832,0.17719542865639681,3.3620958509454475
T2,2025-12-30 18:50:00,6.745631519615761,0.06961362655609706,2.83453148329364
T2,2025-12-30 19:00:00,5.300283036783244,0.015107871362645216,0.2069409941915974
T2,2025-12-30 19:10:00,7.289797032932919,0.09803895585011198,1.2954336859193802
T2,2025-12-30 19:20:00,5.379476355630268,0.016705326545149255,1.371454421621214
T2,2025-12-30 19:30:00,4.339547909600126,0.003155218126762433,2.317251937086523
T2,2025-12-30 19:40:00,5.5830843576794615,0.02237971095027539,2.361760666825993
T2,2025-12-30 19:50:00,4.218312148231606,0.0024716537898898916,4.158828583402134
T2,2025-12-30 20:00:00,7.955521527683964,0.16496619645499241,2.531845731955895
T2,2025-12-30 20:10:00,6.903222492144074,0.0743543771140775,1.192413826764669
T2,2025-12-30 20:20:00,7.122642917043146,0.09421082456156901,3.6186173168641877
T2,2025-12-30 20:30:00,4.8668623873918735,0.00824072226947795,2.7024647493581773
T2,2025-12-30 20:40:00,5.138732703190423,0.012639396674221573,0.3205045009066947
T2,2025-12-30 20:50:00,5.442199267130606,0.019697519978715394,0.7133378971201223
T2,2025-12-30 21:00:00,4.620564762356736,0.005704573775009461,4.950661252472281
T2,2025-12-30 21:10:00,5.071785853131307,0.01140335699976408,1.561333187421108
T2,2025-12-30 21:20:00,5.471167662410196,0.01893854774168134,3.043986885265697
T2,2025-12-30 21:30:00,4.043055431530582,0.0015380809727160072,1.7794734816265456
T2,2025-12-30 21:40:00,4.766778895573192,0.007433437928500562,0.5564133407833209
T2,2025-12-30 21:50:00,6.287652744650822,0.04538582069640284,2.8816100271115954
T2,2025-12-30 22:00:00,4.907808348914854,0.009262383020276497,3.9782348036201833
T2,2025-12-30 22:10:00,2.5499385480099055,0.0,2.9819272037935796
T2,2025-12-30 22:20:00,3.509635639915465,0.00017375397217365748,0.1039357047569609
T2,2025-12-30 22:30:00,3.746053216405579,0.0005177359232311623,0.6814513421509569
T2,2025-12-30 22:40:00,3.9900812881238763,0.0012470891569884035,1.000089106352713
T2,2025-12-30 22:50:00,4.73916696873849,0.006958474937640137,2.029313063389348
T2,2025-12-30 23:00:00,3.4040925087833607,8.531998259225286e-05,0.9237012515798844
T2,2025-12-30 23:10:00,6.321449654410207,0.04619407902660274,2.891468793060908
T2,2025-12-30 23:20:00,4.17874128686598,0.0021257719202296644,2.68618399261156
T2,2025-12-30 23:30:00,5.010022033957575,0.010509553221418323,0.8473894037741532
T2,2025-12-30 23:40:00,3.3611899133540146,6.023297181105416e-05,3.3037694731720237
T2,2025-12-30 23:50:00,1.921157527017959,0.0,1.501871512931742
T2,2025-12-31 00:00:00,4.967804900727716,0.01009193262139775,1.4501697245977367
T2,2025-12-31 00:10:00,5.364410883067519,0.0168188842567913,2.280977117511654
T2,2025-12-31 00:20:00,5.603719673297573,0.022761490360021445,3.0429181090069495
T2,2025-12-31 00:30:00,4.302291028777738,0.002912792395095326,2.4868707919756394
T2,2025-12-31 00:40:00,4.670414250542651,0.005754970872731644,1.6882297931013919
T2,2025-12-31 00:50:00,3.4725634047488425,0.00014039126306027044,2.3068085051339606
T2,2025-12-31 01:00:00,2.585533601234746,0.0,1.7681378503157352
T2,2025-12-31 01:10:00,4.6163474588250395,0.0053708069346891235,1.8523532300482557
T2,2025-12-31 01:20:00,5.166420475936557,0.012696557326334092,1.7525182669544848
T2,2025-12-31 01:30:00,5.167366571865216,0.012617202461985623,3.0421297898114923
T2,2025-12-31 01:40:00,5.674125154449869,0.02389064771025256,1.916110001960146
T2,2025-12-31 01:50:00,5.873193163532187,0.031973934246411435,1.3672327112980698
T2,2025-12-31 02:00:00,5.71329385019431,0.02529684355415369,3.0124997142053616
T2,2025-12-31 02:10:00,5.727087681271514,0.027405688087737544,0.2985739532469007
T2,2025-12-31 02:20:00,5.183046063608612,0.013570034285456823,2.740737943315028
T2,2025-12-31 02:30:00,4.267997385763764,0.002567545163950685,1.684542215268284
T2,2025-12-31 02:40:00,2.6403744776087303,0.0,1.8169601425892705
T2,2025-12-31 02:50:00,5.341881442566548,0.01759834296508815,0.8172701550048314
T2,2025-12-31 03:00:00,6.826538969981288,0.06951062983234187,2.8830794229332524
T2,2025-12-31 03:10:00,5.841076512811945,0.030652574812652197,0.43970578226572354
T2,2025-12-31 03:20:00,7.69829594286564,0.1352880103542021,0.635563324555068
T2,2025-12-31 03:30:00,6.309655543491224,0.045017720317782076,1.8617864672898352
T2,2025-12-31 03:40:00,3.1898116022688736,8.608045282763136e-06,-0.2711591421939894
T2,2025-12-31 03:50:00,7.009730952247797,0.08359439664152142,1.3702377162021224
T2,2025-12-31 04:00:00,4.760425613988828,0.006745891455050848,3.368637760774555
T2,2025-12-31 04:10:00,5.859783479865235,0.029798964794703082,0.8712837956665991
T2,2025-12-31 04:20:00,5.59043961809033,0.022782851463701015,2.6284813809923806
T2,2025-12-31 04:30:00,6.141680862507119,0.0424326521645343,0.7680029034105302
T2,2025-12-31 04:40:00,8.258260930546037,0.1920248197475674,3.064073832274234
T2,2025-12-31 04:50:00,7.855721734761157,0.15099213765884864,1.9883658351253195
T2,2025-12-31 05:00:00,4.901393822615473,0.009248475019807625,2.490621833453323
T2,2025-12-31 05:10:00,7.169337465291364,0.093256569641533,2.865042450338981
T2,2025-12-31 05:20:00,5.9283801876183855,0.031562233204027755,3.6334932222064076
T2,2025-12-31 05:30:00,8.42157734169871,0.2057849904319857,1.7488411748945036
T2,2025-12-31 05:40:00,8.923323670082326,0.2736474657856745,2.7288671477381894
T2,2025-12-31 05:50:00,6.694887872174215,0.06528858982287473,1.4753509616675475
T2,2025-12-31 06:00:00,8.481648937309869,0.2054030604993255,3.2446902268854925
T2,2025-12-31 06:10:00,8.726809264371367,0.24472799768133777,2.6870555097124806
T2,2025-12-31 06:20:00,8.482355775610225,0.22124187324169797,3.0938782672691705
T2,2025-12-31 06:30:00,9.0450491063695,0.29438312206833994,0.8770897731062375
T2,2025-12-31 06:40:00,7.689947697223218,0.12933319420009456,2.902574570516874
T2,2025-12-31 06:50:00,8.391212550015466,0.21396739915963825,2.215604096016153
T2,2025-12-31 07:00:00,8.026032522379753,0.16363928910043563,-0.2260070958577507
T2,2025-12-31 07:10:00,8.282782420486681,0.19716828931788014,1.8742905030757768
T2,2025-12-31 07:20:00,8.276982292924556,0.18456048965859537,1.4589850006746072
T2,2025-12-31 07:30:00,5.862355178558753,0.03051012354628832,0.2267582666568555
T2,2025-12-31 07:40:00,8.254297498738701,0.19301425600356617,3.227674500073883
T2,2025-12-31 07:50:00,9.830952055269872,0.4046981849341722,1.9656605573700745
T2,2025-12-31 08:00:00,7.077111549180835,0.08748838243079615,2.014648131047963
T2,2025-12-31 08:10:00,8.104626119030906,0.17811324645721405,2.016615314397461
T2,2025-12-31 08:20:00,5.198145590639539,0.013754332802596046,2.7947318330776634
T2,2025-12-31 08:30:00,9.219676553886577,0.3293078118118182,2.0988094673485476
T2,2025-12-31 08:40:00,8.978271423222216,0.2842974818649459,1.4987544451061154
T2,2025-12-31 08:50:00,9.990283330801716,0.4373503960155255,2.1414016277807755
T2,2025-12-31 09:00:00,10.816972910297666,0.6115143550034252,1.1615651635012414
T2,2025-12-31 09:10:00,8.066966334382423,0.16186649223308944,0.7035909248443162
T2,2025-12-31 09:20:00,8.292961529560168,0.2010423852079389,1.2346313628843615
T2,2025-12-31 09:30:00,9.835729413223074,0.43650998985109657,1.726668720187785
T2,2025-12-31 09:40:00,8.662450315674864,0.24040385465028707,2.503080588372758
T2,2025-12-31 09:50:00,10.07050668495514,0.44161532817779686,1.87805147829737
T2,2025-12-31 10:00:00,7.350946418056681,0.1051457642769317,0.22285160103324575
T2,2025-12-31 10:10:00,9.052487224504286,0.27774489808233,2.18807529036591
T2,2025-12-31 10:20:00,8.126866119570224,0.17284139094244205,2.941433661369685
T2,2025-12-31 10:30:00,7.602180796163327,0.12868054111537533,1.993402214232097
T2,2025-12-31 10:40:00,9.634946377694838,0.3803326401026807,1.3374865740458248
T2,2025-12-31 10:50:00,8.166324085298525,0.1752871930063014,1.2194396901185631
T2,2025-12-31 11:00:00,8.794187384770908,0.24401805720141084,0.9140399724712556
T2,2025-12-31 11:10:00,8.905259875779468,0.26597030389924947,1.2244733434064874
T2,2025-12-31 11:20:00,6.096318430975338,0.03906457733812349,1.304366735416636
T2,2025-12-31 11:30:00,10.308549866154596,0.48947094193098084,3.256493703260876
T2,2025-12-31 11:40:00,9.885414382370474,0.4313906832300067,1.2100346481227806
T2,2025-12-31 11:50:00,9.73474110947123,0.41157473765160235,2.484038021634263
T2,2025-12-31 12:00:00,9.104725666146402,0.2933183688270687,3.38230289328472
T2,2025-12-31 12:10:00,11.158094245914452,0.718513532541278,2.4843673698871016
T2,2025-12-31 12:20:00,9.87579515688198,0.4416022992017292,3.1059117994207655
T2,2025-12-31 12:30:00,8.208180823855349,0.17843755094333497,3.9750773133580295
T2,2025-12-31 12:40:00,9.937163301310914,0.4183806267254639,1.1156344617068625
T2,2025-12-31 12:50:00,10.82935916467978,0.6493175998528311,0.910116223887993
T2,2025-12-31 13:00:00,9.298292637551395,0.3324370295023903,1.1709537957038443
T2,2025-12-31 13:10:00,9.328039529689427,0.3429193879977369,4.040189904806692
T2,2025-12-31 13:20:00,9.917280463931847,0.43840551575521697,2.3565650024885936
T2,2025-12-31 13:30:00,10.242274634898381,0.47651297950905236,1.1165541088738422
T2,2025-12-31 13:40:00,9.833318982836143,0.428506584720678,-0.00908199705507462
T2,2025-12-31 13:50:00,8.83270921148433,0.2633938064670399,0.5608160395463428
T2,2025-12-31 14:00:00,9.98058702825947,0.42714964159954394,1.39233583519436
T2,2025-12-31 14:10:00,8.877346674802753,0.2523542695256141,2.583319604792924
T2,2025-12-31 14:20:00,8.751001871772477,0.2543265737813893,3.156302614569741
T2,2025-12-31 14:30:00,10.462807307704422,0.5365901624564252,2.887682159845908
T2,2025-12-31 14:40:00,8.552904912589584,0.21249693537129571,2.6733903667093553
T2,2025-12-31 14:50:00,7.876695807032577,0.1569957619453258,0.8479012694245913
T2,2025-12-31 15:00:00,9.43037065076232,0.32859258969437305,0.34019290705689875
T2,2025-12-31 15:10:00,7.596646010734363,0.12874609216249042,0.3410741196075997
T2,2025-12-31 15:20:00,9.989045265869574,0.4218940354597606,3.014481984030864
T2,2025-12-31 15:30:00,8.64937097370799,0.23093779094092873,3.234717938841197
T2,2025-12-31 15:40:00,9.674162981575122,0.37631189428967016,1.5578597375593848
T2,2025-12-31 15:50:00,8.368799750811506,0.19970081908445728,1.1518452474436969
T2,2025-12-31 16:00:00,7.045323782085155,0.08258092907478133,2.9188670633803504
T2,2025-12-31 16:10:00,4.766757753164964,0.007312370266947592,1.8034811795151957
T2,2025-12-31 16:20:00,6.95440748867991,0.07707441711218004,3.4389504960952655
T2,2025-12-31 16:30:00,9.312131005998626,0.3340776506748955,1.6879726068686347
T2,2025-12-31 16:40:00,7.267474432625247,0.09702069694234448,2.99132434836263
T2,2025-12-31 16:50:00,8.794739351354114,0.25835603587961997,0.9418214503328539
T2,2025-12-31 17:00:00,8.934917512002848,0.2613527122897013,2.9653364745591313
T2,2025-12-31 17:10:00,5.528332498490611,0.021851120538589085,1.4215310384870727
T2,2025-12-31 17:20:00,6.904461563985527,0.08116834549461276,1.9944340204818343
T2,2025-12-31 17:30:00,7.137710054749208,0.09106929537703151,1.394186735460797
T2,2025-12-31 17:40:00,8.927409351414864,0.28529647636330757,1.8487847908871782
T2,2025-12-31 17:50:00,8.98059352012281,0.27075471769905884,2.672391031678541
T2,2025-12-31 18:00:00,6.1000828249634065,0.036857174899109856,2.9406129727317483
T2,2025-12-31 18:10:00,7.660309749972871,0.1294334642626885,2.115045788125445
T2,2025-12-31 18:20:00,7.16138963758677,0.0972742449394339,1.6175650797382795
T2,2025-12-31 18:30:00,5.3231759386655435,0.01660264687917251,1.4958037058657863
T2,2025-12-31 18:40:00,7.863207146585184,0.15508531197775444,1.4341342068864842
T2,2025-12-31 18:50:00,8.47760262501232,0.20764794119104288,3.0785032352746766
T2,2025-12-31 19:00:00,5.065430100109403,0.011563483731104643,0.6633337347678052
T2,2025-12-31 19:10:00,7.009187112261931,0.08373791245250395,0.9053891111881498
T2,2025-12-31 19:20:00,5.287193304062927,0.01571599298096806,1.3668104945406347
T2,2025-12-31 19:30:00,7.296128519550516,0.10494761719342711,1.3207767932374113
T2,2025-12-31 19:40:00,7.238064314506164,0.10385121968160509,1.3009190558049335
T2,2025-12-31 19:50:00,5.397937008482246,0.018209701579833325,2.1840892388899813
T2,2025-12-31 20:00:00,5.5021611709181295,0.020703002236346572,2.536618022931949
T2,2025-12-31 20:10:00,7.561187879745512,0.12234279160281049,2.59610573181781
T2,2025-12-31 20:20:00,5.298108220542326,0.016023996730032707,0.5749652530136442
T2,2025-12-31 20:30:00,6.7289545073600685,0.06804477917210507,2.772623970110866
T2,2025-12-31 20:40:00,3.2586673619480293,2.1660547567052748e-05,2.9709459749785374
T2,2025-12-31 20:50:00,3.4928044570859553,0.00014821303641715527,1.7567964432928145
T2,2025-12-31 21:00:00,6.467043001293318,0.056984244612212784,1.390797232129908
T2,2025-12-31 21:10:00,5.39754516604802,0.017234576161916166,0.036143853837089734
T2,2025-12-31 21:20:00,4.662374444979519,0.005752505670977164,1.4884386790753168
T2,2025-12-31 21:30:00,3.6190228753640117,0.00030653534346577517,3.381999631327578
T2,2025-12-31 21:40:00,5.131469617916996,0.013225564435925355,1.107009552049353
T2,2025-12-31 21:50:00,3.193901583853462,9.626280012735023e-06,1.7876558434516325
T2,2025-12-31 22:00:00,4.539768546142794,0.004973281300656816,4.205204759825955
T2,2025-12-31 22:10:00,5.475767475604039,0.02021974707573386,1.6632149886778325
T2,2025-12-31 22:20:00,4.285471388657186,0.0026886578906332183,2.5519801588570363
T2,2025-12-31 22:30:00,2.6730095483766854,0.0,2.8880718699561805
T2,2025-12-31 22:40:00,2.5086750562417865,0.0,2.3901718623222488
T2,2025-12-31 22:50:00,3.9298865702195642,0.0010646942793657338,1.711832912595364
T2,2025-12-31 23:00:00,1.7427626221729118,0.0,2.278024025149285
T2,2025-12-31 23:10:00,5.362103923030722,0.017290456229804692,-0.43081801672772757
T2,2025-12-31 23:20:00,3.5324049288567227,0.00019243548830370877,2.6966333765430948
T2,2025-12-31 23:30:00,3.6095219563375935,0.00029442704586033587,2.9758407515678544
T2,2025-12-31 23:40:00,3.91549008480786,0.0009705099573204788,2.5967214902130076
T2,2025-12-31 23:50:00,3.412891228568936,9.014537161902829e-05,3.0418879203204052
T2,2026-01-01 00:00:00,5.943174969238541,0.033183798835727016,3.0272611687388054
T2,2026-01-01 00:10:00,3.5427258069886767,0.00020628779480118495,2.5852413857452192
T2,2026-01-01 00:20:00,2.8840405530276163,0.0,0.6416337031379846
T2,2026-01-01 00:30:00,5.643155848722588,0.02311837744246622,3.383292324345433
T2,2026-01-01 00:40:00,3.52943160153772,0.00018438147207734286,2.2261457272812235
T2,2026-01-01 00:50:00,6.19940976844079,0.043608895914939695,2.4701554225173226
T2,2026-01-01 01:00:00,5.303170981423656,0.016427397687697447,0.7697877354008373
T2,2026-01-01 01:10:00,3.945349525754182,0.0011035210915348863,1.7684084680260783
T2,2026-01-01 01:20:00,4.6264746877876854,0.005665292096530376,2.406402231280159
T2,2026-01-01 01:30:00,3.315417523749754,4.146984380348814e-05,2.265116147886533
T2,2026-01-01 01:40:00,3.2357247413754466,1.6945219962904334e-05,1.4042230893813703
T2,2026-01-01 01:50:00,5.989958907875667,0.03345115250379823,3.0396381642200336
T2,2026-01-01 02:00:00,4.274587578589175,0.0026091982063951237,2.5638290785718403
T2,2026-01-01 02:10:00,4.556608627644565,0.004884285900040456,2.8867249789536573
T2,2026-01-01 02:20:00,4.24676964436907,0.002593110440437175,3.4850260110577675
T2,2026-01-01 02:30:00,5.05028854818378,0.01081734081917593,1.3824681197414947
T2,2026-01-01 02:40:00,4.623194480214971,0.00554738726436986,0.44943376349233355
T2,2026-01-01 02:50:00,5.1243572549610334,0.013120584641655221,3.394636247678873
T2,2026-01-01 03:00:00,5.204017227968488,0.013802014319073422,3.165838159541212
T2,2026-01-01 03:10:00,6.829576564417714,0.07417418899512251,2.314113924515115
T2,2026-01-01 03:20:00,4.744334616777497,0.006860766842252824,2.283452023264009
T2,2026-01-01 03:30:00,5.295562187370835,0.01609753991171263,0.7687898883492228
T2,2026-01-01 03:40:00,5.664333951417608,0.023797587165209702,2.7283057545018847
T2,2026-01-01 03:50:00,4.488776981618126,0.004482629748239793,2.4271108730988353
T2,2026-01-01 04:00:00,6.296069277122223,0.044337506247180795,1.8448167520984011
T2,2026-01-01 04:10:00,5.666299482161614,0.02506613091267291,1.765715222642795
T2,2026-01-01 04:20:00,5.213335035400829,0.013789186680664329,2.0020569077247794
T2,2026-01-01 04:30:00,5.070085936286494,0.011561098192254832,2.83205920042995
T2,2026-01-01 04:40:00,5.9956244454221235,0.03531524589304983,2.231687264709698
T2,2026-01-01 04:50:00,6.463863921487102,0.05163051657039759,1.1778374994712062
T2,2026-01-01 05:00:00,6.808898401758189,0.07326026072973174,0.6800159454283212
T2,2026-01-01 05:10:00,7.2775438971067,0.09730920262291681,1.1017340089331351
T2,2026-01-01 05:20:00,6.151214518244415,0.039708247855805054,2.738480206631801
T2,2026-01-01 05:30:00,8.239694329933242,0.19607744598755766,0.7642294163390071
T2,2026-01-01 05:40:00,6.890212744218329,0.07943077761655461,1.5348586139172982
T2,2026-01-01 05:50:00,8.174642192227116,0.18070876752591838,3.593419426836636
T2,2026-01-01 06:00:00,6.600495229036648,0.061350275117135235,2.256289736748236
T2,2026-01-01 06:10:00,8.435798431572444,0.20928362017425114,0.043867967572734035
T2,2026-01-01 06:20:00,7.287096127272206,0.10284261122766339,1.4228269218047993
T2,2026-01-01 06:30:00,6.463751269963775,0.056682158711333405,1.7047839210227467
T2,2026-01-01 06:40:00,6.950422217028886,0.08383020154633078,3.5452433643395853
T2,2026-01-01 06:50:00,7.818547250473987,0.14539353496862076,1.5050538737366859
T2,2026-01-01 07:00:00,5.691809634069115,0.024968571934092732,2.5884023298331322
T2,2026-01-01 07:10:00,8.023072692144671,0.17170665740918434,2.4748164534158525
T2,2026-01-01 07:20:00,5.508161114427617,0.020748895303785406,2.5265000149543857
T2,2026-01-01 07:30:00,8.183725499952565,0.18295080549855403,1.171503075944004
T2,2026-01-01 07:40:00,7.0722170297365805,0.09024592569207088,1.4348319656063553
T2,2026-01-01 07:50:00,6.69328430967994,0.06481978556832343,1.1694038342317286
T2,2026-01-01 08:00:00,7.571077892813798,0.12421041612229435,2.328821334211364
T2,2026-01-01 08:10:00,9.863559340192532,0.41079067728036783,1.850011697266538
T2,2026-01-01 08:20:00,10.45413428510273,0.535934281268762,4.52832000453842
T2,2026-01-01 08:30:00,8.097053763022052,0.16636724923505822,1.76447278067586
T2,2026-01-01 08:40:00,10.324764408556865,0.500048429942893,3.0022836747257786
T2,2026-01-01 08:50:00,9.067026941284466,0.29507495234694925,1.7349709840905219
T2,2026-01-01 09:00:00,10.84530018965103,0.6034797988873539,2.1152397765562485
T2,2026-01-01 09:10:00,8.982282404009622,0.2773182509095476,1.2501271184613385
T2,2026-01-01 09:20:00,9.809727025056462,0.40234731811042623,1.7214120097301913
T2,2026-01-01 09:30:00,7.800178138657855,0.1403817673842309,2.2414926619504083
T2,2026-01-01 09:40:00,10.575814716464235,0.5639899590771505,1.9551809001439022
T2,2026-01-01 09:50:00,10.187376890032148,0.4663066719858887,0.10119405422134387
T2,2026-01-01 10:00:00,10.632946761553452,0.5833325338814122,0.49680783073682
T2,2026-01-01 10:10:00,11.200876849002151,0.7083256489399777,3.250296776007393
T2,2026-01-01 10:20:00,8.962106572860236,0.2674354022550976,2.2734796451180426
T2,2026-01-01 10:30:00,9.929658795674543,0.416766297468623,4.0442370971987645
T2,2026-01-01 10:40:00,7.213169067335742,0.09501561470396191,2.3546702268514563
T2,2026-01-01 10:50:00,8.410372493326467,0.19722098800095084,2.453258686896424
T2,2026-01-01 11:00:00,8.033889503083719,0.16967225074434736,2.987685232319506
T2,2026-01-01 11:10:00,10.505406686136403,0.5363546611015729,1.9057423279042316
T2,2026-01-01 11:20:00,10.256381955885724,0.49580245779416354,2.436970212129227
T2,2026-01-01 11:30:00,10.062762799346755,0.46230673129035116,1.7773554148374082
T2,2026-01-01 11:40:00,9.813895679520211,0.414766589841869,1.9151060355806788
T2,2026-01-01 11:50:00,12.056152825524663,0.9442335522949383,1.484750059599319
T2,2026-01-01 12:00:00,10.671933310587583,0.6115743212781385,4.5197898640495
T2,2026-01-01 12:10:00,9.002785796116688,0.29542540805960704,0.9740134480390896
T2,2026-01-01 12:20:00,11.705234441641867,0.9040251919863531,3.3282665783957035
T2,2026-01-01 12:30:00,11.686609669714063,0.8352628008485646,3.8117361649508874
T2,2026-01-01 12:40:00,10.656230023594437,0.5626056591172769,2.1268765235359006
T2,2026-01-01 12:50:00,6.896712193426989,0.07838691056231048,2.2335421982350008
T2,2026-01-01 13:00:00,8.459917071193773,0.21307577113625065,2.976889788681071
T2,2026-01-01 13:10:00,10.087929246696966,0.46355911852812326,3.885838632341514
T2,2026-01-01 13:20:00,9.097286707682585,0.2826716175826017,3.247512722352181
T2,2026-01-01 13:30:00,7.501863322734609,0.11786356644140723,4.927551845206159
T2,2026-01-01 13:40:00,9.564221742869924,0.36174437835843176,1.2046649274746972
T2,2026-01-01 13:50:00,8.475648827798182,0.20606042235688035,1.763932939402355
T2,2026-01-01 14:00:00,9.638349911645124,0.38310083130353223,2.1607506073336316
T2,2026-01-01 14:10:00,9.592431780723343,0.3644052899342903,4.344451421208112
T2,2026-01-01 14:20:00,10.98046323297032,0.6497989279122603,2.41982730759026
T2,2026-01-01 14:30:00,8.062347620374982,0.1647215616131265,2.5572475170197393
T2,2026-01-01 14:40:00,10.366537681339375,0.49565308016032855,3.4287834425903614
T2,2026-01-01 14:50:00,7.851881656208496,0.15610748405359728,1.8315226466922703
T2,2026-01-01 15:00:00,10.185818381332512,0.47317266315713175,2.3184883229831277
T2,2026-01-01 15:10:00,9.44812676110976,0.34304051218671755,1.7602392310975676
T2,2026-01-01 15:20:00,9.269518306957115,0.30576255524162593,2.81321117935249
T2,2026-01-01 15:30:00,8.842362632422336,0.2650423919811168,0.959908853906057
T2,2026-01-01 15:40:00,7.755474300818934,0.14679038852463977,1.9919214404964987
T2,2026-01-01 15:50:00,8.96092556622956,0.26769428914329774,1.9404237528730968
T2,2026-01-01 16:00:00,9.0451836015858,0.2776656869849029,2.1715008347104563
T2,2026-01-01 16:10:00,9.755931783496958,0.4097782034442825,1.8317569283297055
T2,2026-01-01 16:20:00,8.638614492529632,0.24331141352290814,2.5380276569303395
T2,2026-01-01 16:30:00,8.64617791681676,0.22885641026707246,2.1173170747497503
T2,2026-01-01 16:40:00,6.659066726934999,0.0639167422405906,-1.079158860306689
T2,2026-01-01 16:50:00,5.755895870386895,0.026282548663694356,2.807713655388455
T2,2026-01-01 17:00:00,7.937712777787609,0.15316457895094868,4.543842982780173
T2,2026-01-01 17:10:00,10.447243710252488,0.5349756188995228,2.639759799838327
T2,2026-01-01 17:20:00,7.3306389864370916,0.10463931590714233,2.2984977976245684
T2,2026-01-01 17:30:00,6.280788336104538,0.045700246862733336,1.729057995846847
T2,2026-01-01 17:40:00,4.091681096325484,0.0016999479180027067,2.8795400721702267
T2,2026-01-01 17:50:00,7.854029719868528,0.15284407025305133,1.31946084582315
T2,2026-01-01 18:00:00,5.837320809691682,0.029714415548972674,4.423053019203122
T2,2026-01-01 18:10:00,6.149662792192086,0.04145046100593254,1.3643578427974181
T2,2026-01-01 18:20:00,7.130753865524362,0.09270251421770782,2.8667037941195104
T2,2026-01-01 18:30:00,7.482604352643071,0.11127278644396806,1.6168786132388684
T2,2026-01-01 18:40:00,8.875852879273243,0.25983311259851444,0.5243055558801184
T2,2026-01-01 18:50:00,7.983610226055367,0.1690220564513765,2.4940807011076442
T2,2026-01-01 19:00:00,7.227773437726045,0.10139056276948406,2.615073134804542
T2,2026-01-01 19:10:00,6.240514477442268,0.0458657345943349,2.5119973431853264
T2,2026-01-01 19:20:00,4.708631665382494,0.006239493509792546,2.626315705738459
T2,2026-01-01 19:30:00,5.742018856868421,0.026678085976224855,1.5226499191696052
T2,2026-01-01 19:40:00,7.1139758038087635,0.09282883984791156,0.8564442945237176
T2,2026-01-01 19:50:00,3.132080610452882,2.9709987773890716e-06,1.2894929129588413
T2,2026-01-01 20:00:00,5.657591212974686,0.023863781310442898,0.39645328205626074
T2,2026-01-01 20:10:00,7.516793295947257,0.11909452626603496,3.554030319743336
T2,2026-01-01 20:20:00,6.681357480004093,0.06651449211804993,1.752268964400338
T2,2026-01-01 20:30:00,5.152208015104616,0.012404511677729727,1.9327144305825257
T2,2026-01-01 20:40:00,4.9837619096911725,0.010331994045418243,0.8292039294253182
T2,2026-01-01 20:50:00,6.0825753784442815,0.03666645648132435,3.0994431923081325
T2,2026-01-01 21:00:00,4.944571434250697,0.00978620938549728,1.9084143833968894
T2,2026-01-01 21:10:00,5.8308760551527605,0.030494396909094886,1.579710559179534
T2,2026-01-01 21:20:00,7.169096180285108,0.09617998522615623,1.7152314056291509
T2,2026-01-01 21:30:00,4.697042714320435,0.0061417766054805804,3.1122428993857687
T2,2026-01-01 21:40:00,4.248132044523495,0.002535669823684547,2.8276629682243
T2,2026-01-01 21:50:00,6.190994537917391,0.041376664809969786,1.5449680481933221
T2,2026-01-01 22:00:00,5.268192516111841,0.014939599739654898,2.9302229641745208
T2,2026-01-01 22:10:00,3.812493426045335,0.0007230757313923399,2.899285795931008
T2,2026-01-01 22:20:00,2.321089689672134,0.0,2.5345055951643567
T2,2026-01-01 22:30:00,6.833963659028223,0.07336351462312735,2.946686806197058
T2,2026-01-01 22:40:00,6.973230338224455,0.0854141542596835,1.1635364629204812
T2,2026-01-01 22:50:00,4.47825678779638,0.004046467312258683,1.3513465886163096
T2,2026-01-01 23:00:00,5.235448433931101,0.014969451801418118,1.9642336501950064
T2,2026-01-01 23:10:00,4.8760994931355235,0.00835488051665746,2.2109183217142214
T2,2026-01-01 23:20:00,5.167409159676705,0.01335767744183398,1.681443738480244
T2,2026-01-01 23:30:00,6.642317073217448,0.060180491050804585,1.5870661606450485
T2,2026-01-01 23:40:00,5.168803457749056,0.013040516182393245,2.07201306439071
T2,2026-01-01 23:50:00,4.46067661335566,0.004025535569512169,2.0981936617129144
T2,2026-01-02 00:00:00,5.008954406626359,0.010921534981776983,0.782362390222058
T2,2026-01-02 00:10:00,4.8164627759007494,0.008167381195726641,0.8938334801643646
T2,2026-01-02 00:20:00,5.498336806528936,0.019845058072870545,1.892172127681158
T2,2026-01-02 00:30:00,4.3368803575298775,0.0031031998586846256,4.440661805596917
T2,2026-01-02 00:40:00,3.8781091050773906,0.0008757270176129461,2.5332175099235132
T2,2026-01-02 00:50:00,6.965201952333457,0.08516605539224249,4.201225290537234
T2,2026-01-02 01:00:00,5.620679476708039,0.024330791365975674,2.273854963779364
T2,2026-01-02 01:10:00,5.784311931593503,0.02882686818556676,3.4360467888446395
T2,2026-01-02 01:20:00,7.4562811752067875,0.11282075877292831,2.1679163822367404
T2,2026-01-02 01:30:00,4.85598209141201,0.008614278429058755,1.580206579558902
T2,2026-01-02 01:40:00,4.629121766227583,0.00536792406461035,2.4721907970626837
T2,2026-01-02 01:50:00,5.372631030068084,0.01816682524215559,1.7439155719860546
T2,2026-01-02 02:00:00,3.7499091799731747,0.0005352222074485839,4.676698132459007
T2,2026-01-02 02:10:00,3.8790030252563423,0.0008928025070904861,2.488357005033623
T2,2026-01-02 02:20:00,3.8085913898487394,0.0007170795972116338,2.4641522212912794
T2,2026-01-02 02:30:00,5.872819422070632,0.030345808671787086,2.6143194268754364
T2,2026-01-02 02:40:00,3.280790164150936,2.8042288017954928e-05,1.9923037980213818
T2,2026-01-02 02:50:00,5.326735452159779,0.01640449436787439,2.137228348961874
T2,2026-01-02 03:00:00,5.170337643077932,0.013751124036262115,1.135381623512464
T2,2026-01-02 03:10:00,7.224865658405766,0.10267167746079421,3.584000192139228
T2,2026-01-02 03:20:00,5.028082619867721,0.01096794465134096,2.11326955763169
T2,2026-01-02 03:30:00,6.7035665885534605,0.06330445869791466,2.362359966566191
T2,2026-01-02 03:40:00,6.669219806736482,0.06769564008763868,4.718036221082927
T2,2026-01-02 03:50:00,6.654019319783524,0.0661047319024046,2.5037743973747935
T2,2026-01-02 04:00:00,7.635156982732571,0.13633825379335276,3.2114700424600997
T2,2026-01-02 04:10:00,3.7878769369151395,0.0006136600640183966,2.129722326635349
T2,2026-01-02 04:20:00,6.570341064337043,0.058344410711656115,3.2181262107343698
T2,2026-01-02 04:30:00,5.71520278109621,0.025710108828564088,2.6497302999788084
T2,2026-01-02 04:40:00,5.812198158665479,0.02805699984736627,3.419447810993651
T2,2026-01-02 04:50:00,7.954469911307486,0.16511795376754615,3.483498004265062
T2,2026-01-02 05:00:00,5.771814662017241,0.026836724555998802,2.9795961696106694
T2,2026-01-02 05:10:00,5.748654928303495,0.02809251653550222,1.5744741834474951
T2,2026-01-02 05:20:00,8.155347225547558,0.1821718992172292,2.18409089667115
T2,2026-01-02 05:30:00,4.381801033172481,0.0034012877425937563,2.275808859981614
T2,2026-01-02 05:40:00,8.516816996293105,0.21894511751787782,1.641455341971635
T2,2026-01-02 05:50:00,5.70876893754877,0.02562684272277151,2.2949155791387357
T2,2026-01-02 06:00:00,9.373685790483233,0.3251923251335243,2.483776621343365
T2,2026-01-02 06:10:00,6.291320822743147,0.04648841854799905,1.513760620999936
T2,2026-01-02 06:20:00,8.040068606768228,0.17028864709586342,2.9630490814550416
T2,2026-01-02 06:30:00,7.8277937708304774,0.14070154816824582,2.3142276147431313
T2,2026-01-02 06:40:00,7.694463014857362,0.1386248142213232,2.265927742422661
T2,2026-01-02 06:50:00,8.321083436248028,0.18795366263226473,2.254258027172491
T2,2026-01-02 07:00:00,7.769489012677421,0.14175197978317758,1.8999629104772289
T2,2026-01-02 07:10:00,9.242500067923137,0.32113619880900335,1.31924792807328
T2,2026-01-02 07:20:00,8.765649763026238,0.2616886059937501,2.2566985973103417
T2,2026-01-02 07:30:00,5.945500536481227,0.032996993146743314,0.9389193231098489
T2,2026-01-02 07:40:00,4.937054446018926,0.009852833906256787,2.0988219781981328
T2,2026-01-02 07:50:00,11.081809338222367,0.6936624661650004,2.676665875316369
T2,2026-01-02 08:00:00,5.57303872244548,0.022556587501560862,1.0915310345844942
T2,2026-01-02 08:10:00,8.54434059929602,0.23305021099841805,1.7025080614982477
T2,2026-01-02 08:20:00,7.801615546375233,0.14996064132214829,3.6265150839330955
T2,2026-01-02 08:30:00,7.839258782988076,0.14434623650214268,4.35007513170568
T2,2026-01-02 08:40:00,7.605338735986088,0.12879718239230692,3.036484326970957
T2,2026-01-02 08:50:00,11.358744560514982,0.7851227711350021,1.470201549036052
T2,2026-01-02 09:00:00,10.047524779084386,0.4398703051148716,2.373198898533537
T2,2026-01-02 09:10:00,7.594776625611594,0.12533824816354033,1.7818580941747708
T2,2026-01-02 09:20:00,9.849572802764486,0.42642689602899275,2.0338498833864302
T2,2026-01-02 09:30:00,9.321391980144176,0.3222776732247895,3.540493979172986
T2,2026-01-02 09:40:00,11.575722427002393,0.8033581457915776,2.2859630463190936
T2,2026-01-02 09:50:00,9.311142498413238,0.3434573077932103,3.4001978738866976
T2,2026-01-02 10:00:00,7.158151523396697,0.08944163504578344,2.8681618847796413
T2,2026-01-02 10:10:00,11.419288797182501,0.7832536252818414,1.8646111179143396
T2,2026-01-02 10:20:00,11.583365849988724,0.8530648172963889,2.321604743341986
T2,2026-01-02 10:30:00,11.723486596659738,0.8565802789764599,1.895028790017424
T2,2026-01-02 10:40:00,10.379531191940252,0.5318118508318919,3.820475529248194
T2,2026-01-02 10:50:00,7.102484523178342,0.08634891742078031,1.00020576072115
T2,2026-01-02 11:00:00,8.101271972377683,0.16857202255441694,2.3034198404918085
T2,2026-01-02 11:10:00,9.051714423286871,0.2953812481374268,2.6011124508727526
T2,2026-01-02 11:20:00,9.64126050803662,0.39621348950091234,2.8998722695159143
T2,2026-01-02 11:30:00,8.913101347626371,0.2700000964314621,1.163663803960126
T2,2026-01-02 11:40:00,10.12722323154107,0.48917057718230694,3.245831032238283
T2,2026-01-02 11:50:00,8.01999195606678,0.1709557690142679,3.012419060526249
T2,2026-01-02 12:00:00,8.69230810270247,0.23138464559322072,1.4711229467563331
T2,2026-01-02 12:10:00,8.393179330271806,0.2133800622564417,2.260225062483293
T2,2026-01-02 12:20:00,9.111503084565554,0.3012600191772757,2.38564182229449
T2,2026-01-02 12:30:00,7.361502862784077,0.10854383823602466,1.8945934837450191
T2,2026-01-02 12:40:00,11.801398498049796,0.9027461454389807,2.845857167952797
T2,2026-01-02 12:50:00,8.00443479882867,0.1567342642584341,1.8252971125909825
T2,2026-01-02 13:00:00,8.432046886008822,0.19867160701453723,2.0814110134073487
T2,2026-01-02 13:10:00,9.791006531406031,0.3975074542209927,1.213784937978519
T2,2026-01-02 13:20:00,8.188476312862086,0.17871676113982105,2.0051900163532057
T2,2026-01-02 13:30:00,10.34572436174193,0.5331961249593894,3.178633933373204
T2,2026-01-02 13:40:00,10.264397301762276,0.5098658090929846,2.7287901303897133
T2,2026-01-02 13:50:00,10.344733584506937,0.5200781971197487,2.0062947153118738
T2,2026-01-02 14:00:00,8.072223728757798,0.1710123491353147,1.2496525939067828
T2,2026-01-02 14:10:00,7.8997388111466655,0.1545023620149944,3.0050296172647797
T2,2026-01-02 14:20:00,8.419267665192036,0.21081091674556923,0.8566094014127685
T2,2026-01-02 14:30:00,8.21053093121697,0.1890339232536998,1.9056156254813115
T2,2026-01-02 14:40:00,8.729304998043576,0.2544257488765558,3.2918428497572583
T2,2026-01-02 14:50:00,8.990576112389945,0.288832624867109,1.4263788901007737
T2,2026-01-02 15:00:00,8.562169062515231,0.2313365107878381,3.4793635082717946
T2,2026-01-02 15:10:00,7.935096795750128,0.15104762799846966,2.705260022027335
T2,2026-01-02 15:20:00,9.888032895713502,0.42363177717011874,3.6802265475284344
T2,2026-01-02 15:30:00,9.925016582746292,0.436701950421352,1.4075498891700533
T2,2026-01-02 15:40:00,9.365805182451838,0.3343085687997554,2.87416469833484
T2,2026-01-02 15:50:00,8.961508151914051,0.2879355705449313,1.9585529016074235
T2,2026-01-02 16:00:00,8.709870609498191,0.2429970023196795,3.074630969064116
T2,2026-01-02 16:10:00,10.087775968333519,0.477085923420909,1.43924406474573
T2,2026-01-02 16:20:00,7.27051042299344,0.09708561062812804,2.2314484031128403
T2,2026-01-02 16:30:00,6.331258698615488,0.04692370670401411,2.615596516836309
T2,2026-01-02 16:40:00,7.545656939567222,0.12042591458268713,3.977617376417671
T2,2026-01-02 16:50:00,7.618459552875705,0.13126753775704203,2.8819100772600845
T2,2026-01-02 17:00:00,7.163616870701265,0.09891072939008831,2.6922378762136643
T2,2026-01-02 17:10:00,7.126221368751603,0.09195326789318188,1.891636121651754
T2,2026-01-02 17:20:00,7.053848811358056,0.08624834230602431,2.907680393382534
T2,2026-01-02 17:30:00,7.623755927471696,0.12735657196013198,0.9313505022926316
T2,2026-01-02 17:40:00,6.276135050052606,0.04444799214613067,1.2354170197991245
T2,2026-01-02 17:50:00,5.778254076374735,0.02746426665584493,5.339095901732481
T2,2026-01-02 18:00:00,6.824088482691114,0.06926010680831812,3.2440740050243377
T2,2026-01-02 18:10:00,7.447197358880041,0.11657944360669044,2.4626645202101707
T2,2026-01-02 18:20:00,6.500058764578681,0.0567834937142197,3.07263359333764
T2,2026-01-02 18:30:00,5.048405891645362,0.01144152497503254,1.6629227239368927
T2,2026-01-02 18:40:00,6.4766532145101365,0.05652564581310521,2.4261322310510156
T2,2026-01-02 18:50:00,5.722123534121271,0.025929592696689242,2.9478372865694213
T2,2026-01-02 19:00:00,6.896465306331666,0.0753263210539362,2.393880289026516
T2,2026-01-02 19:10:00,5.637862779230567,0.02510046954195052,1.781257152994717
T2,2026-01-02 19:20:00,6.072895938232507,0.03804832612850331,2.6548293887412857
T2,2026-01-02 19:30:00,7.166031964974871,0.09753494954803581,2.2769900035109147
T2,2026-01-02 19:40:00,6.100187151010247,0.03733509348219187,3.3229110602246275
T2,2026-01-02 19:50:00,5.742406111819574,0.02814793865274169,3.79660928589465
T2,2026-01-02 20:00:00,5.423324544000982,0.01775179238184786,2.1713883961348475
T2,2026-01-02 20:10:00,4.667177482961976,0.006231042887721288,1.9299829781417448
T2,2026-01-02 20:20:00,6.254580690374928,0.04725307872944234,0.7511052173355541
T2,2026-01-02 20:30:00,3.768526897904717,0.0006001054704980473,3.2109016263533317
T2,2026-01-02 20:40:00,4.611133744816156,0.005336923069803877,1.8175322617560543
T2,2026-01-02 20:50:00,4.076512030074544,0.001607727286856982,1.534930183774824
T2,2026-01-02 21:00:00,5.829453068723623,0.029921138505227724,3.272931485391717
T2,2026-01-02 21:10:00,7.96056330869507,0.1518314472133596,3.862396351786032
T2,2026-01-02 21:20:00,3.556303427975247,0.00022216718245199235,3.1846018213495357
T2,2026-01-02 21:30:00,5.87487477009679,0.030025513567075012,1.7598330146169925
T2,2026-01-02 21:40:00,4.916773404799893,0.009448963865953543,1.4599932987090665
T2,2026-01-02 21:50:00,7.4300003047943095,0.10861435525342521,1.9795235764529737
T2,2026-01-02 22:00:00,1.8077133436510993,0.0,1.3045438158310712
T2,2026-01-02 22:10:00,3.725382122011488,0.00047978124265008864,3.1520922700792213
T2,2026-01-02 22:20:00,5.501594512684067,0.019429478592273723,0.647265459277172
T2,2026-01-02 22:30:00,4.7809171096202885,0.007635429655735933,2.048100781128748
T2,2026-01-02 22:40:00,5.2560258998560005,0.01566216597529473,1.4247123718096049
T2,2026-01-02 22:50:00,2.4716528420617037,0.0,1.9981113226070824
T2,2026-01-02 23:00:00,4.291083464347501,0.0028648158081563038,2.089903149062564
T2,2026-01-02 23:10:00,3.8329386054372403,0.0007778774600482696,3.1206359620383504
T2,2026-01-02 23:20:00,7.249003337540529,0.10291595623758394,0.5507947426271287
T2,2026-01-02 23:30:00,5.082787597110994,0.011419899405653305,2.075770057369668
T2,2026-01-02 23:40:00,5.115758391901213,0.01297548511422316,1.840246716021614
T2,2026-01-02 23:50:00,4.273572236354064,0.0027936871679027637,3.009905286684283
T2,2026-01-03 00:00:00,6.433122981921113,0.054146420977712474,0.295309950390636
T2,2026-01-03 00:10:00,4.76133999333975,0.007491556035820316,2.631917848258505
T2,2026-01-03 00:20:00,5.076682453371086,0.01217604045938468,2.1069399202601775
T2,2026-01-03 00:30:00,3.4411789317575763,0.00010854701349837171,3.168978091057517
T2,2026-01-03 00:40:00,5.844911279745965,0.031005945580674637,2.2325015904126455
T2,2026-01-03 00:50:00,5.804996309706768,0.02954461306803337,2.565226409227654
T2,2026-01-03 01:00:00,3.323016738766456,4.3136459489140504e-05,2.0915168493568506
T2,2026-01-03 01:10:00,3.691320327084439,0.0004435782939217698,2.078629772698222
T2,2026-01-03 01:20:00,5.160460837560875,0.013755479176355119,2.6510410254059984
T2,2026-01-03 01:30:00,4.497555439723921,0.004496955570043972,3.0390006289712854
T2,2026-01-03 01:40:00,3.6360342885205537,0.0003404013842235935,3.6579947407169335
T2,2026-01-03 01:50:00,5.009907761669103,0.010611780603180661,3.7161470066407034
T2,2026-01-03 02:00:00,5.723675560167393,0.025326847077806792,2.513658883288268
T2,2026-01-03 02:10:00,4.9043051961344615,0.009090395620989452,1.7716258343578528
T2,2026-01-03 02:20:00,4.420929374363834,0.0035433353208239563,3.5559045461953436
T2,2026-01-03 02:30:00,5.530214051715502,0.020896795240860876,1.5569727818928585
T2,2026-01-03 02:40:00,4.8481400548882645,0.007865072895869598,2.2454050379484065
T2,2026-01-03 02:50:00,4.80481949242125,0.007408549136263041,3.9295685884905165
T2,2026-01-03 03:00:00,5.783655042985971,0.026748313987890317,1.972827464736321
T2,2026-01-03 03:10:00,7.069542479934268,0.08973227311520261,1.3809187863838823
T2,2026-01-03 03:20:00,7.084927847516411,0.08628014366593648,2.877065282735631
T2,2026-01-03 03:30:00,5.793817081422962,0.02747658710313289,1.350480238157337
T2,2026-01-03 03:40:00,5.281824197326484,0.015815153371927033,3.740301582495989
T2,2026-01-03 03:50:00,5.7778301264544565,0.029307249103701836,1.8243438652436055
T2,2026-01-03 04:00:00,6.175197545520189,0.042158467217948525,4.6959209594200875
T2,2026-01-03 04:10:00,6.75766535024164,0.07151724803625732,4.306669756648336
T2,2026-01-03 04:20:00,5.773514477014923,0.026611416045270685,1.7701512709461258
T2,2026-01-03 04:30:00,6.076182864715552,0.037001009737492374,1.298593726279236
T2,2026-01-03 04:40:00,6.621392653456795,0.05971297894119527,2.248398489226089
T2,2026-01-03 04:50:00,5.08967514977998,0.012272547336712337,1.2999682789660125
T2,2026-01-03 05:00:00,6.377186824458541,0.04876048092758346,1.891965439084426
T2,2026-01-03 05:10:00,6.868016227518258,0.07921798277990245,0.9905497314254312
T2,2026-01-03 05:20:00,7.584894793553475,0.13104990182316784,2.12491301215354
T2,2026-01-03 05:30:00,7.070198370352541,0.08499145119106387,3.6442475647620514
T2,2026-01-03 05:40:00,6.1126161600759445,0.04132805623929482,2.1300694055694454
T2,2026-01-03 05:50:00,5.420437955930485,0.018864338253287264,2.6494795451711095
T2,2026-01-03 06:00:00,6.021804601637044,0.037105722141753485,1.4834683050352877
T2,2026-01-03 06:10:00,5.409935964737491,0.017722838203799135,1.8619745201621556
T2,2026-01-03 06:20:00,5.790076087634268,0.027246110515993984,1.6436115776703655
T2,2026-01-03 06:30:00,6.354157633171371,0.04920291939715437,1.117510572253106
T2,2026-01-03 06:40:00,6.689514710330678,0.06205048064538922,3.5255502577910836
T2,2026-01-03 06:50:00,8.139308919358927,0.16898060946125248,4.797871974612021
T2,2026-01-03 07:00:00,7.2729914444847,0.10090054509374768,2.2507452588224948
T2,2026-01-03 07:10:00,7.459462638860473,0.11658531443637715,1.7731939849967047
T2,2026-01-03 07:20:00,7.968673159977722,0.15207978567803637,1.065605946879565
T2,2026-01-03 07:30:00,6.88541886161121,0.07532343821969073,1.981860817902302
T2,2026-01-03 07:40:00,6.396882774504878,0.04842945556310126,1.4023595907389939
T2,2026-01-03 07:50:00,7.26461382520654,0.09727457599372828,1.6945824507861489
T2,2026-01-03 08:00:00,6.874231581560156,0.07471151978134437,2.430864458539139
T2,2026-01-03 08:10:00,10.104730380381644,0.4624570744320875,1.8281032150998011
T2,2026-01-03 08:20:00,10.192993909323077,0.4660345505524434,3.0386194413498337
T2,2026-01-03 08:30:00,8.374946982615432,0.20218283924012107,4.107784993693886
T2,2026-01-03 08:40:00,9.010102725235587,0.28293901556482076,3.0020095413526917
T2,2026-01-03 08:50:00,10.480955212617918,0.5736481984565948,-0.16660564052272608
T2,2026-01-03 09:00:00,10.510171540962704,0.5795705426350664,1.0276734619849814
T2,2026-01-03 09:10:00,10.117994506376984,0.44747093277715183,1.3084058603936681
T2,2026-01-03 09:20:00,9.839918714984536,0.3973717987550903,2.074104724803521
T2,2026-01-03 09:30:00,10.419227714326817,0.5130176673548329,0.9072552731365517
T2,2026-01-03 09:40:00,7.731242327204941,0.13084566491492602,2.291743853819308
T2,2026-01-03 09:50:00,6.607793330203359,0.06186985233798133,2.239995784243377
T2,2026-01-03 10:00:00,8.168944823240633,0.17370171788351613,3.9363357727596346
T2,2026-01-03 10:10:00,9.765294649819328,0.4133195607777048,2.93205393592366
T2,2026-01-03 10:20:00,8.138568026774248,0.18201673509257846,1.5109035602651582
T2,2026-01-03 10:30:00,8.757920071258667,0.239147817117975,3.2175142890311874
T2,2026-01-03 10:40:00,9.327131367478005,0.3172226753928111,3.5714496954910047
T2,2026-01-03 10:50:00,9.286603256039882,0.3284153498932502,2.8603371691888073
T2,2026-01-03 11:00:00,8.07689115109416,0.1623023341225863,1.9139788265801339
T2,2026-01-03 11:10:00,9.157902705441114,0.29093899160340503,2.5577030384624546
T2,2026-01-03 11:20:00,10.547384402597169,0.579622351487847,2.546003626874242
T2,2026-01-03 11:30:00,10.203292728269295,0.4994844551899909,1.8816018854864796
T2,2026-01-03 11:40:00,9.466928698723823,0.3685214612016194,3.4250386125601997
T2,2026-01-03 11:50:00,9.243826486535438,0.3160093616905521,3.194357542694089
T2,2026-01-03 12:00:00,11.250044450833633,0.7170522367497606,1.8511585979561336
T2,2026-01-03 12:10:00,11.501447298914325,0.7979465951004768,2.1790338091055688
T2,2026-01-03 12:20:00,8.266920417554308,0.18087606958392075,2.4933910176651968
T2,2026-01-03 12:30:00,8.70844330751422,0.23691609429327265,1.8964426379793347
T2,2026-01-03 12:40:00,8.830023707808213,0.25323036354265066,2.421737008927865
T2,2026-01-03 12:50:00,10.146984881186071,0.4753939264913382,1.9525973618797505
T2,2026-01-03 13:00:00,9.376052177203455,0.3506936077277568,1.814614171402363
T2,2026-01-03 13:10:00,8.9658599058801,0.2862080762637168,2.459412125816349
T2,2026-01-03 13:20:00,11.307430357631963,0.7142828075154585,0.2114145194265018
T2,2026-01-03 13:30:00,9.854906881561265,0.42287831874153525,1.371482525923191
T2,2026-01-03 13:40:00,8.234862547210742,0.17736481756217679,1.4959561360341302
T2,2026-01-03 13:50:00,9.216073819814412,0.32850969053728407,2.467392162847193
T2,2026-01-03 14:00:00,8.997042773308253,0.27512474566977213,1.5413198695376984
T2,2026-01-03 14:10:00,10.901923280333538,0.6543803082669408,1.7749182539623425
T2,2026-01-03 14:20:00,6.728179230246511,0.06723534609076622,3.9142796544645577
T2,2026-01-03 14:30:00,8.903819299267624,0.2809832963001883,1.885694836019624
T2,2026-01-03 14:40:00,9.121437794243331,0.29205218144454903,0.6249417880297508
T2,2026-01-03 14:50:00,10.295745732184427,0.4804342301869837,3.124407432442789
T2,2026-01-03 15:00:00,8.755713084194486,0.24302470005512436,4.36139361157751
T2,2026-01-03 15:10:00,9.59880615409647,0.3595485837869335,1.4949287205311446
T2,2026-01-03 15:20:00,9.546697146885304,0.377365123426458,3.1393264304827238
T2,2026-01-03 15:30:00,6.423722169594612,0.05099735059071521,1.9165992954705833
T2,2026-01-03 15:40:00,7.7067144106847865,0.13011438325127223,2.3764449399160843
T2,2026-01-03 15:50:00,7.537090364034676,0.11959062059939149,1.5583897996735208
T2,2026-01-03 16:00:00,8.30758416797384,0.20173585512798298,4.924059607954095
T2,2026-01-03 16:10:00,6.523116028332694,0.05548011946378,1.5138687878271777
T2,2026-01-03 16:20:00,8.46255440570218,0.214279484634108,2.4647070401721085
T2,2026-01-03 16:30:00,7.483737244785595,0.12018292143525272,3.296198123988989
T2,2026-01-03 16:40:00,8.034293288763193,0.16229433727066891,1.1850622738489054
T2,2026-01-03 16:50:00,4.930014399698793,0.009099187532185539,4.170412951379852
T2,2026-01-03 17:00:00,7.945852947584761,0.16362351485635293,3.675220079163367
T2,2026-01-03 17:10:00,7.7841525517755965,0.13721879746925536,0.8211710068052223
T2,2026-01-03 17:20:00,5.627888783412048,0.024662338877696123,2.1840440030431414
T2,2026-01-03 17:30:00,6.930953551622793,0.08174314338011483,0.6664510763084057
T2,2026-01-03 17:40:00,7.74839903855208,0.13436899779968728,4.076466220275682
T2,2026-01-03 17:50:00,9.488687475013812,0.37463455318575145,1.2724538608126834
T2,2026-01-03 18:00:00,6.101725480115858,0.03854973141657577,2.6681123288845354
T2,2026-01-03 18:10:00,6.826233405816697,0.0724554942486311,2.8936534510400946
T2,2026-01-03 18:20:00,5.638605598794626,0.024496688063442504,2.0332190783591155
T2,2026-01-03 18:30:00,7.183121808927388,0.09378246520465087,2.075641215721179
T2,2026-01-03 18:40:00,4.739508592605288,0.006872470512278126,2.3891939341353634
T2,2026-01-03 18:50:00,5.554598203580061,0.021405220111772854,1.1550702871159804
T2,2026-01-03 19:00:00,6.331000300103826,0.04761442571694273,0.9773487225938917
T2,2026-01-03 19:10:00,6.081287314125698,0.037525612801918455,1.7193805328139076
T2,2026-01-03 19:20:00,5.521493813112578,0.020238870737354253,2.5069242923061683
T2,2026-01-03 19:30:00,5.400509309990975,0.018679304286918302,-0.2852558677590209
T2,2026-01-03 19:40:00,4.949019738033106,0.009404755267282893,1.886114090926481
T2,2026-01-03 19:50:00,6.759750862373819,0.07086073960041807,1.0473307779298384
T2,2026-01-03 20:00:00,5.574661996843305,0.02289276645720458,2.2729510786368974
T2,2026-01-03 20:10:00,3.8427285444162846,0.0008009995219249345,1.9103657707085446
T2,2026-01-03 20:20:00,5.958234623672306,0.03453191010485093,2.2348221710155682
T2,2026-01-03 20:30:00,5.947485233415547,0.03288424244448849,2.2529215442198707
T2,2026-01-03 20:40:00,6.819178111869529,0.07527838928992346,2.0625973209071002
T2,2026-01-03 20:50:00,7.293604970979459,0.10755613796610627,1.994289429800329
T2,2026-01-03 21:00:00,5.140733881377366,0.012587739433053502,2.0659778482866638
T2,2026-01-03 21:10:00,6.739604239906206,0.0715852693771603,1.4779433695641235
T2,2026-01-03 21:20:00,5.359280626394347,0.017730565961378227,1.1682456450058771
T2,2026-01-03 21:30:00,5.680632367301509,0.026082546824949922,1.7837799336805773
T2,2026-01-03 21:40:00,4.342525815801527,0.003156475553825553,3.0254440935520552
T2,2026-01-03 21:50:00,4.813205568666796,0.007880107654868457,1.5799042315289271
T2,2026-01-03 22:00:00,4.359337634516413,0.0033751408913044235,3.3021687420617116
T2,2026-01-03 22:10:00,2.2933236796960994,0.0,2.462854220814518
T2,2026-01-03 22:20:00,4.314427714455839,0.002863609096600545,2.159302194896179
T2,2026-01-03 22:30:00,2.78268025008491,0.0,1.6156389932483344
T2,2026-01-03 22:40:00,4.929881574376358,0.009287769642729978,1.432703159124157
T2,2026-01-03 22:50:00,1.6181135740560024,0.0,2.1798717875536044
T2,2026-01-03 23:00:00,4.697805987736241,0.006494814960901105,1.1294497815029523
T2,2026-01-03 23:10:00,2.4205049056284555,0.0,1.833922259275869
T2,2026-01-03 23:20:00,3.3805856066975406,7.541515841824156e-05,3.950008236258368
T2,2026-01-03 23:30:00,4.12466708518577,0.0018157551603249099,3.6675502006944267
T2,2026-01-03 23:40:00,4.88003890690486,0.008675072110520387,2.7091022356991212
T2,2026-01-03 23:50:00,3.1716785291496765,6.744101344157861e-06,1.8064743667590344
T2,2026-01-04 00:00:00,4.2852012674533375,0.0028182733431043883,0.7527053252502112
T2,2026-01-04 00:10:00,5.635851148468126,0.02401231473947117,1.0978170057318906
T2,2026-01-04 00:20:00,4.294772843739642,0.00294783454774044,3.6886216095785307
T2,2026-01-04 00:30:00,5.063439132674429,0.01184905200759922,3.6524451399117766
T2,2026-01-04 00:40:00,4.400091064806194,0.003570424901236693,2.9979880968429113
T2,2026-01-04 00:50:00,5.89073380745367,0.032252558291013464,2.0663099572913204
T2,2026-01-04 01:00:00,5.480424517546978,0.020583574141510266,4.076685598703172
T2,2026-01-04 01:10:00,6.031543319145458,0.0357709556577689,2.179423072405284
T2,2026-01-04 01:20:00,4.481287789945394,0.004078200121784845,2.589117572114154
T2,2026-01-04 01:30:00,4.361391873939895,0.003136718700378596,2.5121902805651875
T2,2026-01-04 01:40:00,1.1446111104654362,0.0,3.7138442337897466
T2,2026-01-04 01:50:00,3.32871905069256,4.642757621955048e-05,2.130145927273933
T2,2026-01-04 02:00:00,3.461737957428565,0.00013116171471906556,1.584181369594254
T2,2026-01-04 02:10:00,5.898908818791765,0.030209913316388035,3.3747925175337348
T2,2026-01-04 02:20:00,4.313933358836929,0.002969933201906508,3.044780181356316
T2,2026-01-04 02:30:00,3.658799003666016,0.00037044105216605175,1.7641698627104243
T2,2026-01-04 02:40:00,4.661934416323937,0.005792374111926699,3.1063734947011876
T2,2026-01-04 02:50:00,4.17336020444077,0.002145994684140841,1.9625017251056325
T2,2026-01-04 03:00:00,3.777615147120563,0.0006169139118960684,1.7009482225172539
T2,2026-01-04 03:10:00,3.684926741860517,0.00039930775919144404,3.2037575654853803
T2,2026-01-04 03:20:00,6.436518942423758,0.055215949718368906,1.575492602853867
T2,2026-01-04 03:30:00,7.165897374894406,0.08931134684427164,2.9586358265675177
T2,2026-01-04 03:40:00,5.307044769310895,0.01545932162244209,3.1363934008712175
T2,2026-01-04 03:50:00,5.9059024138485245,0.03143090675090573,3.1415543802089303
T2,2026-01-04 04:00:00,6.683057286700384,0.06786316735028702,0.9645993815666642
T2,2026-01-04 04:10:00,5.210061284689594,0.01369396810974422,-0.3662295727691176
T2,2026-01-04 04:20:00,6.205555767409269,0.044993636279627575,2.472502864606764
T2,2026-01-04 04:30:00,4.383257438036082,0.003292819845519268,2.6103433086047136
T2,2026-01-04 04:40:00,3.610735587451495,0.0002974674994828453,3.118900682187633
T2,2026-01-04 04:50:00,5.164201849649298,0.013583131357023022,3.106407883187952
T2,2026-01-04 05:00:00,7.539667246965934,0.11913777632197545,-1.370420232478505
T2,2026-01-04 05:10:00,6.178267053622047,0.042628271778417014,1.3318172298663735
T2,2026-01-04 05:20:00,4.882960119445277,0.009072683571593475,1.3162167213281986
T2,2026-01-04 05:30:00,7.038507357171874,0.08175559862305197,2.3022027423012563
T2,2026-01-04 05:40:00,8.112064380916715,0.1759016960096886,4.992775989464221
T2,2026-01-04 05:50:00,5.655834834198972,0.025317132032525037,1.4101632669397992
T2,2026-01-04 06:00:00,7.60473496935513,0.12670220863486525,3.374299807510309
T2,2026-01-04 06:10:00,9.610210106756703,0.39367060983669233,3.533338743671499
T2,2026-01-04 06:20:00,6.68471363102753,0.06588883620801951,2.782303355150912
T2,2026-01-04 06:30:00,7.3821068881603065,0.1110658676338134,1.2259050081120841
T2,2026-01-04 06:40:00,6.4657884978598155,0.054155457179537035,1.4146942179499438
T2,2026-01-04 06:50:00,5.709744607204441,0.024790119191468032,2.544877855169972
T2,2026-01-04 07:00:00,5.907458446360189,0.03167914604191873,4.080729568699866
T2,2026-01-04 07:10:00,8.809443476922034,0.26414454243513374,1.2329931615353769
T2,2026-01-04 07:20:00,8.352934638591282,0.19030201037670177,0.5517623989866989
T2,2026-01-04 07:30:00,7.6286577025287166,0.12644700215390334,3.485854366204395
T2,2026-01-04 07:40:00,10.379775600470957,0.5510588314541143,3.0003457510252796
T2,2026-01-04 07:50:00,7.668399097835589,0.13775149873694387,2.4281289954947396
T2,2026-01-04 08:00:00,8.357346187022664,0.19263240809550078,2.359557398257399
T2,2026-01-04 08:10:00,9.235444242936598,0.30763380076909513,3.4912721426551836
T2,2026-01-04 08:20:00,7.612231069105451,0.1253971686469361,2.748145204366142
T2,2026-01-04 08:30:00,7.265574020302132,0.0961633164045626,3.220572203968299
T2,2026-01-04 08:40:00,7.93343671737813,0.15744013040704624,1.9066042682437798
T2,2026-01-04 08:50:00,7.329420993247499,0.1043628433674752,1.3445804406559039
T2,2026-01-04 09:00:00,8.885295415658144,0.272482003393719,3.023855276080966
T2,2026-01-04 09:10:00,9.066329328357783,0.27978324426147994,3.7510383819648854
T2,2026-01-04 09:20:00,8.142929476074608,0.1865880790636198,1.9197382968631873
T2,2026-01-04 09:30:00,6.371130894724311,0.05227679971786923,1.8236454180077368
T2,2026-01-04 09:40:00,8.295091182327344,0.18498748978899168,2.984319105118715
T2,2026-01-04 09:50:00,7.426611226751423,0.1114415402831091,3.2296006730684415
T2,2026-01-04 10:00:00,8.532993128593441,0.22964437214072791,2.8602316263178977
T2,2026-01-04 10:10:00,9.506639921629947,0.35687912708483194,2.8518909305992644
T2,2026-01-04 10:20:00,11.003819872681605,0.6644056527794541,2.1615465941079264
T2,2026-01-04 10:30:00,10.871019305524174,0.6453921698465406,3.0970576059160004
T2,2026-01-04 10:40:00,7.664682288416033,0.13322456712274622,2.873158236670191
T2,2026-01-04 10:50:00,9.500465846853979,0.3620683531121995,2.4938596241964275
T2,2026-01-04 11:00:00,8.666381750641259,0.24605959920226614,3.075837450845431
T2,2026-01-04 11:10:00,9.628551399895844,0.36102059701235245,3.0237175033588235
T2,2026-01-04 11:20:00,11.560059566626498,0.8007159570402906,2.7532644343467605
T2,2026-01-04 11:30:00,10.268135324964037,0.4866381131141687,1.566878050641097
T2,2026-01-04 11:40:00,9.97738513385103,0.4223483497871188,4.369914338222873
T2,2026-01-04 11:50:00,8.957766848490975,0.28442143939239967,4.028067263951898
T2,2026-01-04 12:00:00,8.67853991476308,0.23453586057602202,2.368429326112005
T2,2026-01-04 12:10:00,9.145193879579589,0.2876426444405695,2.4858413145696434
T2,2026-01-04 12:20:00,10.241533112016969,0.4865893047176335,2.8397316199089784
T2,2026-01-04 12:30:00,11.397649360566723,0.7361090643812868,3.902657797207807
T2,2026-01-04 12:40:00,10.208548610235225,0.4702509406700814,2.27133667061589
T2,2026-01-04 12:50:00,9.268620714824099,0.3128875108513059,2.741162639513875
T2,2026-01-04 13:00:00,9.376987200314801,0.3351167943649608,0.5777583861562463
T2,2026-01-04 13:10:00,10.338564862422771,0.49605201327586756,2.0549692587345776
T2,2026-01-04 13:20:00,11.459307825006633,0.8076676741872387,2.28572332489933
T2,2026-01-04 13:30:00,11.804767667173799,0.877754772976225,2.8508737527979444
T2,2026-01-04 13:40:00,8.178302168806836,0.18420130707595708,2.4519590441188464
T2,2026-01-04 13:50:00,7.543835111386205,0.12102681646417761,2.666887103186798
T2,2026-01-04 14:00:00,10.337543088146031,0.5333911810191858,2.9559559285194195
T2,2026-01-04 14:10:00,10.187638960404362,0.4969368494335845,4.0653123512432305
T2,2026-01-04 14:20:00,10.387705982099881,0.5283005224751914,1.4551188306861453
T2,2026-01-04 14:30:00,11.108094934214261,0.6999858820985433,3.729810892632801
T2,2026-01-04 14:40:00,8.738555240615705,0.25511352561320527,3.325810138567166
T2,2026-01-04 14:50:00,9.89909900682246,0.4369527902524109,4.446062201561411
T2,2026-01-04 15:00:00,7.526451190470104,0.12630916632815967,3.246102710673323
T2,2026-01-04 15:10:00,10.265125394441208,0.47962558974962444,2.8489824971288638
T2,2026-01-04 15:20:00,8.50619531437516,0.22650343034263573,2.7681843148065943
T2,2026-01-04 15:30:00,8.382553435582256,0.21123180317164605,1.2892593676314075
T2,2026-01-04 15:40:00,7.109783346838739,0.08921430751586241,4.595490192749782
T2,2026-01-04 15:50:00,10.066759525716567,0.4585990212268017,1.497933055997679
T2,2026-01-04 16:00:00,9.429766528677096,0.3595613837823767,2.3332886248514075
T2,2026-01-04 16:10:00,8.969567398167463,0.26648697204561855,4.481987922884047
T2,2026-01-04 16:20:00,6.447452965384939,0.05226529640823789,3.151298856418698
T2,2026-01-04 16:30:00,7.054394745394727,0.0913027403014698,3.5370028103594464
T2,2026-01-04 16:40:00,9.171405790093083,0.2952269933555303,1.8520033563846494
T2,2026-01-04 16:50:00,7.588378037478354,0.12301450100196669,1.6459421239898664
T2,2026-01-04 17:00:00,7.874824854428734,0.1568224452982843,4.719956000985169
T2,2026-01-04 17:10:00,7.956081720100434,0.16620184381186184,3.3466608570107854
T2,2026-01-04 17:20:00,6.917420122615621,0.07604686014266564,2.752253640197839
T2,2026-01-04 17:30:00,8.644360180935386,0.2322720437173858,1.0893848874414458
T2,2026-01-04 17:40:00,4.782121988793092,0.007046391078501645,3.2036764564595694
T2,2026-01-04 17:50:00,9.080003255545364,0.2800192261589467,3.413362302906819
T2,2026-01-04 18:00:00,8.898128237565825,0.26850015195319765,2.5297173526555414
T2,2026-01-04 18:10:00,7.4493206235357174,0.11006868618714537,2.7100447592533214
T2,2026-01-04 18:20:00,7.706358868926876,0.1362980278215617,3.2402929055570833
T2,2026-01-04 18:30:00,6.521072941097233,0.05746530461563814,2.2041936212881645
T2,2026-01-04 18:40:00,8.79391125326015,0.25298832622869266,3.023593073534769
T2,2026-01-04 18:50:00,5.736464154088666,0.027208252795165543,2.2086714146842814
T2,2026-01-04 19:00:00,5.187813822882548,0.013374648351469428,1.6542104002241418
T2,2026-01-04 19:10:00,6.760707580318989,0.06759151520877384,1.952337378127051
T2,2026-01-04 19:20:00,5.511224941876457,0.021215830375307637,4.237331743020581
T2,2026-01-04 19:30:00,5.6444806770995735,0.02362570566289222,3.0402698085941275
T2,2026-01-04 19:40:00,7.925843250150647,0.16025846743268587,2.2577655529630425
T2,2026-01-04 19:50:00,3.380719399618591,7.250436431479378e-05,2.9882610590265846
T2,2026-01-04 20:00:00,6.576780154646326,0.05727628008450382,2.4400423719627886
T2,2026-01-04 20:10:00,4.342581048572594,0.0031078280564888106,2.502983682571828
T2,2026-01-04 20:20:00,5.75577357353895,0.026940241306643815,2.7289902848707595
T2,2026-01-04 20:30:00,6.042653781519964,0.0382632145235686,2.571547111817815
T2,2026-01-04 20:40:00,5.758831356731494,0.027102712565317873,3.9876987041614917
T2,2026-01-04 20:50:00,3.4070368663106407,8.969757328414458e-05,3.7096823000638057
T2,2026-01-04 21:00:00,5.277076860241534,0.0146337735025872,2.4486411795805774
T2,2026-01-04 21:10:00,5.849346856189335,0.03099835732973221,2.0594842392857915
T2,2026-01-04 21:20:00,7.433568862469443,0.11721344444324965,0.9707402146831186
T2,2026-01-04 21:30:00,5.386857000930966,0.017250619760689114,3.1624397921632865
T2,2026-01-04 21:40:00,3.4638527336557816,0.00012474407650305659,2.191272583915942
T2,2026-01-04 21:50:00,3.8954284675705857,0.0009381957814701711,2.1836977913467277
T2,2026-01-04 22:00:00,3.6746101533807476,0.0003937081956171792,1.3891467139049494
T2,2026-01-04 22:10:00,6.3212621502751585,0.04614970994813948,4.402448302683515
T2,2026-01-04 22:20:00,5.704680907054692,0.026989517818296435,1.9459851434773547
T2,2026-01-04 22:30:00,2.6794273392395636,0.0,3.5692455937574357
T2,2026-01-04 22:40:00,3.9542022721785104,0.0011638056559766861,2.781073651672935
T2,2026-01-04 22:50:00,6.23434494987533,0.046171228245647504,2.6412604969012197
T2,2026-01-04 23:00:00,3.491217043482187,0.00015387620644657487,2.8028286965273423
T2,2026-01-04 23:10:00,5.200141911526375,0.013434666427220177,1.4390212364862043
T2,2026-01-04 23:20:00,4.121773906248141,0.0018070429230073457,2.683056037919286
T2,2026-01-04 23:30:00,4.780466416745415,0.007089343368654262,1.557582355558241
T2,2026-01-04 23:40:00,3.9064268480363142,0.000980312818703695,2.5821943372857636
T2,2026-01-04 23:50:00,2.8034675425878826,0.0,2.5436610685696635
T2,2026-01-05 00:00:00,3.291004146034214,3.185862108571822e-05,3.380257774814613
T2,2026-01-05 00:10:00,5.013700147449545,0.010169713075351418,2.8687307751095315
T2,2026-01-05 00:20:00,6.204810392990235,0.043684324117374135,2.7441354639381155
T2,2026-01-05 00:30:00,4.269445097219344,0.0027017829260844724,4.1680622294985845
T2,2026-01-05 00:40:00,5.052159517822892,0.010776787425370868,2.605369924431194
T2,2026-01-05 00:50:00,5.190366563445986,0.013572540213462096,3.312126379247406
T2,2026-01-05 01:00:00,3.2376279927595366,1.729718393471333e-05,1.9068466646337905
T2,2026-01-05 01:10:00,3.384795238272456,7.588265356639538e-05,2.3856479987949477
T2,2026-01-05 01:20:00,5.423243844430448,0.019246398370275468,0.30452945212119786
T2,2026-01-05 01:30:00,5.227817114891557,0.014393754963955818,1.3869297426323663
T2,2026-01-05 01:40:00,3.7392018102534115,0.0005489284287109327,3.7283445075427406
T2,2026-01-05 01:50:00,2.5041358362344845,0.0,1.8622302536657314
T2,2026-01-05 02:00:00,4.00567079665633,0.0013595675642992448,2.969177341305868
T2,2026-01-05 02:10:00,4.111678381065243,0.0017958451975804137,2.8874369139204332
T2,2026-01-05 02:20:00,5.42419335101674,0.01807872136109339,3.3282114663182343
T2,2026-01-05 02:30:00,4.462597923569609,0.004029734878329917,4.7380013012322415
T2,2026-01-05 02:40:00,4.888021439843975,0.008505427773159154,2.7963037659839576
T2,2026-01-05 02:50:00,6.188152076371212,0.0430272506690167,2.191883519198114
T2,2026-01-05 03:00:00,5.760119569043838,0.027000619169029363,3.061434418447456
T2,2026-01-05 03:10:00,4.693046568095214,0.006425962540410133,4.309419371791108
T2,2026-01-05 03:20:00,6.632660077242938,0.060249076459503136,3.4404846852887654
T2,2026-01-05 03:30:00,6.007893691272949,0.03462475715588923,4.180887951554706
T2,2026-01-05 03:40:00,7.578549296390399,0.12863481180001954,2.7106916889206776
T2,2026-01-05 03:50:00,4.831608771203021,0.007619174481539672,1.4675447132271633
T2,2026-01-05 04:00:00,5.893103542180602,0.031817146633440846,1.5980546610409707
T2,2026-01-05 04:10:00,5.303342625451469,0.016748538729302723,3.38599125235765
T2,2026-01-05 04:20:00,4.513047648869068,0.0044522310028570974,3.3723120257697583
T2,2026-01-05 04:30:00,4.757057164071874,0.007250635468258162,1.5836342857986303
T2,2026-01-05 04:40:00,6.299171372255637,0.04904418272945545,0.18696614595962124
T2,2026-01-05 04:50:00,6.950410806581219,0.0803069844276854,2.23505235859751
T2,2026-01-05 05:00:00,5.761224826971075,0.026999827537666908,2.4231620229584587
T2,2026-01-05 05:10:00,6.2071533060743365,0.04091660883235606,1.4012213133963902
T2,2026-01-05 05:20:00,8.066588733080762,0.17575938450592865,2.6426643787396995
T2,2026-01-05 05:30:00,6.487037227832433,0.05284475724816692,3.0917271655408296
T2,2026-01-05 05:40:00,6.218968118481372,0.04292321295304869,2.0607938105179335
T2,2026-01-05 05:50:00,7.960502125295397,0.1633757291153551,2.9127780061717896
T2,2026-01-05 06:00:00,6.37048591349173,0.04871432425028328,3.099222430179541
T2,2026-01-05 06:10:00,7.778469607464936,0.14016100021218086,2.0992244069641024
T2,2026-01-05 06:20:00,6.655374990406753,0.06410775062751888,3.23816254584117
T2,2026-01-05 06:30:00,7.358021846896048,0.10248631428983206,2.8513975595916663
T2,2026-01-05 06:40:00,7.08315846257556,0.08546194136292116,2.9096666774804385
T2,2026-01-05 06:50:00,6.86809888249373,0.0717488728311883,3.4626986362558334
T2,2026-01-05 07:00:00,7.778725097011292,0.14489217364194212,3.431708348363627
T2,2026-01-05 07:10:00,9.899277107017678,0.4158218264008665,3.228609895512337
T2,2026-01-05 07:20:00,8.673349427254687,0.23399035292751155,3.6621050955784282
T2,2026-01-05 07:30:00,7.914727091663084,0.15532884115945497,4.718953474019649
T2,2026-01-05 07:40:00,9.609697110017551,0.36259947273895016,1.4530167905092748
T2,2026-01-05 07:50:00,5.933547656614991,0.03204087665537524,4.109282745732096
T2,2026-01-05 08:00:00,8.414403300897558,0.20561575115561356,0.4990899514567064
T2,2026-01-05 08:10:00,7.433089731058011,0.11601289142142547,0.9437215452225409
T2,2026-01-05 08:20:00,7.000606925634562,0.08623864955152771,2.8607648450675303
T2,2026-01-05 08:30:00,7.845545767131634,0.15022645973176907,2.7090348143075187
T2,2026-01-05 08:40:00,8.40338824932701,0.21550914189614068,1.888793736804656
T2,2026-01-05 08:50:00,7.386359330167062,0.11358426791111068,2.2287790344752354
T2,2026-01-05 09:00:00,8.897261819209241,0.26840937384805075,2.0897823191480094
T2,2026-01-05 09:10:00,6.882590095746051,0.07468610630571379,2.951727047431764
T2,2026-01-05 09:20:00,9.522577214134746,0.34984946039814213,3.3184839413596645
T2,2026-01-05 09:30:00,9.599725163724848,0.3721113900560645,4.011235889895792
T2,2026-01-05 09:40:00,11.473585101492777,0.787058529597406,3.9682224566086166
T2,2026-01-05 09:50:00,9.880956881308725,0.4137634203453668,3.0359410475201907
T2,2026-01-05 10:00:00,8.689549331220244,0.2380306408383782,2.33617318908264
T2,2026-01-05 10:10:00,8.537527617611707,0.21992657048670272,3.3807453738059703
T2,2026-01-05 10:20:00,9.759406384877725,0.38482246888566435,3.2732330601174517
T2,2026-01-05 10:30:00,9.803522013406154,0.4069652178987467,2.6387534241039425
T2,2026-01-05 10:40:00,7.650294911199114,0.12826690847082384,4.018122249284893
T2,2026-01-05 10:50:00,7.298604750297861,0.10768301941095895,3.201272086868445
T2,2026-01-05 11:00:00,10.277208875331993,0.5183496546688278,4.206866634155007
T2,2026-01-05 11:10:00,9.895806191451396,0.4239941573369967,2.1703090653757457
T2,2026-01-05 11:20:00,8.030290280073373,0.1670195337071463,1.679683526649393
T2,2026-01-05 11:30:00,11.108915579983197,0.7254650662124571,2.7629669046397693
T2,2026-01-05 11:40:00,9.768081665348662,0.39013834755711735,3.574029541527169
T2,2026-01-05 11:50:00,9.034742579864036,0.2810854222798349,4.4153877196371525
T2,2026-01-05 12:00:00,9.18752006381501,0.3110119194415767,2.379648851511513
T2,2026-01-05 12:10:00,10.107376400333662,0.4798973048427326,1.4783295286217975
T2,2026-01-05 12:20:00,9.292350652277607,0.31956378272430047,3.317814342261605
T2,2026-01-05 12:30:00,9.215473682584467,0.30225014384820403,2.490762659907567
T2,2026-01-05 12:40:00,10.479326996692054,0.5376930720884365,3.0367589701007343
T2,2026-01-05 12:50:00,8.20488377431219,0.1846317271435962,1.2992163303656254
T2,2026-01-05 13:00:00,9.72078473681369,0.4078887125374279,2.728443028904886
T2,2026-01-05 13:10:00,9.698439166785038,0.38931175439781907,1.7494710809867238
T2,2026-01-05 13:20:00,10.737105047207038,0.5737331836457413,1.5889877562391885
T2,2026-01-05 13:30:00,9.783364542954224,0.4158117201334578,1.917116929408235
T2,2026-01-05 13:40:00,10.306007392534193,0.4922408340386711,2.232830564712254
T2,2026-01-05 13:50:00,10.3946707113425,0.523814559178739,2.7917938207085915
T2,2026-01-05 14:00:00,10.643679088939574,0.5841794161773077,3.5649557575582924
T2,2026-01-05 14:10:00,8.25657740430128,0.19785985981482532,2.728654366992574
T2,2026-01-05 14:20:00,8.804867507388536,0.25176217990627353,1.5332623142729174
T2,2026-01-05 14:30:00,8.864378881735883,0.276164029285517,4.014372477529972
T2,2026-01-05 14:40:00,11.31456105658563,0.7556934667767649,1.7671975179957575
T2,2026-01-05 14:50:00,10.246435447531791,0.4755030946252034,2.287472283735263
T2,2026-01-05 15:00:00,9.446583840791236,0.33283881513284413,4.954025524619101
T2,2026-01-05 15:10:00,9.473851551458207,0.365140269679047,1.9275439994227463
T2,2026-01-05 15:20:00,8.760193832966845,0.25347833426434974,3.8660633357119547
T2,2026-01-05 15:30:00,10.222534834227,0.48685560963806795,3.8432827265312968
T2,2026-01-05 15:40:00,8.353194787645267,0.20832489069127047,2.8985577853533884
T2,2026-01-05 15:50:00,9.35158544188609,0.3276734073811491,5.012275288637263
T2,2026-01-05 16:00:00,8.784972539231406,0.2610873451577856,3.648460242565854
T2,2026-01-05 16:10:00,7.22020544986975,0.10244238689109536,2.6643812121469725
T2,2026-01-05 16:20:00,9.574258105566395,0.354550532979575,2.2030798045727535
T2,2026-01-05 16:30:00,8.80543074563258,0.2631774918693456,2.1132086747049077
T2,2026-01-05 16:40:00,8.03029024888388,0.16515862659982375,2.7008745138513612
T2,2026-01-05 16:50:00,6.733205503769696,0.07106459263995296,2.1415087271790085
T2,2026-01-05 17:00:00,8.618838831302783,0.22394934734334596,3.4366763154475057
T2,2026-01-05 17:10:00,6.895929004808275,0.0808312535573735,3.917690036335091
T2,2026-01-05 17:20:00,6.119169583471129,0.04057057175045056,1.5647616287914758
T2,2026-01-05 17:30:00,8.852191769232993,0.258183582831891,1.0127782087942299
T2,2026-01-05 17:40:00,7.251692450001557,0.10222385568325322,2.9090136540370795
T2,2026-01-05 17:50:00,7.568309589415998,0.1196708397027759,2.638016138334739
T2,2026-01-05 18:00:00,7.974822802500192,0.16257558641120723,5.520346979194207
T2,2026-01-05 18:10:00,8.644599364323167,0.238078443259368,4.079216339500444
T2,2026-01-05 18:20:00,5.5844534439141515,0.02344854692186377,2.024905693806316
T2,2026-01-05 18:30:00,4.717611003996174,0.006318279597644811,1.0467542697685943
T2,2026-01-05 18:40:00,7.931771293358,0.1569974136497716,3.140780480406308
T2,2026-01-05 18:50:00,6.092083812779216,0.03808993609349822,0.9626566436976969
T2,2026-01-05 19:00:00,6.688330783907038,0.06601919427179882,2.6855684581611645
T2,2026-01-05 19:10:00,7.290383008195833,0.10254606220176411,1.479949674599996
T2,2026-01-05 19:20:00,8.007341809765004,0.16583665293592179,2.611869853871788
T2,2026-01-05 19:30:00,5.2261073037061365,0.013898841929360783,2.948748465630952
T2,2026-01-05 19:40:00,5.418116060164992,0.017996351326541583,4.518092918367453
T2,2026-01-05 19:50:00,3.439413911350458,0.00010938430244990477,2.355612095931624
T2,2026-01-05 20:00:00,6.161732971127616,0.03961044019613806,1.6298544429432484
T2,2026-01-05 20:10:00,5.688934981376975,0.024723809778808684,3.3313283007712706
T2,2026-01-05 20:20:00,5.681967873404419,0.023833175472443985,2.344543602897248
T2,2026-01-05 20:30:00,7.670312228510271,0.1323688589796179,2.4333499939702685
T2,2026-01-05 20:40:00,4.110165618952618,0.0017744456638283251,4.306103681335068
T2,2026-01-05 20:50:00,3.43787821759906,0.00011176856953427326,3.8743793071455324
T2,2026-01-05 21:00:00,4.061664804500447,0.001480838201169524,2.433427508445811
T2,2026-01-05 21:10:00,5.968269553012863,0.03266978167878739,0.1407493985747985
T2,2026-01-05 21:20:00,3.2531104197423972,2.214963651494037e-05,1.813057798435127
T2,2026-01-05 21:30:00,3.729994825158025,0.0004995709230259481,2.77049073602234
T2,2026-01-05 21:40:00,5.497657253169362,0.019343247416151954,3.7781295162059685
T2,2026-01-05 21:50:00,3.514108352767349,0.00017063648741226669,1.6336969477757843
T2,2026-01-05 22:00:00,3.939635880796266,0.0010506499688085523,1.6388798826442863
T2,2026-01-05 22:10:00,3.400579024375527,8.030140300404282e-05,1.2879918618449369
T2,2026-01-05 22:20:00,5.3904929503913985,0.01700707664839776,1.9588636387791287
T2,2026-01-05 22:30:00,3.7369978720420454,0.0005086584813065215,2.0879338691878533
T2,2026-01-05 22:40:00,5.496327431011786,0.01923528708231606,3.012691705081687
T2,2026-01-05 22:50:00,3.822317698638143,0.0007117904040713355,3.0684849242902503
T2,2026-01-05 23:00:00,4.815331657698467,0.007861458835979105,2.6775034661635084
T2,2026-01-05 23:10:00,3.4741784153307425,0.00013955774650144896,1.3909071115407077
T2,2026-01-05 23:20:00,5.403752456824404,0.017860038919545865,2.677009297864522
T2,2026-01-05 23:30:00,1.4279599575600481,0.0,3.460601675754274
T2,2026-01-05 23:40:00,7.005884323653225,0.0877811291999516,0.9193006377963995
T2,2026-01-05 23:50:00,4.846992291415183,0.00811009256688048,2.8904944465492
T2,2026-01-06 00:00:00,2.942803465705862,0.0,3.3653563238712945
T2,2026-01-06 00:10:00,3.4704261823021025,0.00014196075484616193,4.138261651725133
T2,2026-01-06 00:20:00,4.321607944799963,0.0030568565414991317,2.804929414571122
T2,2026-01-06 00:30:00,4.595226692338522,0.0053322382083538546,2.6272454165768075
T2,2026-01-06 00:40:00,3.6222919085160052,0.00031106957209304235,2.555390538178727
T2,2026-01-06 00:50:00,5.952559440129466,0.03407224588205892,1.5187608935723258
T2,2026-01-06 01:00:00,4.3730971825354725,0.0035102472093440896,4.194694782253821
T2,2026-01-06 01:10:00,3.6984528572050777,0.00043781934541436214,3.1961099803429454
T2,2026-01-06 01:20:00,4.6611130732922135,0.00621566742402478,3.905089656344434
T2,2026-01-06 01:30:00,5.8073422885503065,0.030041263633320266,2.1645223059589607
T2,2026-01-06 01:40:00,2.987943538691124,0.0,3.6222206492830704
T2,2026-01-06 01:50:00,3.768285717281762,0.0005774688313497859,1.1448673001950602
T2,2026-01-06 02:00:00,6.206476802158748,0.041736766959973706,2.630017756979375
T2,2026-01-06 02:10:00,5.3397023002474775,0.016264815294972014,2.789081577050369
T2,2026-01-06 02:20:00,5.059397758503378,0.011082857793245677,3.2952234088067898
T2,2026-01-06 02:30:00,7.395647357258037,0.10764597081983641,3.207036857078506
T2,2026-01-06 02:40:00,7.070400386361594,0.08627104125001085,1.68692992555914
T2,2026-01-06 02:50:00,3.698131323065672,0.0004346261389084628,3.150534073992041
T2,2026-01-06 03:00:00,3.52354666671083,0.00018876202455960493,2.17107435574807
T2,2026-01-06 03:10:00,5.865907177160553,0.031158264583966786,4.219746986312505
T2,2026-01-06 03:20:00,6.567145723729293,0.05818946933850988,3.5952461921092427
T2,2026-01-06 03:30:00,5.211102088320738,0.014617672915428414,4.384194775697575
T2,2026-01-06 03:40:00,6.150472032131772,0.04176883938522328,1.7772715014614626
T2,2026-01-06 03:50:00,4.8525956281633,0.008195094189604263,3.624810264560139
T2,2026-01-06 04:00:00,6.762665478326781,0.06789959859516281,1.6995508727585726
T2,2026-01-06 04:10:00,4.3808650079923765,0.0035911879593310886,3.7875876457976307
T2,2026-01-06 04:20:00,6.2844426120659485,0.045801273103099546,3.4577769143211627
T2,2026-01-06 04:30:00,6.844736296036864,0.07438207899208626,2.0976955001897157
T2,2026-01-06 04:40:00,5.932324735549284,0.03330619793920249,2.663781035109893
T2,2026-01-06 04:50:00,6.309997994470529,0.045143297228641445,2.8310360184613885
T2,2026-01-06 05:00:00,6.457069114283422,0.05572684018460015,3.1534456593291966
T2,2026-01-06 05:10:00,7.601467741089204,0.12721899285654514,3.6378520715466234
T2,2026-01-06 05:20:00,5.704279140609251,0.02642187642711058,3.467107432635987
T2,2026-01-06 05:30:00,8.173249255907496,0.18454037247657193,1.3624418235236946
T2,2026-01-06 05:40:00,4.894461791760909,0.009066283547355038,1.8755456791050926
T2,2026-01-06 05:50:00,8.456894196313032,0.20609218615417857,2.9994232184871867
T2,2026-01-06 06:00:00,7.460411170008015,0.11124170804277043,3.4317146158347303
T2,2026-01-06 06:10:00,8.196477351954263,0.1833717760360824,4.653943092703654
T2,2026-01-06 06:20:00,8.704382972042577,0.23341446750676512,2.1709729282487573
T2,2026-01-06 06:30:00,7.907376067581933,0.15003352108150977,3.7229143912478677
T2,2026-01-06 06:40:00,9.090192378378545,0.2912953852922134,4.4442333911134755
T2,2026-01-06 06:50:00,8.387816483076364,0.19501069854247427,2.444730100418671
T2,2026-01-06 07:00:00,7.777629361452136,0.1469082721734187,2.22537723258837
T2,2026-01-06 07:10:00,9.043350877738451,0.299109047296129,3.238501873553334
T2,2026-01-06 07:20:00,9.565089128939013,0.3806337105381961,2.5807738817469366
T2,2026-01-06 07:30:00,5.8898499647589535,0.032091001805118986,2.944064367910392
T2,2026-01-06 07:40:00,8.37459889122146,0.20003693408458223,2.968864001603101
T2,2026-01-06 07:50:00,5.682528676145046,0.025261009757975596,5.353902743171771
T2,2026-01-06 08:00:00,8.41151162329338,0.207376838691224,3.0991455740687917
T2,2026-01-06 08:10:00,8.456583136956285,0.21708187610297255,1.9313841281783732
T2,2026-01-06 08:20:00,8.436807918705261,0.20725882868543616,2.170054986396161
T2,2026-01-06 08:30:00,10.035058044633944,0.47524838971735334,3.854580426106499
T2,2026-01-06 08:40:00,10.051565590122028,0.48048733683388406,4.442735694032139
T2,2026-01-06 08:50:00,9.771785545908537,0.40458659472051484,2.6438976951226114
T2,2026-01-06 09:00:00,5.557080232640548,0.022726253841127357,4.648802808340334
T2,2026-01-06 09:10:00,10.679359302411251,0.6198507666522785,4.97334273368822
T2,2026-01-06 09:20:00,8.227493852616597,0.19535813817327463,3.5330400228009875
T2,2026-01-06 09:30:00,5.741795558409826,0.02578738798684001,3.732707797436831
T2,2026-01-06 09:40:00,9.319240513569467,0.340811355238405,4.597749941901752
T2,2026-01-06 09:50:00,8.915444152151496,0.2794702319649065,3.8316069274150673
T2,2026-01-06 10:00:00,8.788153127318425,0.24428242519495696,2.5271929037429994
T2,2026-01-06 10:10:00,11.07788576494152,0.6953454531032377,3.800934603710976
T2,2026-01-06 10:20:00,9.006571425212778,0.27168588237620167,2.1760006943592347
T2,2026-01-06 10:30:00,8.257126781863935,0.1923975606395114,2.842356460942891
T2,2026-01-06 10:40:00,10.562136232754165,0.5723374418283146,3.4831771747199083
T2,2026-01-06 10:50:00,8.240220710537784,0.18612213778068815,3.5104617953639865
T2,2026-01-06 11:00:00,10.711416062315125,0.6034189822406507,1.7685784881980877
T2,2026-01-06 11:10:00,8.313590972928797,0.1988044077856661,2.5555538444177297
T2,2026-01-06 11:20:00,10.380843611292033,0.5040467973792115,5.100970207556795
T2,2026-01-06 11:30:00,11.884229137233707,0.8753350775613636,2.26860213415942
T2,2026-01-06 11:40:00,10.755520636317323,0.6000515375649187,2.621350799565395
T2,2026-01-06 11:50:00,8.733738541116258,0.24754489653114653,4.027759360006379
T2,2026-01-06 12:00:00,7.595845406685228,0.13121334039530444,1.808666813650473
T2,2026-01-06 12:10:00,9.030069429277399,0.291541661648027,3.256922508961063
T2,2026-01-06 12:20:00,7.6487876451584444,0.12612586780718818,1.6931044641373756
T2,2026-01-06 12:30:00,11.287087617757216,0.704637893166483,1.3081261178641588
T2,2026-01-06 12:40:00,10.779159761602898,0.6057158364630457,5.389592548870579
T2,2026-01-06 12:50:00,6.822619679091203,0.06944258907827137,3.87637184533793
T2,2026-01-06 13:00:00,8.967698409649664,0.2638304850392532,2.5857541493043965
T2,2026-01-06 13:10:00,10.070925112737529,0.44691845079302717,2.0851181930204934
T2,2026-01-06 13:20:00,10.580859547797154,0.5911436552753908,5.553165679550979
T2,2026-01-06 13:30:00,7.965163382477432,0.15964905865115958,2.217097767904371
T2,2026-01-06 13:40:00,9.39868865628314,0.35754730828544645,0.6934627012271584
T2,2026-01-06 13:50:00,7.907776768995273,0.1576682001608778,0.5877332411991438
T2,2026-01-06 14:00:00,8.795785817612401,0.2624474213448954,3.331126598722471
T2,2026-01-06 14:10:00,10.142881946270858,0.4908358677490399,2.7778207832806032
T2,2026-01-06 14:20:00,6.676276116474629,0.06736428918089388,4.834287929170216
T2,2026-01-06 14:30:00,9.051455011690225,0.29155228254626203,4.0160701622076065
T2,2026-01-06 14:40:00,9.988504873230415,0.46009565515004114,3.743356789207173
T2,2026-01-06 14:50:00,6.86986349064849,0.07621807872267063,1.8944435746202728
T2,2026-01-06 15:00:00,7.796004569687026,0.13915248322471108,2.937626650872262
T2,2026-01-06 15:10:00,10.607885596147316,0.5755549513892668,3.694707927045985
T2,2026-01-06 15:20:00,8.676862104328103,0.23775107549231358,3.603059688650171
T2,2026-01-06 15:30:00,9.727413326178741,0.4081823622098433,3.6347305548042774
T2,2026-01-06 15:40:00,9.263538479227797,0.3340870863579015,2.911534618294995
T2,2026-01-06 15:50:00,10.039027922326296,0.4731629308254391,2.5171622057871383
T2,2026-01-06 16:00:00,9.50587436670871,0.3451565025260855,4.093708387502605
T2,2026-01-06 16:10:00,8.29971726817291,0.19766409509708863,2.420586770907769
T2,2026-01-06 16:20:00,7.330898293651291,0.1099025732416261,4.205404834464173
T2,2026-01-06 16:30:00,8.915312253520433,0.2589016380300981,3.4428899024078925
T2,2026-01-06 16:40:00,6.772373118819688,0.07283126680902677,2.439057884815492
T2,2026-01-06 16:50:00,7.051843543063318,0.08325671658380027,1.9262794564223071
T2,2026-01-06 17:00:00,7.18262364099948,0.09074300921196586,2.900787598269705
T2,2026-01-06 17:10:00,7.226031391932832,0.09571622478807741,4.200545692791866
T2,2026-01-06 17:20:00,6.103261421503115,0.03816499813916074,3.3481537710239433
T2,2026-01-06 17:30:00,7.272199374248751,0.09778659149104042,3.5521250615772084
T2,2026-01-06 17:40:00,8.238891768829777,0.195570192384813,3.6908787427410763
T2,2026-01-06 17:50:00,5.131468923359399,0.012626851550083003,2.840081761437833
T2,2026-01-06 18:00:00,4.518412678980562,0.004688056763020919,0.26775247042217476
T2,2026-01-06 18:10:00,6.186894452943713,0.04425033932348763,2.8078043576269915
T2,2026-01-06 18:20:00,6.901584528199284,0.07356102447405606,1.6017615786576074
T2,2026-01-06 18:30:00,7.226028389717861,0.09481360675332447,3.272628303940875
T2,2026-01-06 18:40:00,6.961762531216275,0.08393649419468861,3.664115304121073
T2,2026-01-06 18:50:00,6.38571379388625,0.049593033193364076,2.8134870239283583
T2,2026-01-06 19:00:00,8.845468509583148,0.26962050524151315,3.0288619845594273
T2,2026-01-06 19:10:00,7.143936514531491,0.08811587462518808,3.4709935661889286
T2,2026-01-06 19:20:00,6.317299216099283,0.04588237653433839,2.4053443593774135
T2,2026-01-06 19:30:00,6.881919927434313,0.07706337568698926,3.842176707920559
T2,2026-01-06 19:40:00,6.371855791137481,0.05000144673892826,3.3644021990977127
T2,2026-01-06 19:50:00,5.681187596177353,0.025155713829841022,1.9945963359399896
T2,2026-01-06 20:00:00,6.1704853386202565,0.04113811684630264,3.7697016622171535
T2,2026-01-06 20:10:00,5.249714304699083,0.015274674616238083,1.3361764422923725
T2,2026-01-06 20:20:00,5.1181350593956525,0.012836170171545813,2.779863428332936
T2,2026-01-06 20:30:00,7.103255075261977,0.08757530008771107,2.366288003314667
T2,2026-01-06 20:40:00,3.3936193107090125,8.221798841863107e-05,3.21985959921902
T2,2026-01-06 20:50:00,4.675651178886842,0.006226720695565491,3.4225381594426123
T2,2026-01-06 21:00:00,4.456212707497163,0.00413322822345243,5.415830921519641
T2,2026-01-06 21:10:00,5.93720420443189,0.03141126534849214,2.690617599690901
T2,2026-01-06 21:20:00,3.7990043334188317,0.0006720173191808482,3.2020685077466275
T2,2026-01-06 21:30:00,5.323871829443886,0.017067341522639664,2.9403909543168982
T2,2026-01-06 21:40:00,5.397563989432717,0.01707782258594988,2.6737750989125266
T2,2026-01-06 21:50:00,5.741440299681776,0.0272984004861954,4.068453205048929
T2,2026-01-06 22:00:00,5.915264984539674,0.03143978633412741,1.2158964159201866
T2,2026-01-06 22:10:00,4.900935696278901,0.00869758392463173,2.999437067731812
T2,2026-01-06 22:20:00,4.0551857560123885,0.0015395792000522201,4.068721623918467
T2,2026-01-06 22:30:00,4.73140090036142,0.006534737925995699,2.230415704005326
T2,2026-01-06 22:40:00,2.8006238931891314,0.0,3.511579730670924
T2,2026-01-06 22:50:00,5.920576813981312,0.032328249490673096,1.9647437889284056
T2,2026-01-06 23:00:00,3.494295905799855,0.00015442045221599718,2.872169461169043
T2,2026-01-06 23:10:00,4.276296948025576,0.002759399593035549,2.8496743880980064
T2,2026-01-06 23:20:00,4.077628309725787,0.001641930061247961,3.3289277482584105
T2,2026-01-06 23:30:00,6.891771182935946,0.0778732929523595,1.6604148114236743
T2,2026-01-06 23:40:00,3.8623806366602635,0.0008401295790669757,2.439995225157687
T2,2026-01-06 23:50:00,4.2649739369014865,0.0026558889461580242,2.99386946084423
T2,2026-01-07 00:00:00,6.107866667531389,0.03983974038849238,3.7340559305358654
T2,2026-01-07 00:10:00,4.982118819961286,0.010340129152243199,2.2230252203233167
T2,2026-01-07 00:20:00,3.7623349589696033,0.0005523064447461931,3.280370459095042
T2,2026-01-07 00:30:00,5.714702932012243,0.02636791775986848,2.427447007170901
T2,2026-01-07 00:40:00,4.285800503185344,0.0026941695424183747,3.554775497593329
T2,2026-01-07 00:50:00,5.521518082991716,0.021565640627023746,3.0171502357411693
T2,2026-01-07 01:00:00,6.16753685877301,0.04036436467843464,2.745203573463402
T2,2026-01-07 01:10:00,3.801175271268661,0.0006745337850798785,3.7823272004490063
T2,2026-01-07 01:20:00,3.405511743859308,8.592407286123769e-05,3.8656546994187786
T2,2026-01-07 01:30:00,4.009321654077253,0.0013194421005824825,3.6375877147393725
T2,2026-01-07 01:40:00,5.459103902674849,0.01997389432550225,2.901960006476357
T2,2026-01-07 01:50:00,7.189590463994774,0.09755134875326137,2.819853523891891
T2,2026-01-07 02:00:00,5.5874019463073985,0.021773407533022968,3.280996916237327
T2,2026-01-07 02:10:00,5.808028590887151,0.030317186638188012,2.7160335515242453
T2,2026-01-07 02:20:00,4.5181059882312855,0.00442557597632416,2.5711790273326027
T2,2026-01-07 02:30:00,5.126409411917413,0.012330256695312984,4.6179045800792045
T2,2026-01-07 02:40:00,5.492331769862617,0.019752881857685586,4.80468036322785
T2,2026-01-07 02:50:00,3.0354979573869425,5.802765712114127e-08,2.0183310954988984
T2,2026-01-07 03:00:00,4.821987896418719,0.008210900565964688,4.580156129089825
T2,2026-01-07 03:10:00,4.792033601593486,0.007637881924740979,3.413984969234698
T2,2026-01-07 03:20:00,5.530156202698149,0.02170736467170589,2.238998201771527
T2,2026-01-07 03:30:00,6.751692039032066,0.06856883838912071,3.6143182481393477
T2,2026-01-07 03:40:00,5.836388780263909,0.02899245641903848,3.463613390669068
T2,2026-01-07 03:50:00,6.755384626121956,0.06892036099442089,4.049647828683575
T2,2026-01-07 04:00:00,6.518017033604535,0.05548388533168216,3.1739534299996293
T2,2026-01-07 04:10:00,6.580530190300913,0.06291259382737732,4.05993622942946
T2,2026-01-07 04:20:00,5.539071727081175,0.020762983815792172,2.331522566341134
T2,2026-01-07 04:30:00,5.942501142417122,0.03355317593199532,1.8685393878110919
T2,2026-01-07 04:40:00,6.306141277329856,0.04938964353906727,2.508282565279615
T2,2026-01-07 04:50:00,5.895784421054984,0.03271194942775974,3.0805789541918145
T2,2026-01-07 05:00:00,6.833363746584005,0.07424767983385379,2.9898503031158303
T2,2026-01-07 05:10:00,5.550467953322272,0.021822131619015396,3.2459019792123844
T2,2026-01-07 05:20:00,7.64845959833389,0.1353818895904622,1.4023547175926574
T2,2026-01-07 05:30:00,6.733122257507084,0.0710722091580891,3.0591383937322534
T2,2026-01-07 05:40:00,5.2593881612144795,0.01461189734791083,3.7643236004864553
T2,2026-01-07 05:50:00,8.350754221408591,0.20764379628033414,2.3864089420659385
T2,2026-01-07 06:00:00,8.7094366029523,0.237600983489121,4.630711104620337
T2,2026-01-07 06:10:00,8.590397061427128,0.23641919660306318,2.7127044449645554
T2,2026-01-07 06:20:00,6.414596640930193,0.05416081847830679,3.7128928486806427
T2,2026-01-07 06:30:00,6.372232085435616,0.047860003443278135,4.77596830771575
T2,2026-01-07 06:40:00,7.260186722681179,0.1018800231645855,3.371287671996639
T2,2026-01-07 06:50:00,6.810264880476053,0.0729833698295705,3.0677175109207893
T2,2026-01-07 07:00:00,8.605805615349572,0.22250929738543965,4.389486359901712
T2,2026-01-07 07:10:00,7.026164845636458,0.08280690734647218,3.8045642425231896
T2,2026-01-07 07:20:00,7.48450890144281,0.11581435546527671,3.0602204701724762
T2,2026-01-07 07:30:00,8.512339833646973,0.21255976180294256,2.280013814366173
T2,2026-01-07 07:40:00,7.971903202471567,0.15946902805156768,2.7468671782566645
T2,2026-01-07 07:50:00,7.012015856609733,0.08151518879326075,1.5860177266256346
T2,2026-01-07 08:00:00,8.631391043010614,0.22821093838925377,2.344990417411237
T2,2026-01-07 08:10:00,7.818290787371729,0.1415660984471846,2.453461749878141
T2,2026-01-07 08:20:00,8.862151041861178,0.25625742215338854,1.7796091405606902
T2,2026-01-07 08:30:00,8.841327492152905,0.26989557382705415,3.0408434307459418
T2,2026-01-07 08:40:00,8.85575775639006,0.26416868002667,2.531568983136926
T2,2026-01-07 08:50:00,7.653558627580782,0.1324299807265909,4.168996398688516
T2,2026-01-07 09:00:00,8.108671607014275,0.17702478843658168,2.049842444872674
T2,2026-01-07 09:10:00,9.221702954952171,0.30416036839751054,1.2716468071739306
T2,2026-01-07 09:20:00,7.441789461119261,0.10919978343877988,2.2916440340865876
T2,2026-01-07 09:30:00,10.719644309632933,0.5750498398981733,1.762426716945279
T2,2026-01-07 09:40:00,9.257514814885358,0.31528401409445694,3.289960882878586
T2,2026-01-07 09:50:00,9.372157411095781,0.3222511692191569,2.499279465398579
T2,2026-01-07 10:00:00,8.030617426569389,0.1669676169580514,1.3688439350159747
T2,2026-01-07 10:10:00,8.739621514709786,0.24307158882095994,4.290827268281879
T2,2026-01-07 10:20:00,8.676309822908802,0.2387114083603925,2.6836303353972903
T2,2026-01-07 10:30:00,7.390381417740766,0.1090067366733303,1.4945838856095421
T2,2026-01-07 10:40:00,8.054790294007601,0.16196337600519234,2.714987856675705
T2,2026-01-07 10:50:00,10.843219955529955,0.6194731672905982,2.360178306005652
T2,2026-01-07 11:00:00,8.185554311064505,0.1833757309185154,4.199336805675987
T2,2026-01-07 11:10:00,9.559688018714949,0.3743983926677973,2.79589178660451
T2,2026-01-07 11:20:00,10.530605639991732,0.5573411025234783,1.1185395519379908
T2,2026-01-07 11:30:00,8.924915042927191,0.27008667291655614,2.9049383717605175
T2,2026-01-07 11:40:00,9.820130700552864,0.4158932235315092,3.7874899668230286
T2,2026-01-07 11:50:00,9.20307684182161,0.31448964214977576,6.64769858437174
T2,2026-01-07 12:00:00,9.002287950438207,0.26954174799480224,1.4161458654163073
T2,2026-01-07 12:10:00,10.651244479939894,0.5736721500714022,3.3883441768535807
T2,2026-01-07 12:20:00,9.063295752151866,0.27577513232495915,4.230926214918919
T2,2026-01-07 12:30:00,7.036749447742808,0.08572624646790192,3.314245859622968
T2,2026-01-07 12:40:00,8.121360180008253,0.17502567571089098,4.556101589922171
T2,2026-01-07 12:50:00,9.13755440078074,0.29928606373783967,3.118796969359642
T2,2026-01-07 13:00:00,10.218276104945467,0.5146032161691231,2.3715025956946922
T2,2026-01-07 13:10:00,8.472108145816627,0.20620589342021994,3.972435903022683
T2,2026-01-07 13:20:00,10.76030061763593,0.6221247201307858,1.5457431314808487
T2,2026-01-07 13:30:00,7.14549149801768,0.088669015345682,2.05537252516237
T2,2026-01-07 13:40:00,8.460127141274222,0.21051993505812064,3.4663208502080605
T2,2026-01-07 13:50:00,9.121654684293114,0.2915415989627558,2.7025809290751397
T2,2026-01-07 14:00:00,8.63158396769053,0.22818235601111422,5.622506933535282
T2,2026-01-07 14:10:00,8.230110352243992,0.18768461842498396,2.0899066362202356
T2,2026-01-07 14:20:00,9.846819296268766,0.41163602782001824,3.485308272399884
T2,2026-01-07 14:30:00,7.456527522928382,0.12098165312714283,1.3500960119674803
T2,2026-01-07 14:40:00,8.056007270314556,0.1642465569004767,4.82974531279012
T2,2026-01-07 14:50:00,8.385733231064657,0.19590835384293742,2.242050236722206
T2,2026-01-07 15:00:00,6.697995811409366,0.0692884501369033,1.7166059012468897
T2,2026-01-07 15:10:00,8.50362859016783,0.21081671350904804,3.1871061252603257
T2,2026-01-07 15:20:00,8.700825990432534,0.23759623368843671,2.178042666561627
T2,2026-01-07 15:30:00,8.71275142175875,0.2554099058437458,3.546735125268437
T2,2026-01-07 15:40:00,9.588798837759708,0.36830841043997525,4.650385074942464
T2,2026-01-07 15:50:00,7.517999867067613,0.1189889817541008,3.0825610221312356
T2,2026-01-07 16:00:00,9.103465862119277,0.2984660588334281,4.671140987723831
T2,2026-01-07 16:10:00,8.311892752651687,0.20476671458148435,2.0251628563294326
T2,2026-01-07 16:20:00,7.324866671214174,0.10540838196174242,2.4768692697626036
T2,2026-01-07 16:30:00,6.582446085163996,0.060160029910357606,1.711172970294826
T2,2026-01-07 16:40:00,8.922641515207436,0.26486649551655733,3.5350970342056813
T2,2026-01-07 16:50:00,5.5470040001913805,0.022407400179961165,2.7496659063100846
T2,2026-01-07 17:00:00,8.38460268883723,0.20882344444905224,4.2823423403003025
T2,2026-01-07 17:10:00,7.523336908949391,0.12149246228423424,3.2218453737221395
T2,2026-01-07 17:20:00,8.549714515396083,0.21141900835925237,2.3288057826171467
T2,2026-01-07 17:30:00,6.241041729837736,0.044644901856230074,2.7701941734457876
T2,2026-01-07 17:40:00,5.1812580558145935,0.014035305928818048,4.372281546730694
T2,2026-01-07 17:50:00,7.288974365820436,0.10299199943054066,2.7960632475123726
T2,2026-01-07 18:00:00,7.495240543765119,0.11996639416123303,1.9419172572257648
T2,2026-01-07 18:10:00,7.6412673807555604,0.13273778753512316,2.934395648614265
T2,2026-01-07 18:20:00,6.7214947418936175,0.06527271061747189,3.280591326592927
T2,2026-01-07 18:30:00,6.279043996833781,0.048015044107362286,2.7152985507758234
T2,2026-01-07 18:40:00,6.125507902333638,0.040536503915255886,3.0933759331339696
T2,2026-01-07 18:50:00,6.842187004714492,0.07221559167522948,1.5163032565200274
T2,2026-01-07 19:00:00,4.849322326845252,0.008464124893524641,3.887316549309442
T2,2026-01-07 19:10:00,6.049422588568862,0.03767853415962542,2.502388143249835
T2,2026-01-07 19:20:00,6.322448264221965,0.04612030448131669,4.222776016388266
T2,2026-01-07 19:30:00,7.766583356339123,0.13791041211402763,3.9380241160896716
T2,2026-01-07 19:40:00,5.435976657357874,0.019421166984126315,2.448452901230993
T2,2026-01-07 19:50:00,4.559991054234389,0.004959355677774782,2.3046810894622616
T2,2026-01-07 20:00:00,7.542616569070818,0.11602631557777394,3.510396799494388
T2,2026-01-07 20:10:00,5.872531896637901,0.031638357089786275,4.2144059098369215
T2,2026-01-07 20:20:00,6.522195462085152,0.05700481170342268,2.3533271539132317
T2,2026-01-07 20:30:00,4.500539585791809,0.0044031725650981995,2.5423498352252327
T2,2026-01-07 20:40:00,3.4581554806211376,0.00012517819610054332,5.258967895091612
T2,2026-01-07 20:50:00,4.749549629257655,0.006941880036956093,3.5812483433142273
T2,2026-01-07 21:00:00,5.627776370431755,0.02366340108748303,2.9983560484674108
T2,2026-01-07 21:10:00,5.824588698939292,0.0304492954078962,2.5339334828897915
T2,2026-01-07 21:20:00,5.995507836709824,0.03573522679880557,4.14340205670874
T2,2026-01-07 21:30:00,3.9905459807709125,0.0012462642029616366,3.386528054749921
T2,2026-01-07 21:40:00,4.8584577493033425,0.008647502521430133,3.299169635297461
T2,2026-01-07 21:50:00,2.7595554333440266,0.0,3.008073660212777
T2,2026-01-07 22:00:00,3.324030673462204,4.616491812600027e-05,2.4303093653958783
T2,2026-01-07 22:10:00,4.015317521025246,0.0013151899176933057,3.4501422557630015
T2,2026-01-07 22:20:00,4.394726941464616,0.003491480639185199,3.095512770297088
T2,2026-01-07 22:30:00,5.854271000959247,0.030570068863066558,2.7801246439676883
T2,2026-01-07 22:40:00,5.116350378353655,0.012403302885730804,1.7431600347574214
T2,2026-01-07 22:50:00,5.906846363107758,0.03128421821505631,2.396952283996755
T2,2026-01-07 23:00:00,2.3078053177991684,0.0,0.9920774504088028
T2,2026-01-07 23:10:00,4.574741538034584,0.004913935910452287,2.4102173091154437
T2,2026-01-07 23:20:00,2.9242589243450503,0.0,3.4750981344740133
T2,2026-01-07 23:30:00,5.296883933437643,0.01635275498370843,2.534125868027412
T2,2026-01-07 23:40:00,3.8202105421126418,0.0007389447190694857,2.0006322778864085
T2,2026-01-07 23:50:00,4.535691077670496,0.004861698869080026,1.5566393555991223
T2,2026-01-08 00:00:00,5.134591736556869,0.013195587944006595,2.765561035839921
T2,2026-01-08 00:10:00,4.337905493351908,0.0030324075812741096,3.2003405816689527
T2,2026-01-08 00:20:00,3.034229390555175,5.47737390646493e-08,3.41316398443245
T2,2026-01-08 00:30:00,3.385297790474973,7.441731958499728e-05,2.05401083607076
T2,2026-01-08 00:40:00,3.05240240992128,1.7997065463190114e-07,3.715166855486736
T2,2026-01-08 00:50:00,3.3779571834020454,7.249536780719201e-05,4.886670940850046
T2,2026-01-08 01:00:00,3.6915485438365234,0.0004339208745676824,4.301641392352719
T2,2026-01-08 01:10:00,5.116030660953978,0.012831772681782738,2.9514620751673513
T2,2026-01-08 01:20:00,1.9725264210842024,0.0,2.670150554267306
T2,2026-01-08 01:30:00,7.408751027598122,0.11668676265305539,2.8962844333835545
T2,2026-01-08 01:40:00,4.339958804087025,0.003243098470974305,2.750647560885318
T2,2026-01-08 01:50:00,4.666589299876396,0.005730900060745319,3.1307102607723802
T2,2026-01-08 02:00:00,3.880013703107562,0.0008680026655211611,3.2907904246921498
T2,2026-01-08 02:10:00,4.188868333869813,0.00209308212777529,2.6789047824854193
T2,2026-01-08 02:20:00,4.331572471016942,0.0030010000123892678,0.2561663595524366
T2,2026-01-08 02:30:00,3.8792773241163157,0.0008721203440586012,3.286190161845688
T2,2026-01-08 02:40:00,6.2395761483180685,0.041980131496942234,2.4210285873144723
T2,2026-01-08 02:50:00,4.688368714095777,0.006060865904912323,3.069030565173946
T2,2026-01-08 03:00:00,5.06763788702541,0.011593949748800876,2.741585727678473
T2,2026-01-08 03:10:00,4.5871941575595905,0.005172360873917936,2.2972443721121785
T2,2026-01-08 03:20:00,8.693231202798653,0.2526295586715849,2.2633126224832743
T2,2026-01-08 03:30:00,4.672308738248243,0.00636584363158926,0.9552258951063455
T2,2026-01-08 03:40:00,6.068708616897526,0.038523551442082506,5.29027508999677
T2,2026-01-08 03:50:00,6.93241717538618,0.08159526356508714,2.509215919026685
T2,2026-01-08 04:00:00,4.403757937454154,0.003458132763285888,3.4001429261604983
T2,2026-01-08 04:10:00,4.778216697230748,0.00712056818814393,1.7661720901753082
T2,2026-01-08 04:20:00,4.597045004164496,0.005099496165113128,3.5307261418214724
T2,2026-01-08 04:30:00,6.419523609516243,0.05056935476830418,2.7385004545330593
T2,2026-01-08 04:40:00,6.688669666501321,0.0675679486883433,4.27749388045705
T2,2026-01-08 04:50:00,7.377739561271092,0.11219845856777076,3.95387565771452
T2,2026-01-08 05:00:00,5.260060017302832,0.014572269578912025,3.0571323230832452
T2,2026-01-08 05:10:00,6.520277239819617,0.055695254677325196,3.3616249344053495
T2,2026-01-08 05:20:00,6.005797802654865,0.03398810138388876,2.7459910043850804
T2,2026-01-08 05:30:00,7.181444236333408,0.09684334475644271,2.605841539994809
T2,2026-01-08 05:40:00,3.5613370298290614,0.0002323652540351238,3.642832453111203
T2,2026-01-08 05:50:00,9.059448912600033,0.2751013076169863,3.4743112589397533
T2,2026-01-08 06:00:00,6.19613888549096,0.04244316685334842,1.5526886261076631
T2,2026-01-08 06:10:00,8.045746664255947,0.17041398033749358,0.9352401244547646
T2,2026-01-08 06:20:00,6.103418988638111,0.03995572657960287,3.498944024846416
T2,2026-01-08 06:30:00,7.624228982153829,0.13180377379439578,4.155175176393473
T2,2026-01-08 06:40:00,6.752283764262817,0.07123841627444857,3.6206858803903166
T2,2026-01-08 06:50:00,6.8909773629737,0.08079633887571899,2.748794325464885
T2,2026-01-08 07:00:00,9.38525007560317,0.32288918842903686,4.153041282060058
T2,2026-01-08 07:10:00,9.808180375672723,0.4184447613575927,2.771047583070008
T2,2026-01-08 07:20:00,6.631743367741391,0.0612456372204866,4.1977821198342
T2,2026-01-08 07:30:00,7.534894862810053,0.11781267875180006,3.4840758874862376
T2,2026-01-08 07:40:00,6.386924290979162,0.05023275127933959,3.4599391000254918
T2,2026-01-08 07:50:00,9.658162894480206,0.39287070316220346,3.321588028614265
T2,2026-01-08 08:00:00,9.269273802097942,0.32731812860595083,4.416191891300808
T2,2026-01-08 08:10:00,9.1544333063768,0.29245833429085005,3.4899761567178427
T2,2026-01-08 08:20:00,7.055054591000115,0.08448491856839356,1.4119012311496941
T2,2026-01-08 08:30:00,8.719467743659001,0.2364776042476187,3.5301667864071593
T2,2026-01-08 08:40:00,8.137836951151947,0.17852031116744962,3.2629662453002077
T2,2026-01-08 08:50:00,8.093946865768118,0.18124116941054375,2.103081015201883
T2,2026-01-08 09:00:00,8.787341166870666,0.25865239771989856,4.559184271693547
T2,2026-01-08 09:10:00,9.751943234362018,0.3902186642586062,3.270226770540045
T2,2026-01-08 09:20:00,10.27529751909422,0.5004598698046799,2.8250007815388645
T2,2026-01-08 09:30:00,9.507494544776359,0.36494843168916086,4.323395400292655
T2,2026-01-08 09:40:00,10.471950643265533,0.5478443270516756,3.2368918133832154
T2,2026-01-08 09:50:00,9.348850241573352,0.33388960282508406,3.4273314166098072
T2,2026-01-08 10:00:00,9.086673538025217,0.30240226475067145,1.2418236727216725
T2,2026-01-08 10:10:00,9.777866732906796,0.3873173598992016,2.8946291320260036
T2,2026-01-08 10:20:00,9.475678493020462,0.3638277359379903,3.1835212145024046
T2,2026-01-08 10:30:00,9.467087159501121,0.35477730329662127,2.821834085845434
T2,2026-01-08 10:40:00,11.101736004981266,0.7021728547712743,3.6129396509635683
T2,2026-01-08 10:50:00,10.627554069265528,0.5503814602597206,1.619483302758461
T2,2026-01-08 11:00:00,9.675061515990896,0.3832171932530609,1.8949160655413886
T2,2026-01-08 11:10:00,9.26921681497858,0.3342550200866637,4.050331825641274
T2,2026-01-08 11:20:00,10.18927976871969,0.4906424197310863,2.0293642363449624
T2,2026-01-08 11:30:00,10.460297371418955,0.5647866544767535,3.97111556450123
T2,2026-01-08 11:40:00,9.303924423055264,0.34167558177586627,3.9560121244737454
T2,2026-01-08 11:50:00,8.53815855466233,0.23030883080197928,3.999715481669977
T2,2026-01-08 12:00:00,7.342806609512218,0.1047604428556394,1.7456625612531023
T2,2026-01-08 12:10:00,11.657471129073091,0.8778960763863655,3.3100487823543467
T2,2026-01-08 12:20:00,9.671092963890333,0.4045428586677901,3.2938768466040873
T2,2026-01-08 12:30:00,9.424336816978029,0.36367479837173894,4.1887820982319965
T2,2026-01-08 12:40:00,10.645432636788907,0.5613300714235696,4.02306428944763
T2,2026-01-08 12:50:00,11.515833661159999,0.8244397056723106,2.697804401451669
T2,2026-01-08 13:00:00,8.372288491507911,0.19512892031328571,2.419631385270745
T2,2026-01-08 13:10:00,11.330471737852672,0.7527548092674821,3.571468541623333
T2,2026-01-08 13:20:00,10.937804555150358,0.6704011432077133,4.382083699853679
T2,2026-01-08 13:30:00,10.672680337438596,0.5684455395142737,3.886804951049231
T2,2026-01-08 13:40:00,8.96246768006756,0.28473682713480625,2.3240775085023015
T2,2026-01-08 13:50:00,9.206972985630989,0.30896262588916124,4.874212399258703
T2,2026-01-08 14:00:00,9.896526417819343,0.44992035007708375,2.7821764097794257
T2,2026-01-08 14:10:00,9.493225819581093,0.33955725299548595,3.763147885579156
T2,2026-01-08 14:20:00,9.171027965617656,0.3000174054013379,3.924796905338363
T2,2026-01-08 14:30:00,10.124416469109555,0.49578596348322534,6.017642798795167
T2,2026-01-08 14:40:00,9.670288951910122,0.38201164849365477,2.775534235346937
T2,2026-01-08 14:50:00,8.121794489668321,0.17920429832712934,2.424315250013761
T2,2026-01-08 15:00:00,7.078533033028457,0.09264650083721185,3.7216890202745594
T2,2026-01-08 15:10:00,8.649449146140409,0.22829071324695224,5.097162117166561
T2,2026-01-08 15:20:00,8.620782799122889,0.2212738194847133,2.910392583330246
T2,2026-01-08 15:30:00,7.269080078768878,0.10285079691353531,1.3212509568623452
T2,2026-01-08 15:40:00,7.383297859208396,0.11065487124068776,0.48740886775055436
T2,2026-01-08 15:50:00,6.791407931785725,0.07103202253822041,4.252094070720529
T2,2026-01-08 16:00:00,8.020509572945462,0.16766686296662894,3.0335867657718585
T2,2026-01-08 16:10:00,6.1938716860938,0.044074887064687776,3.4194360533989268
T2,2026-01-08 16:20:00,9.079456233848566,0.30349900522468615,2.6578464727722637
T2,2026-01-08 16:30:00,7.662046906102271,0.13155102087481788,1.5926353690761164
T2,2026-01-08 16:40:00,8.070888243791902,0.16318945884141195,3.624205544215055
T2,2026-01-08 16:50:00,10.240735129031405,0.48949219933843324,3.1080500787542995
T2,2026-01-08 17:00:00,7.8589461212583664,0.14330967128927646,2.755983212980775
T2,2026-01-08 17:10:00,5.837242655364633,0.031007280117794064,4.163508055164609
T2,2026-01-08 17:20:00,8.766017774475035,0.25098636065977564,3.802468493647394
T2,2026-01-08 17:30:00,7.257534166284447,0.10199335523600886,2.5459851663962523
T2,2026-01-08 17:40:00,5.585397446262671,0.02147582041183216,1.2183445094663274
T2,2026-01-08 17:50:00,5.546801391228925,0.02083737680552051,1.4445112107127005
T2,2026-01-08 18:00:00,6.800696661134637,0.07349734787610411,4.608602141980194
T2,2026-01-08 18:10:00,6.43595848699719,0.05479625475344636,2.9314345757974962
T2,2026-01-08 18:20:00,8.44681234542109,0.20150152069107957,3.890663244434441
T2,2026-01-08 18:30:00,5.747911315114312,0.026922385804356498,1.6360667297691551
T2,2026-01-08 18:40:00,7.153439017680841,0.090932288135408,1.459736027635934
T2,2026-01-08 18:50:00,6.926006169247907,0.0824514885531947,3.4672800942139834
T2,2026-01-08 19:00:00,5.274098818452959,0.015250383562858303,2.0863381347321788
T2,2026-01-08 19:10:00,6.749941017986954,0.06824731814002793,2.850596559496236
T2,2026-01-08 19:20:00,5.954424744158441,0.034409256832065166,4.123212851656566
T2,2026-01-08 19:30:00,5.848487543304758,0.029899252021412012,3.7113881318252577
T2,2026-01-08 19:40:00,5.955129251052326,0.03327146111029108,4.034846317648374
T2,2026-01-08 19:50:00,7.01815723852658,0.08686312648885465,2.438284715493226
T2,2026-01-08 20:00:00,6.286924530247118,0.04674310211257992,3.746437741848712
T2,2026-01-08 20:10:00,8.07153583375749,0.16671764415655496,3.017922992994117
T2,2026-01-08 20:20:00,5.434527005434417,0.01873981499566792,2.8896046541898244
T2,2026-01-08 20:30:00,4.615735748206069,0.005453531493479193,2.8558781082095908
T2,2026-01-08 20:40:00,6.242966053013414,0.0436487998331861,4.401686250379739
T2,2026-01-08 20:50:00,3.0462334241671503,1.236999549123643e-07,1.8168900900610547
T2,2026-01-08 21:00:00,7.367746736056864,0.10538329362508708,4.996382289429873
T2,2026-01-08 21:10:00,7.901022644285026,0.14873440685707787,1.1026859122648283
T2,2026-01-08 21:20:00,6.926828428381677,0.08207650090264391,3.622314913887491
T2,2026-01-08 21:30:00,5.828518791247998,0.029322133478894317,3.0289207741853574
T2,2026-01-08 21:40:00,4.858157474352295,0.008728326954591354,1.4568413487103586
T2,2026-01-08 21:50:00,5.757740335880065,0.0279044106047785,2.245027412436391
T2,2026-01-08 22:00:00,4.082604860938485,0.00158515100198245,2.8814741939459263
T2,2026-01-08 22:10:00,5.4202690956235795,0.01760285116797948,2.815282542067449
T2,2026-01-08 22:20:00,5.072919617138812,0.011025538224027452,3.070456750994944
T2,2026-01-08 22:30:00,5.578157357626966,0.021814756153136106,3.063726622421738
T2,2026-01-08 22:40:00,3.5099964003481583,0.00017981109677040323,2.8862026961916776
T2,2026-01-08 22:50:00,5.201804376779404,0.014180656351166972,3.3975722384214495
T2,2026-01-08 23:00:00,4.34193761852734,0.003266465321398571,3.7635297486504853
T2,2026-01-08 23:10:00,3.628499273820939,0.00031274224373844845,3.2443924854173467
T2,2026-01-08 23:20:00,3.837277310217649,0.0007740120338594615,4.0006640672205975
T2,2026-01-08 23:30:00,4.789978468536932,0.007235315832769313,2.7778894999582957
T2,2026-01-08 23:40:00,5.068196214251628,0.011006205633935161,3.5781448101327142
T2,2026-01-08 23:50:00,0.879554347002478,0.0,3.8532586258176904
T2,2026-01-09 00:00:00,3.856003352533154,0.0008278663708943414,3.193497772553235
T2,2026-01-09 00:10:00,6.337954944994514,0.05050957743889139,2.536274143083843
T2,2026-01-09 00:20:00,6.712225952350562,0.06881673770430538,4.538680288332281
T2,2026-01-09 00:30:00,5.078974421421856,0.011771300173542254,4.3093771937806835
T2,2026-01-09 00:40:00,4.373832875676783,0.0032123079243897225,3.3756798015502634
T2,2026-01-09 00:50:00,3.813197413865331,0.0007205143805022341,3.023395080857325
T2,2026-01-09 01:00:00,6.723287406318036,0.06826988033296753,1.7571651104006758
T2,2026-01-09 01:10:00,4.585371056298356,0.0050237360487251975,3.1632295458400517
T2,2026-01-09 01:20:00,5.603936843029329,0.02402499104571246,3.302873631297771
T2,2026-01-09 01:30:00,3.0358561895354526,5.939860681110534e-08,4.027939757100112
T2,2026-01-09 01:40:00,3.9384086972743866,0.0010969683335294502,2.7294572263965016
T2,2026-01-09 01:50:00,6.651299905626164,0.06445403889466102,2.13778351263385
T2,2026-01-09 02:00:00,5.7788978895576015,0.027388430597450462,3.9732048550935057
T2,2026-01-09 02:10:00,5.154097114144071,0.012373931904370108,5.515729444801334
T2,2026-01-09 02:20:00,3.1464716895195943,4.176149900857873e-06,2.7420204067746226
T2,2026-01-09 02:30:00,5.594418885208143,0.02185626780070338,3.623105302007015
T2,2026-01-09 02:40:00,5.745719181310043,0.02735576853003461,2.0284511234666915
T2,2026-01-09 02:50:00,6.520644185081025,0.05395820572669426,3.5185329090487385
T2,2026-01-09 03:00:00,3.7469518143267404,0.0005233740244565518,3.7562717308894964
T2,2026-01-09 03:10:00,4.0183138299908645,0.0013378479399408388,3.430677626084305
T2,2026-01-09 03:20:00,5.493816837700502,0.01946086403096251,4.2881093921387325
T2,2026-01-09 03:30:00,5.495814739196911,0.021031845946846046,2.538650375223246
T2,2026-01-09 03:40:00,5.218109101633716,0.014294295669188457,2.2678993290283698
T2,2026-01-09 03:50:00,5.015006484816602,0.010354973646191274,1.2664419376755693
T2,2026-01-09 04:00:00,4.59656663604109,0.0052993712974161965,3.197753980806289
T2,2026-01-09 04:10:00,5.82048805232898,0.02923930614944186,4.4512356792535535
T2,2026-01-09 04:20:00,4.601724630104284,0.0052019205380815885,2.841449514677539
T2,2026-01-09 04:30:00,5.5731925789040035,0.022513750333472356,2.755324955081509
T2,2026-01-09 04:40:00,6.827245813956653,0.06958304775371038,3.1420287147301833
T2,2026-01-09 04:50:00,5.238460509941085,0.013958681617566266,3.621029894586267
T2,2026-01-09 05:00:00,6.043831393320243,0.037517414592752305,3.9976034524087924
T2,2026-01-09 05:10:00,8.891244027344083,0.25476587804697237,2.4152561582193375
T2,2026-01-09 05:20:00,5.115154371804981,0.012934773628728401,2.4438485433633392
T2,2026-01-09 05:30:00,6.036783064356949,0.03500965412837491,2.91677464746284
T2,2026-01-09 05:40:00,6.9729896479137645,0.08275364576047559,2.7758401061019042
T2,2026-01-09 05:50:00,8.441698723082077,0.20865932566635753,2.434736184136378
T2,2026-01-09 06:00:00,7.908404174922016,0.15402073700902671,3.6064076866005577
T2,2026-01-09 06:10:00,8.633253852874272,0.22996053925307727,4.800192653380307
T2,2026-01-09 06:20:00,8.1957507174586,0.18087750777641018,4.009057683024595
T2,2026-01-09 06:30:00,6.5119839688458745,0.055673637550423115,1.4140346217840167
T2,2026-01-09 06:40:00,6.798978683617212,0.07003763434361217,2.2840138436365747
T2,2026-01-09 06:50:00,7.460239852427675,0.11829626039377443,2.139836593699023
T2,2026-01-09 07:00:00,7.897630649595872,0.15007052342447083,1.9802061086664406
T2,2026-01-09 07:10:00,9.087564635057003,0.27872836350138364,4.4285799131773
T2,2026-01-09 07:20:00,7.382939606514457,0.11188308498704162,3.5240815285803264
T2,2026-01-09 07:30:00,8.362053736372639,0.20576438829308633,5.096436888993676
T2,2026-01-09 07:40:00,9.064427293656177,0.305025621539296,3.4742349362405207
T2,2026-01-09 07:50:00,6.2540950812899885,0.04430556252915986,3.968612373194289
T2,2026-01-09 08:00:00,8.611844545543233,0.23702566774348827,3.6546832595988006
T2,2026-01-09 08:10:00,8.424659270935035,0.20024698154298548,3.9925209774754147
T2,2026-01-09 08:20:00,7.980073367030739,0.16394969845518803,3.0654107568665676
T2,2026-01-09 08:30:00,7.919062304594404,0.1519679099798994,4.190609541255492
T2,2026-01-09 08:40:00,5.9888304618060815,0.034709130818047385,4.403142254552001
T2,2026-01-09 08:50:00,6.91706661673893,0.08142078861985783,1.6681586452969703
T2,2026-01-09 09:00:00,8.687648213470544,0.23805095551502095,1.2011679856801845
T2,2026-01-09 09:10:00,7.9866054393335135,0.16526053281038866,3.2398937266790826
T2,2026-01-09 09:20:00,10.111112554190889,0.4775675273637885,3.770287608638696
T2,2026-01-09 09:30:00,7.8664012230374425,0.15173649076487436,3.7965115259553186
T2,2026-01-09 09:40:00,8.03348804106554,0.17440453176983373,3.6659899418862665
T2,2026-01-09 09:50:00,10.176835878768651,0.4761935087894231,1.0062443665917526
T2,2026-01-09 10:00:00,9.062318586399392,0.2779416815485352,3.8645111283985685
T2,2026-01-09 10:10:00,10.220965633626832,0.479344806412692,2.516084192638941
T2,2026-01-09 10:20:00,8.384306800704236,0.2024400348558158,2.8371096203060118
T2,2026-01-09 10:30:00,8.103642902856272,0.18196145553939275,3.3695545788053494
T2,2026-01-09 10:40:00,10.743965615374972,0.6039353937607357,4.459761896219563
T2,2026-01-09 10:50:00,10.268533166278834,0.5005001855846571,4.076242598451895
T2,2026-01-09 11:00:00,8.01497105766803,0.16576803454691244,3.302152981617097
T2,2026-01-09 11:10:00,8.419406323721914,0.21807174965429227,3.0432331031865454
T2,2026-01-09 11:20:00,12.083582045305103,0.9015564189085682,2.2812168225951908
T2,2026-01-09 11:30:00,9.73938231148293,0.4138078399172684,2.874769247997534
T2,2026-01-09 11:40:00,12.383256889347724,0.9864505616459969,4.805631613681541
T2,2026-01-09 11:50:00,9.681673707934264,0.3704226308920155,2.5522397818182325
T2,2026-01-09 12:00:00,9.503557201840298,0.36684582749906836,3.5507275544534433
T2,2026-01-09 12:10:00,10.103966404595825,0.46651844692216826,2.5987693814474193
T2,2026-01-09 12:20:00,11.156305280782302,0.7230914361271089,3.989553833305824
T2,2026-01-09 12:30:00,9.522761381925962,0.37374683348034843,5.345847520810503
T2,2026-01-09 12:40:00,9.231138633218254,0.31264885879235116,4.556952413379664
T2,2026-01-09 12:50:00,9.17608920491592,0.29373101085809794,4.887993870940879
T2,2026-01-09 13:00:00,9.051531319788362,0.30273815567077744,3.3292775582676093
T2,2026-01-09 13:10:00,9.877951034540914,0.41298341009611367,2.505405802069793
T2,2026-01-09 13:20:00,11.109366831978965,0.7082304112923853,4.064342584488801
T2,2026-01-09 13:30:00,9.983555993365599,0.4481496390024432,4.036538211583801
T2,2026-01-09 13:40:00,8.609177115731537,0.23415117184488074,3.5730566922075413
T2,2026-01-09 13:50:00,8.952212439107658,0.28737389955216835,3.5959102929083797
T2,2026-01-09 14:00:00,8.349814559408541,0.19922877996681107,3.56483951835929
T2,2026-01-09 14:10:00,9.079022972771403,0.28125783282255845,2.74414309454341
T2,2026-01-09 14:20:00,7.383569405892978,0.11262130162802934,2.8499252987124257
T2,2026-01-09 14:30:00,9.945813434129452,0.45553194311877976,4.40619213412929
T2,2026-01-09 14:40:00,9.130172392161185,0.3109442358470425,1.571483040225833
T2,2026-01-09 14:50:00,8.339533003713097,0.20376500677924628,2.7223923663228256
T2,2026-01-09 15:00:00,8.693676326761125,0.23406871487235784,2.5705445725228344
T2,2026-01-09 15:10:00,8.640861543839145,0.23083201199730083,2.7942716198788657
T2,2026-01-09 15:20:00,8.812656439709542,0.2657855980421616,2.704205986367005
T2,2026-01-09 15:30:00,8.632766583224686,0.23463210519545497,2.5558521386045783
T2,2026-01-09 15:40:00,9.579162962734154,0.378809789997909,2.932353163012591
T2,2026-01-09 15:50:00,9.288104266149173,0.3300778238239179,2.7818494419084483
T2,2026-01-09 16:00:00,5.880431435597068,0.031327370154621996,1.3446056473683747
T2,2026-01-09 16:10:00,8.469276612317646,0.2142780729451951,4.309522749769919
T2,2026-01-09 16:20:00,10.653932582726156,0.5968516648980963,3.584631314246379
T2,2026-01-09 16:30:00,7.236120131767813,0.10015890931179146,3.4242660319108102
T2,2026-01-09 16:40:00,8.30037808444951,0.19720499632184962,3.4358307767244947
T2,2026-01-09 16:50:00,7.247724674603527,0.10066957411572833,3.5306643631307555
T2,2026-01-09 17:00:00,5.750752225103209,0.026351130994801877,3.0820798586928015
T2,2026-01-09 17:10:00,8.962711703529068,0.2628689579812649,4.499778704487297
T2,2026-01-09 17:20:00,8.286640716399631,0.1895774397495595,2.48920379723733
T2,2026-01-09 17:30:00,4.740812961795658,0.007079011712160006,4.090953863826446
T2,2026-01-09 17:40:00,6.908282327538329,0.0741857836242757,2.5974999541244914
T2,2026-01-09 17:50:00,7.722470514399346,0.14001785266615213,2.9334449042351705
T2,2026-01-09 18:00:00,7.728455804058877,0.13604626233209688,3.854693001078502
T2,2026-01-09 18:10:00,5.178287748887842,0.013039540531666081,2.765001333705744
T2,2026-01-09 18:20:00,7.587542034057852,0.12983467233372648,3.3441894249945125
T2,2026-01-09 18:30:00,6.840783060290983,0.07757214802227225,3.480768900132491
T2,2026-01-09 18:40:00,4.916199459145791,0.009380552746348466,2.0869066947241595
T2,2026-01-09 18:50:00,6.139161625244846,0.03829366581788013,3.2839679070219208
T2,2026-01-09 19:00:00,7.111305434692767,0.09339342332029231,4.004725850717582
T2,2026-01-09 19:10:00,7.394104353529017,0.11464054775682647,2.598568869609219
T2,2026-01-09 19:20:00,5.938077320358704,0.03182666383692788,2.3205823369145935
T2,2026-01-09 19:30:00,7.6721217909199675,0.1321867877873185,4.751907768527018
T2,2026-01-09 19:40:00,5.950064338388901,0.03275042546845258,2.590377764292398
T2,2026-01-09 19:50:00,6.285666478872722,0.04757415299398855,3.727355776000245
T2,2026-01-09 20:00:00,6.7109601421050735,0.06828972753963809,3.7995207122161796
T2,2026-01-09 20:10:00,4.551724217746246,0.004943838410197294,2.759997676862222
T2,2026-01-09 20:20:00,5.669492546611031,0.023739888066881532,3.9466885920746835
T2,2026-01-09 20:30:00,4.130231229232841,0.0019415825209307739,2.886191060024303
T2,2026-01-09 20:40:00,3.5973544968409406,0.0002638898962328741,3.852108047291872
T2,2026-01-09 20:50:00,4.5425572363230735,0.004896572906292262,4.344059917290982
T2,2026-01-09 21:00:00,4.347665788923014,0.00308247184848412,4.824444390616899
T2,2026-01-09 21:10:00,5.0691379413544,0.011964433648587607,2.600554970709183
T2,2026-01-09 21:20:00,5.718067795394554,0.02503707041332482,2.0832207974736905
T2,2026-01-09 21:30:00,4.927425453424207,0.00952447878660735,2.9231914943690342
T2,2026-01-09 21:40:00,4.153003039950372,0.0019785816032344165,1.2536488225328515
T2,2026-01-09 21:50:00,5.161526600869435,0.013530129253829487,3.828371907721457
T2,2026-01-09 22:00:00,3.7037064311832477,0.000469158737399993,3.162437194046474
T2,2026-01-09 22:10:00,4.744650844488505,0.006659138836491379,3.027695179862626
T2,2026-01-09 22:20:00,6.144361086081011,0.042139782583799655,3.678823109395871
T2,2026-01-09 22:30:00,4.550349560148625,0.00493799199520972,1.6863825105076282
T2,2026-01-09 22:40:00,2.1778823809042325,0.0,2.7464589827584684
T2,2026-01-09 22:50:00,1.7025630689553188,0.0,4.714019849280111
T2,2026-01-09 23:00:00,5.609353414439753,0.02268988035768513,3.3581968811414833
T2,2026-01-09 23:10:00,5.367923426155606,0.01748627312910383,3.0045396662119033
T2,2026-01-09 23:20:00,4.4891910489368785,0.004327769815613333,4.281244311932714
T2,2026-01-09 23:30:00,5.810846535663047,0.029775328568703328,5.353427978368915
T2,2026-01-09 23:40:00,5.015168442375185,0.010794655942058319,1.7609018424265424
T2,2026-01-09 23:50:00,5.185436783065441,0.013527212295248494,5.247749527955734
T2,2026-01-10 00:00:00,3.4708085744335078,0.00013175963663068665,3.451235327743034
T2,2026-01-10 00:10:00,5.914188850332888,0.03283722990179013,2.0856798669351666
T2,2026-01-10 00:20:00,6.776426105500535,0.0672669955437204,3.479850604528292
T2,2026-01-10 00:30:00,6.400733469037318,0.04914492086448843,3.7113797364973147
T2,2026-01-10 00:40:00,4.803454762359107,0.007890368225442668,1.972808323625494
T2,2026-01-10 00:50:00,5.037974688344319,0.011276507484048338,4.220401911162935
T2,2026-01-10 01:00:00,6.055239329992203,0.038652033008928596,2.79851778033003
T2,2026-01-10 01:10:00,4.303865343220585,0.003032223119181666,4.174907568119491
T2,2026-01-10 01:20:00,5.818384766716922,0.028236359357353268,3.2428876382621663
T2,2026-01-10 01:30:00,3.9120330953079887,0.0009465010736855177,3.2475371173246246
T2,2026-01-10 01:40:00,6.470050792190259,0.055507735002739096,2.3280392457482373
T2,2026-01-10 01:50:00,6.396388624836396,0.052271130647683774,3.262219907305832
T2,2026-01-10 02:00:00,6.6639512272776,0.06397931007860394,2.3123150122621876
T2,2026-01-10 02:10:00,5.600795407621058,0.023484318390787757,3.6154485941451644
T2,2026-01-10 02:20:00,3.702657300933338,0.00043340737951936826,3.095191931996602
T2,2026-01-10 02:30:00,5.476649882460876,0.02020464116974109,2.265872850531916
T2,2026-01-10 02:40:00,5.500583344926145,0.020573866946141602,2.301514755021996
T2,2026-01-10 02:50:00,5.06572095555338,0.012044267100381534,4.275818490950605
T2,2026-01-10 03:00:00,5.278405081475243,0.015414336381014502,4.039113506923873
T2,2026-01-10 03:10:00,7.863132896007567,0.15545397644519637,1.690224279016043
T2,2026-01-10 03:20:00,5.985391454333575,0.036159902082103616,3.139969181306312
T2,2026-01-10 03:30:00,6.866635439089196,0.07193008503475064,4.849290243568565
T2,2026-01-10 03:40:00,6.382199779164909,0.05174257776079594,4.822330620416917
T2,2026-01-10 03:50:00,5.068801131735228,0.01195310415462988,6.032662836703667
T2,2026-01-10 04:00:00,6.313502836783396,0.04561446443170717,3.4412533263134137
T2,2026-01-10 04:10:00,5.671445339028491,0.024359214641173927,3.6368852794737174
T2,2026-01-10 04:20:00,7.149919063276086,0.08898789546564387,3.9505082579016166
T2,2026-01-10 04:30:00,5.234302129618388,0.014999516451990328,3.2578009810436854
T2,2026-01-10 04:40:00,4.89827780561653,0.009174368171229835,2.539204706573182
T2,2026-01-10 04:50:00,6.338796346697486,0.0485588897178349,2.8005761999783103
T2,2026-01-10 05:00:00,6.715245604549813,0.06362702019447619,4.937465229484047
T2,2026-01-10 05:10:00,5.996917014094372,0.03499368952534144,2.8498959575652067
T2,2026-01-10 05:20:00,6.154778095718645,0.040113798743338015,1.8986898266192984
T2,2026-01-10 05:30:00,6.922077154343393,0.0816273619410942,3.711300143737998
T2,2026-01-10 05:40:00,6.817836037892455,0.0703391394030696,3.1146267231501774
T2,2026-01-10 05:50:00,6.606619097488778,0.06019020059217202,3.5447087131633976
T2,2026-01-10 06:00:00,8.113916397933453,0.1731420036149289,1.8774231209909091
T2,2026-01-10 06:10:00,7.377764196325818,0.10841040738811293,2.8403791743661913
T2,2026-01-10 06:20:00,8.369980290120814,0.19761846791413523,2.905619865488082
T2,2026-01-10 06:30:00,8.040664995486637,0.17372672359813723,3.675134778407481
T2,2026-01-10 06:40:00,6.61460195732556,0.05939474018704141,5.746471221299413
T2,2026-01-10 06:50:00,7.444247399448794,0.11259020028840265,1.7319217212403863
T2,2026-01-10 07:00:00,8.885678952216415,0.2712364831793226,1.6991469748995178
T2,2026-01-10 07:10:00,8.103795008477917,0.1770377645148789,3.633202616487309
T2,2026-01-10 07:20:00,9.963407009793626,0.45804912409395687,3.6802092842572693
T2,2026-01-10 07:30:00,8.050961862379172,0.16870211635112042,3.5344016755655003
T2,2026-01-10 07:40:00,7.8692643774045505,0.15506623302650208,4.552985951823773
T2,2026-01-10 07:50:00,7.034553041594473,0.08440530556365955,1.500033611974193
T2,2026-01-10 08:00:00,6.063543866315989,0.0357818936058683,2.312752848445315
T2,2026-01-10 08:10:00,7.244919513988647,0.1005783889710294,4.215904280197553
T2,2026-01-10 08:20:00,10.433304432666855,0.5373290930040626,4.770558749116512
T2,2026-01-10 08:30:00,6.585109251494281,0.060329700696235555,3.271788587693625
T2,2026-01-10 08:40:00,10.452027729382124,0.5485113150412562,3.8963583490198226
T2,2026-01-10 08:50:00,9.720168192232485,0.4162320553726312,3.6762523370994495
T2,2026-01-10 09:00:00,6.249530907704335,0.042599421040625925,3.0567773769203215
T2,2026-01-10 09:10:00,8.04493153738002,0.16384534227002182,1.8328394307795028
T2,2026-01-10 09:20:00,10.33585395140369,0.5013375789403748,3.203061472082142
T2,2026-01-10 09:30:00,10.507194102492802,0.5487859040000288,5.337911761000628
T2,2026-01-10 09:40:00,10.006897106262397,0.4394373651853033,3.2607837074357864
T2,2026-01-10 09:50:00,9.56629939193744,0.35806129739913234,3.422943107890858
T2,2026-01-10 10:00:00,10.502738395924087,0.5360473212827381,3.954393966638901
T2,2026-01-10 10:10:00,9.80808973652371,0.4113918681955392,2.6179758545043557
T2,2026-01-10 10:20:00,7.0994474581276155,0.09335908884462961,2.978729858175954
T2,2026-01-10 10:30:00,8.463584474721126,0.2018316734392808,2.365385309501314
T2,2026-01-10 10:40:00,7.45217317335013,0.11446312550914342,2.417538224978085
T2,2026-01-10 10:50:00,9.073792956508056,0.2954648338266234,4.457251130377099
T2,2026-01-10 11:00:00,11.38408296259238,0.7384295292178289,2.252821180194819
T2,2026-01-10 11:10:00,8.159951586798389,0.1775595556750193,2.2632345976861594
T2,2026-01-10 11:20:00,7.264739134504605,0.09998561741872614,2.726160952753413
T2,2026-01-10 11:30:00,9.96445828745575,0.42964014198418254,2.8671691508749038
T2,2026-01-10 11:40:00,6.580276673280826,0.059928517785013784,2.311320308135003
T2,2026-01-10 11:50:00,9.22816144843073,0.31234561863652927,2.7603009955953075
T2,2026-01-10 12:00:00,9.70876132413059,0.3957367697300357,3.046097429202531
T2,2026-01-10 12:10:00,11.331166264873456,0.7457604506212588,4.501482891100457
T2,2026-01-10 12:20:00,9.969833306277986,0.4341533824137225,3.4081245172662094
T2,2026-01-10 12:30:00,11.772742042722887,0.873433793683786,2.216443719851891
T2,2026-01-10 12:40:00,8.827403760830107,0.26994180617715796,3.019474857657469
T2,2026-01-10 12:50:00,10.174785438564507,0.45600366020863636,2.7448103325590893
T2,2026-01-10 13:00:00,8.328763269022112,0.1999510702094439,3.3782115345167916
T2,2026-01-10 13:10:00,10.054378814175188,0.4563046049797688,2.0904203922654596
T2,2026-01-10 13:20:00,10.533730037573307,0.5685439775945124,2.0402260583296505
T2,2026-01-10 13:30:00,8.54585451945524,0.23013904450796963,4.367018741294888
T2,2026-01-10 13:40:00,9.334212029709452,0.3434094441280493,4.373662101564358
T2,2026-01-10 13:50:00,9.309219118342934,0.31025158026998795,5.065693018614055
T2,2026-01-10 14:00:00,11.1638287299908,0.7041723486107277,3.7959785679684703
T2,2026-01-10 14:10:00,9.20211512980663,0.31009419137195565,2.983310634237818
T2,2026-01-10 14:20:00,8.75711992654909,0.25811047173050355,3.560813272160483
T2,2026-01-10 14:30:00,8.689957592937358,0.23415645544972455,3.4663717402772485
T2,2026-01-10 14:40:00,5.78993173746619,0.02714010624250653,2.9771769088335973
T2,2026-01-10 14:50:00,8.370298148174117,0.20791591596459108,2.4500254753702135
T2,2026-01-10 15:00:00,9.364515701632229,0.3218383976153665,2.6798027798310415
T2,2026-01-10 15:10:00,8.150853669807338,0.18618351386922413,3.01711093575176
T2,2026-01-10 15:20:00,8.269362700473375,0.19519084970479814,3.6868531900339834
T2,2026-01-10 15:30:00,8.690261024534127,0.2397412816232669,3.774662662529193
T2,2026-01-10 15:40:00,9.546386723548135,0.3595409637236669,3.9164131694434294
T2,2026-01-10 15:50:00,8.61929686033416,0.22948264403495888,2.616647482164306
T2,2026-01-10 16:00:00,8.459853419106244,0.22229250012465124,0.9591384455448577
T2,2026-01-10 16:10:00,8.457599345199283,0.2007557761167773,2.23087043366643
T2,2026-01-10 16:20:00,6.892166677292378,0.07693166283601763,2.330366446482807
T2,2026-01-10 16:30:00,6.602137193536087,0.059686091176819216,4.178974124483597
T2,2026-01-10 16:40:00,6.506226586441432,0.0560173383998312,1.6808856330949473
T2,2026-01-10 16:50:00,8.047624972604106,0.16545144879773438,3.650950695329211
T2,2026-01-10 17:00:00,6.322498402999234,0.04885172585784648,2.877175532852008
T2,2026-01-10 17:10:00,8.217882954982901,0.18073365279946407,0.903652582468045
T2,2026-01-10 17:20:00,6.344254027591255,0.04946722695243787,2.810640059939076
T2,2026-01-10 17:30:00,7.1038418406054245,0.0886516237605632,3.469369053547789
T2,2026-01-10 17:40:00,8.395119350239778,0.19453352664807885,4.892819339052128
T2,2026-01-10 17:50:00,9.891188464157432,0.43570678510891087,4.175973008102137
T2,2026-01-10 18:00:00,7.434407076296639,0.11144522780911223,3.4611661786844583
T2,2026-01-10 18:10:00,4.301303433553219,0.0027619964435049134,3.3249027175583983
T2,2026-01-10 18:20:00,6.3515908688092555,0.05160443773368513,5.206728209125101
T2,2026-01-10 18:30:00,7.237613492205861,0.09638834086634522,2.8774074933265825
T2,2026-01-10 18:40:00,7.367818219582679,0.10719796078440895,2.872059458584329
T2,2026-01-10 18:50:00,5.42774595518595,0.017851093096319357,4.229400258995579
T2,2026-01-10 19:00:00,3.8544139144882497,0.0008221200817217598,1.8542508388020686
T2,2026-01-10 19:10:00,6.0507081740948045,0.03773518079623611,1.0296782899645955
T2,2026-01-10 19:20:00,5.187058443702902,0.013495456416057103,2.4686399161630845
T2,2026-01-10 19:30:00,4.9652075166102705,0.01036420663383495,1.676268877610788
T2,2026-01-10 19:40:00,3.766683642707829,0.0006142534035898182,4.335877936614626
T2,2026-01-10 19:50:00,5.788982779730264,0.02927405829129752,2.7731591383420917
T2,2026-01-10 20:00:00,3.300756398030516,3.660779051599636e-05,4.925560013307874
T2,2026-01-10 20:10:00,4.747317768475385,0.0066818074965330045,2.7738444112336182
T2,2026-01-10 20:20:00,5.074928885252626,0.011292595333876892,5.640729889610598
T2,2026-01-10 20:30:00,4.848304803722788,0.008584085852035092,4.546368315063321
T2,2026-01-10 20:40:00,5.169758629131987,0.012739109698658154,4.860955187845738
T2,2026-01-10 20:50:00,6.845432675155344,0.0740967208311074,4.642551721344897
T2,2026-01-10 21:00:00,6.949224265885326,0.0775569878994871,3.987083276339023
T2,2026-01-10 21:10:00,4.80975043834672,0.007711077537090559,1.930523070452575
T2,2026-01-10 21:20:00,3.9023168302193554,0.0009930428141234496,3.1695028500835067
T2,2026-01-10 21:30:00,3.4155370885380014,8.887390418807892e-05,3.023249837860695
T2,2026-01-10 21:40:00,3.433854337231228,0.00011150790660642092,1.9739026510498416
T2,2026-01-10 21:50:00,3.6375094727546755,0.0003254032318581882,3.493361118815474
T2,2026-01-10 22:00:00,5.508247249803467,0.020992865336743768,3.3543946329256524
T2,2026-01-10 22:10:00,5.107623626509628,0.01214725814659503,2.5457806293648386
T2,2026-01-10 22:20:00,3.29733610831089,3.53818026209737e-05,2.575993231890275
T2,2026-01-10 22:30:00,3.6395072850369186,0.0003233309401480608,1.8338895963370438
T2,2026-01-10 22:40:00,5.897365716011516,0.03244976960171156,3.5833672702846493
T2,2026-01-10 22:50:00,2.255590149139059,0.0,3.301640532563615
T2,2026-01-10 23:00:00,4.904769271000368,0.008793056710268874,4.354317425567557
T2,2026-01-10 23:10:00,5.680906840732096,0.025751646872911912,4.194629983363761
T2,2026-01-10 23:20:00,3.7175815265307857,0.0004740536174178667,3.490992659116676
T2,2026-01-10 23:30:00,5.060367986858759,0.011145505151559784,3.030737326043443
T2,2026-01-10 23:40:00,4.915627598723095,0.008938340618093073,3.8512198420759325
T2,2026-01-10 23:50:00,4.459020297313129,0.0038501523079507755,4.093388346175056
T2,2026-01-11 00:00:00,2.957186346219494,0.0,2.6496574593867477
T2,2026-01-11 00:10:00,4.20195255484876,0.0023349607217156418,2.187766188466923
T2,2026-01-11 00:20:00,2.8111392081896205,0.0,3.2095553885039063
T2,2026-01-11 00:30:00,3.103668823860346,1.383638077064295e-06,4.442724474007292
T2,2026-01-11 00:40:00,5.871821885225623,0.031701311853795586,4.460006265974224
T2,2026-01-11 00:50:00,3.8647464499959767,0.000825546913159429,3.057910226584857
T2,2026-01-11 01:00:00,2.4519772648523928,0.0,2.614262915417838
T2,2026-01-11 01:10:00,5.365254227785607,0.016597304030045848,3.114571243184264
T2,2026-01-11 01:20:00,5.898242437646438,0.032885619559252906,4.207864094246566
T2,2026-01-11 01:30:00,6.036381789585981,0.03811857345058686,1.4374905869558323
T2,2026-01-11 01:40:00,5.394086964201058,0.01710072762700514,2.545908679018682
T2,2026-01-11 01:50:00,5.054545360801708,0.01079617773312957,3.141854751438821
T2,2026-01-11 02:00:00,1.7957445047739755,0.0,3.938499165571313
T2,2026-01-11 02:10:00,5.6726628957940255,0.02608634482544559,1.9132379976239664
T2,2026-01-11 02:20:00,3.8872723861916065,0.0008821072645195805,2.6935332793406888
T2,2026-01-11 02:30:00,4.682460274865947,0.006464827038495101,3.3508190413392374
T2,2026-01-11 02:40:00,5.89739115098453,0.03121783050067016,4.227775533732929
T2,2026-01-11 02:50:00,5.657523791103309,0.02339671566720233,1.9817289165109775
T2,2026-01-11 03:00:00,5.343180839637108,0.01618214778163826,3.788464183348765
T2,2026-01-11 03:10:00,6.740432008737635,0.06611543348921389,3.764272823947582
T2,2026-01-11 03:20:00,7.38001101704365,0.10687682938465307,3.4618986395030693
T2,2026-01-11 03:30:00,4.84751908469724,0.008530458854048129,2.9348204485296248
T2,2026-01-11 03:40:00,4.738064342225523,0.007112759236910661,3.7001818660562313
T2,2026-01-11 03:50:00,8.320747329519467,0.1879784411651984,3.4631946097252353
T2,2026-01-11 04:00:00,6.945456807009723,0.07956952819460544,4.84549067624577
T2,2026-01-11 04:10:00,5.903224240495585,0.03133443945204041,3.7113718702232115
T2,2026-01-11 04:20:00,5.134525943153295,0.012122572946598067,3.107612075240297
T2,2026-01-11 04:30:00,6.751638459006934,0.06970233530672158,4.290079768081189
T2,2026-01-11 04:40:00,8.493132121194105,0.2167629539417919,4.03040204476865
T2,2026-01-11 04:50:00,5.671772117768529,0.024073291831026404,3.50515670306743
T2,2026-01-11 05:00:00,7.31778363875424,0.10409357912102189,2.450190701963667
T2,2026-01-11 05:10:00,5.375994808964018,0.01702708520950553,2.5713635798100634
T2,2026-01-11 05:20:00,7.953734892443093,0.15056309944953264,4.767350276610781
T2,2026-01-11 05:30:00,7.0991507925583495,0.08904185808838712,4.9486021030315515
T2,2026-01-11 05:40:00,8.948317390198088,0.27675090841808325,1.825473281186528
T2,2026-01-11 05:50:00,7.778995772199376,0.14659739188848503,3.2078351382331105
T2,2026-01-11 06:00:00,7.429761616608374,0.10913369348821154,5.191941974031135
T2,2026-01-11 06:10:00,6.507948134717174,0.054836343287016476,3.8183973476646065
T2,2026-01-11 06:20:00,6.400598748245389,0.05291741225284137,3.15283181670409
T2,2026-01-11 06:30:00,7.13417755396329,0.08856330303348894,1.7620015109526836
T2,2026-01-11 06:40:00,8.425376242755505,0.19950619139795195,3.3627106733025944
T2,2026-01-11 06:50:00,7.894414853096675,0.14959707787638876,2.516994702089955
T2,2026-01-11 07:00:00,8.238157539509045,0.17937174607334874,4.05503418730309
T2,2026-01-11 07:10:00,8.240813973589098,0.18497069609452027,1.7423780442928936
T2,2026-01-11 07:20:00,9.15511376583582,0.3026305006361539,3.413870302415927
T2,2026-01-11 07:30:00,10.221992453336926,0.5125022964264107,4.804331302503099
T2,2026-01-11 07:40:00,8.594504971097189,0.23636743882824662,5.019729891593412
T2,2026-01-11 07:50:00,9.397400203945113,0.3396767367234495,3.2304964123240407
T2,2026-01-11 08:00:00,6.708616060905389,0.06504709529189921,2.8430617684570723
T2,2026-01-11 08:10:00,6.264921360131224,0.04570883659485796,2.8807103757219474
T2,2026-01-11 08:20:00,7.5134368875959305,0.1233365589227113,3.662250317085984
T2,2026-01-11 08:30:00,9.324518809862006,0.3339329138895488,3.4404949797950932
T2,2026-01-11 08:40:00,7.475660129884626,0.11244466180120519,3.3408372771220725
T2,2026-01-11 08:50:00,7.47891574480508,0.1221681136096517,2.862965494147203
T2,2026-01-11 09:00:00,9.74514344447108,0.3850224071649351,2.9868652480392432
T2,2026-01-11 09:10:00,8.948418484646467,0.2841761950026727,4.464849727964488
T2,2026-01-11 09:20:00,8.913262169085995,0.2557261869882473,3.808137907460813
T2,2026-01-11 09:30:00,8.324123791214305,0.1951335798598017,3.5927058214674648
T2,2026-01-11 09:40:00,10.000155738962249,0.45065115635274194,4.4551956862712245
T2,2026-01-11 09:50:00,9.535327708374439,0.35054849929441945,4.824573506710031
T2,2026-01-11 10:00:00,9.292347730389725,0.32731314065423484,3.7221666653221708
T2,2026-01-11 10:10:00,8.120940291512651,0.18137126797480357,3.549986077988459
T2,2026-01-11 10:20:00,7.877871096820269,0.15483148127102678,4.652278570064558
T2,2026-01-11 10:30:00,11.332023314588675,0.7887097427780067,3.6339376589043186
T2,2026-01-11 10:40:00,8.731857212383582,0.2383341936611068,2.6491461392818976
T2,2026-01-11 10:50:00,9.00171545711388,0.28985573236931433,5.534419560548805
T2,2026-01-11 11:00:00,8.785180475442848,0.24137741598411902,2.3301105127253954
T2,2026-01-11 11:10:00,8.00813413071143,0.16284739789062894,3.413633556226216
T2,2026-01-11 11:20:00,8.13654459387876,0.17443284135679032,4.435748489914885
T2,2026-01-11 11:30:00,9.907454296275043,0.4175368500779512,2.611572616635376
T2,2026-01-11 11:40:00,7.177533900066691,0.09922802267097641,4.9470797840209055
T2,2026-01-11 11:50:00,10.825805426053273,0.6150295049959871,1.2868198071905792
T2,2026-01-11 12:00:00,7.824503071204038,0.14334849669104804,5.01787545439235
T2,2026-01-11 12:10:00,7.353705752922293,0.10585807878072473,3.0929753912270366
T2,2026-01-11 12:20:00,7.008490181905206,0.08768176214175105,4.591406520898345
T2,2026-01-11 12:30:00,9.51338055814851,0.3627638080611124,3.693780124954075
T2,2026-01-11 12:40:00,12.088952719934278,0.9698813314085699,3.261442666028806
T2,2026-01-11 12:50:00,10.654571230373884,0.5906539212735508,2.57519905137433
T2,2026-01-11 13:00:00,10.152342655140458,0.4663293590679125,3.525745623591798
T2,2026-01-11 13:10:00,9.135085431284352,0.28542784969555157,3.3599962336965206
T2,2026-01-11 13:20:00,10.30623795519415,0.5053860547973061,2.5460561708180007
T2,2026-01-11 13:30:00,9.728643578920327,0.3887411560355378,3.3069346401053052
T2,2026-01-11 13:40:00,9.609993261507908,0.3574509358207736,3.6074575042717187
T2,2026-01-11 13:50:00,9.762510854773172,0.41206678043880113,3.5918783920458224
T2,2026-01-11 14:00:00,11.335008566894494,0.7364946843070534,3.746176692302033
T2,2026-01-11 14:10:00,10.643782631462697,0.5819422828449203,2.764148321063405
T2,2026-01-11 14:20:00,11.192702333828407,0.7477004542475106,4.1358552062483565
T2,2026-01-11 14:30:00,9.120320014298445,0.31031142915534077,4.607857077228598
T2,2026-01-11 14:40:00,10.475845441277976,0.5635965377356641,2.9199516101820455
T2,2026-01-11 14:50:00,9.91248541829765,0.4277918096092911,3.726497220373246
T2,2026-01-11 15:00:00,7.393580924445845,0.10906395427614848,3.5681817032461276
T2,2026-01-11 15:10:00,7.844725375556598,0.1467628438018647,4.113431288189543
T2,2026-01-11 15:20:00,9.789575827841247,0.3990758889767869,1.667240884737748
T2,2026-01-11 15:30:00,8.740019055865664,0.24563576252825298,3.049450997160478
T2,2026-01-11 15:40:00,9.801431092521884,0.39142852159020525,4.128420656438223
T2,2026-01-11 15:50:00,8.666892920413751,0.23098271231320952,3.6085613042982483
T2,2026-01-11 16:00:00,8.373662932344917,0.19866204810504273,3.821301856667521
T2,2026-01-11 16:10:00,7.388640080612353,0.10763045560167923,2.825464179981582
T2,2026-01-11 16:20:00,5.87464950590178,0.031965989843022874,2.2840246747467168
T2,2026-01-11 16:30:00,9.199003376693467,0.3127546250834959,3.596513575865081
T2,2026-01-11 16:40:00,7.360566789938511,0.1052595930108796,3.262529671350555
T2,2026-01-11 16:50:00,7.694342468622935,0.141439767208408,3.0670424314287397
T2,2026-01-11 17:00:00,6.996369663458659,0.08499484744137217,2.0961189520784456
T2,2026-01-11 17:10:00,8.276350283965593,0.1853626540966264,2.96120565606909
T2,2026-01-11 17:20:00,7.157095172282509,0.09852060067842021,2.015592944678782
T2,2026-01-11 17:30:00,6.692698848109307,0.06887788391729618,3.374172241900987
T2,2026-01-11 17:40:00,6.6115262742782805,0.05844781171819206,5.803403837840133
T2,2026-01-11 17:50:00,6.526984360877111,0.056273759833720995,3.4817025062684723
T2,2026-01-11 18:00:00,7.035384728308721,0.08882030801384527,3.7322397346217295
T2,2026-01-11 18:10:00,7.418078334170169,0.10662503136813571,4.9979388388093255
T2,2026-01-11 18:20:00,3.669173705478665,0.0003709914166401947,4.295781751193661
T2,2026-01-11 18:30:00,5.650725358516246,0.02443346244569504,3.6853575841837967
T2,2026-01-11 18:40:00,6.301139634592235,0.04574985928339048,3.6784044804945806
T2,2026-01-11 18:50:00,7.759820381554176,0.14407420734960838,2.9515608567025984
T2,2026-01-11 19:00:00,7.310188795650031,0.10289744552177311,3.3096273899525137
T2,2026-01-11 19:10:00,5.611089962506897,0.022540727493456994,1.733438930602028
T2,2026-01-11 19:20:00,5.043460576550321,0.011567480735275953,3.69423262825596
T2,2026-01-11 19:30:00,6.069895219983159,0.036137643783578165,2.104151738955558
T2,2026-01-11 19:40:00,4.882663141192426,0.008613857680442677,3.157644392213028
T2,2026-01-11 19:50:00,6.640492789557621,0.06024156743578285,4.446253860362674
T2,2026-01-11 20:00:00,7.810879462012526,0.15091640432661868,2.7195400544950283
T2,2026-01-11 20:10:00,7.0828017653892275,0.08535811651796095,1.9334777015712237
T2,2026-01-11 20:20:00,6.772560377284202,0.07055936907740414,3.6423395448654428
T2,2026-01-11 20:30:00,4.6368352021981005,0.005757654440594094,3.526890770231356
T2,2026-01-11 20:40:00,3.0722421118430736,4.866994716333805e-07,3.1548606585742034
T2,2026-01-11 20:50:00,4.090879834968901,0.0017372115205035357,5.324841801213982
T2,2026-01-11 21:00:00,5.873919229486574,0.031133452117394256,2.7680255074331663
T2,2026-01-11 21:10:00,7.519849727893476,0.11693837195785038,2.4827393122223143
T2,2026-01-11 21:20:00,6.546035879630283,0.05670401203152797,2.7296141843535784
T2,2026-01-11 21:30:00,5.580553805702898,0.0229336053349774,2.1434609014046524
T2,2026-01-11 21:40:00,4.122465905757685,0.00193308269151688,4.669367922522033
T2,2026-01-11 21:50:00,5.561720362413781,0.022354110141880813,2.359368366114577
T2,2026-01-11 22:00:00,4.1116238957329765,0.0017005009583259652,4.301257875715748
T2,2026-01-11 22:10:00,3.2791925514499987,2.9177952430564638e-05,3.49416825946374
T2,2026-01-11 22:20:00,3.8885863984350424,0.0009077539584107243,2.1129300880128885
T2,2026-01-11 22:30:00,3.6396912778312167,0.0003370714120416811,4.402371690181254
T2,2026-01-11 22:40:00,6.67947099666366,0.06609078465997713,2.9167903058630755
T2,2026-01-11 22:50:00,3.941738046362402,0.001139424593437943,1.9328201911739806
T2,2026-01-11 23:00:00,5.94026762945647,0.03445679010300131,3.851108416597161
T2,2026-01-11 23:10:00,4.940075298311469,0.009800796971571636,2.5459396554019267
T2,2026-01-11 23:20:00,4.715744995480876,0.0065675516788172095,2.933725406314252
T2,2026-01-11 23:30:00,5.142487617093812,0.012571286203049918,5.346511915754126
T2,2026-01-11 23:40:00,5.071527924649612,0.011463965556896155,2.2643847894398945
T2,2026-01-11 23:50:00,7.162049966751626,0.09116306105347624,2.5953731583477238
T2,2026-01-12 00:00:00,3.4431854140159803,0.00010845314793998135,2.945124079170734
T2,2026-01-12 00:10:00,4.161293940278276,0.0021126334068170185,4.340642742806152
T2,2026-01-12 00:20:00,5.137209735247853,0.012216928764157779,4.419056400567213
T2,2026-01-12 00:30:00,5.647574564193045,0.0242974352290563,2.3631642445682455
T2,2026-01-12 00:40:00,3.243402832062624,1.904563572259841e-05,3.009781160185683
T2,2026-01-12 00:50:00,4.333870033504807,0.0030807059435304747,3.7241278369146262
T2,2026-01-12 01:00:00,6.327675003045027,0.0467686820284013,4.307805007823726
T2,2026-01-12 01:10:00,4.655194885767748,0.005665851078074145,2.512776706684539
T2,2026-01-12 01:20:00,4.577656131613882,0.0049815933648450425,2.4559764018721157
T2,2026-01-12 01:30:00,4.522052984947749,0.00471256385768385,4.227314358179154
T2,2026-01-12 01:40:00,4.101310847675373,0.0018231845637865613,3.944554416294858
T2,2026-01-12 01:50:00,6.029742879325846,0.0349673139679211,3.823338727821866
T2,2026-01-12 02:00:00,3.716317903861875,0.00047679838453457916,3.597399298043252
T2,2026-01-12 02:10:00,5.645971295717749,0.02331906786808179,4.745035389069448
T2,2026-01-12 02:20:00,5.550927189868065,0.022120768077361557,4.860839791917436
T2,2026-01-12 02:30:00,3.5564165539177397,0.00022772887075724624,2.4587404623150197
T2,2026-01-12 02:40:00,5.833931522190878,0.029126365537097524,4.760050604234884
T2,2026-01-12 02:50:00,6.2999714081266704,0.04499207621534524,2.4104061574075937
T2,2026-01-12 03:00:00,7.522937984578593,0.12047132243826622,3.5456931876731135
T2,2026-01-12 03:10:00,6.106488967186852,0.03795105635537973,4.635010821615701
T2,2026-01-12 03:20:00,5.544603061772437,0.021697624151382683,4.44961301048975
T2,2026-01-12 03:30:00,6.033987194646103,0.035187745848129996,3.020259807196849
T2,2026-01-12 03:40:00,4.257681451405357,0.0025866930019758875,3.916805045685996
T2,2026-01-12 03:50:00,6.7121914358564005,0.06482311923837523,4.265925435818166
T2,2026-01-12 04:00:00,6.851778439137087,0.07719774819212721,3.6000639954867366
T2,2026-01-12 04:10:00,4.615101188880319,0.005260121260817068,4.3201580834538875
T2,2026-01-12 04:20:00,3.8615858279384723,0.0008481486029504586,2.888114866908444
T2,2026-01-12 04:30:00,4.521401831444795,0.004401460370306066,5.456387229512501
T2,2026-01-12 04:40:00,5.84804076817534,0.030657840030048896,2.8001056404894675
T2,2026-01-12 04:50:00,5.698611534305355,0.024747901256505497,4.150210676596783
T2,2026-01-12 05:00:00,7.946885584928502,0.16444609625705733,3.375933535858339
T2,2026-01-12 05:10:00,6.905003396913,0.08130975356911516,2.872730646066121
T2,2026-01-12 05:20:00,6.167619070891474,0.04065512654369915,5.622988169448433
T2,2026-01-12 05:30:00,7.566743185395486,0.11880992870991615,2.6164307617599665
T2,2026-01-12 05:40:00,7.023011843416235,0.08343918628435583,3.4265853137540128
T2,2026-01-12 05:50:00,6.170796192965637,0.04137941016329129,4.259066107932881
T2,2026-01-12 06:00:00,6.011789239263909,0.034029757564008896,5.294810830908106
T2,2026-01-12 06:10:00,6.773140675978921,0.07323280952839752,1.781275007696962
T2,2026-01-12 06:20:00,8.891673490082836,0.27813320037073846,2.9644699766607356
T2,2026-01-12 06:30:00,8.43893431155203,0.2141981973902896,3.222523592113754
T2,2026-01-12 06:40:00,9.937011118157326,0.4476557918031537,2.5953263440697323
T2,2026-01-12 06:50:00,7.147058279767704,0.0924098860362798,2.823572488378537
T2,2026-01-12 07:00:00,8.355733656907388,0.19977232982902363,2.915367581141021
T2,2026-01-12 07:10:00,7.07268011477389,0.08666729269901309,4.069642493317139
T2,2026-01-12 07:20:00,7.224986796497385,0.0993008198458064,2.023375628310257
T2,2026-01-12 07:30:00,6.922412116516993,0.07713318605018962,5.31616593741611
T2,2026-01-12 07:40:00,6.407018144453541,0.05198040967613706,4.31837705526647
T2,2026-01-12 07:50:00,9.4919330567006,0.3746793237331568,4.150781278164759
T2,2026-01-12 08:00:00,8.00281698451699,0.1608586321789725,3.610144533695191
T2,2026-01-12 08:10:00,6.806252459725416,0.07255008008458971,4.399635078159123
T2,2026-01-12 08:20:00,6.8063264526391585,0.07084713362688592,4.281503553094812
T2,2026-01-12 08:30:00,8.368624667249305,0.21112205300919118,4.778967153379007
T2,2026-01-12 08:40:00,8.789980561040066,0.25224712504924357,3.762266033005418
T2,2026-01-12 08:50:00,8.973251817118172,0.2810798477637531,2.12474595329098
T2,2026-01-12 09:00:00,7.410294338522927,0.11096829884299661,2.4242462071346838
T2,2026-01-12 09:10:00,7.300170868651804,0.10016317933790078,4.318866585288529
T2,2026-01-12 09:20:00,6.771460662690961,0.06799758577449748,3.7193574929608277
T2,2026-01-12 09:30:00,9.473184062096356,0.34228541912783733,3.491658739258963
T2,2026-01-12 09:40:00,8.926014222380068,0.27728035708848126,3.8842489426263693
T2,2026-01-12 09:50:00,10.800284788709238,0.6028233087296905,3.533437980629992
T2,2026-01-12 10:00:00,8.744393877610587,0.23871483038190586,3.017207730261979
T2,2026-01-12 10:10:00,9.542109801859539,0.35613674330782924,2.906396915085529
T2,2026-01-12 10:20:00,8.603062205409806,0.23171583069099308,3.0989170526671925
T2,2026-01-12 10:30:00,7.4291687692516035,0.11789905072432284,3.9872621335422895
T2,2026-01-12 10:40:00,10.637818556720077,0.5944088365160608,4.770901397684621
T2,2026-01-12 10:50:00,7.487520493310296,0.12195664053823675,3.8653031484046356
T2,2026-01-12 11:00:00,10.306153770769985,0.5261193312783204,1.4616350905732052
T2,2026-01-12 11:10:00,10.845417026063659,0.6276368347418734,1.4950325898592935
T2,2026-01-12 11:20:00,8.202021472309328,0.17915449683588175,3.8162674066438598
T2,2026-01-12 11:30:00,8.922241256934717,0.2651987885260383,5.30667331942946
T2,2026-01-12 11:40:00,9.310416450035403,0.3270677533989035,4.00781621650722
T2,2026-01-12 11:50:00,8.878792459690137,0.2535317774188198,4.239253965301851
T2,2026-01-12 12:00:00,10.433530766971032,0.5450416784004395,2.3913220421497607
T2,2026-01-12 12:10:00,7.523986954998409,0.12014675068241211,4.173185621229945
T2,2026-01-12 12:20:00,7.811885815855979,0.1468313979221788,3.4931849351105937
T2,2026-01-12 12:30:00,9.632614371340724,0.36119849309193375,4.424852802900605
T2,2026-01-12 12:40:00,8.315445738680335,0.19537635459893987,3.7223234678443524
T2,2026-01-12 12:50:00,10.194894482853064,0.47420390737709306,3.116400649168265
T2,2026-01-12 13:00:00,8.217123377576044,0.19028578940261895,5.4585487138214885
T2,2026-01-12 13:10:00,8.457600588692914,0.20668400777673107,4.732339777166145
T2,2026-01-12 13:20:00,10.907862400690167,0.6601391509480428,4.006719265364658
T2,2026-01-12 13:30:00,8.43777015694464,0.21064512548042524,4.009151184618807
T2,2026-01-12 13:40:00,8.001187565532694,0.16007857082086432,3.4012505532580115
T2,2026-01-12 13:50:00,8.943121773636427,0.27853326433694214,2.725322085158546
T2,2026-01-12 14:00:00,9.20516863102861,0.2997775771368396,4.009374160792407
T2,2026-01-12 14:10:00,9.076721285616857,0.28071574502889707,4.234256759836335
T2,2026-01-12 14:20:00,8.76863318955204,0.24715880054173667,3.3793084132366413
T2,2026-01-12 14:30:00,10.9573817192588,0.6873979516747993,2.2104575686218406
T2,2026-01-12 14:40:00,7.729335653294525,0.13701416912996967,4.140618309523398
T2,2026-01-12 14:50:00,8.718765837331306,0.24152593443262066,3.592085774582941
T2,2026-01-12 15:00:00,9.470981566723195,0.36658590990170864,2.7715976833839626
T2,2026-01-12 15:10:00,7.239489270022197,0.10274959588397699,4.214957682186023
T2,2026-01-12 15:20:00,9.604486740810227,0.3729122209937848,3.912351476368719
T2,2026-01-12 15:30:00,9.14634481433814,0.2882930659940884,4.545266491076345
T2,2026-01-12 15:40:00,7.083497146529723,0.0840982342183971,4.23697468671143
T2,2026-01-12 15:50:00,9.777354832132149,0.419465224470321,2.8721749573962025
T2,2026-01-12 16:00:00,9.701893673735407,0.39338529545719725,3.8114560855106028
T2,2026-01-12 16:10:00,6.666475994960859,0.06279907008401553,3.986694905594464
T2,2026-01-12 16:20:00,8.923114055960458,0.2751090372670712,3.3236154347789184
T2,2026-01-12 16:30:00,7.182465669969894,0.09798635922419215,5.743689658680386
T2,2026-01-12 16:40:00,7.673297410559039,0.1396873394898466,3.4761675414055206
T2,2026-01-12 16:50:00,8.263444321738884,0.1987466471436786,4.3593865147436635
T2,2026-01-12 17:00:00,8.214487241899832,0.18697721959281982,5.110947410498077
T2,2026-01-12 17:10:00,7.210526248938452,0.09517094213807721,3.4905308282584886
T2,2026-01-12 17:20:00,6.427970743688762,0.05118423383651574,3.7094028828706582
T2,2026-01-12 17:30:00,8.533589131550157,0.2233018861694576,4.257090601584883
T2,2026-01-12 17:40:00,6.409327302454325,0.053804909555337045,2.1456507686622257
T2,2026-01-12 17:50:00,6.880221424027102,0.07221621066587047,4.023113493757252
T2,2026-01-12 18:00:00,6.245235417266645,0.04579843575143932,3.2364251929279604
T2,2026-01-12 18:10:00,6.930510499690816,0.07594305685840176,3.96020517221502
T2,2026-01-12 18:20:00,5.7141541193028775,0.025672142939163818,2.607197316533566
T2,2026-01-12 18:30:00,6.796160217003797,0.06912853236660771,4.6901565741450275
T2,2026-01-12 18:40:00,6.618591917530466,0.0595223091688772,3.513238389901335
T2,2026-01-12 18:50:00,6.933054391229391,0.07610013948021713,4.431474759170081
T2,2026-01-12 19:00:00,7.063898895256283,0.08420887730441975,4.420576123028416
T2,2026-01-12 19:10:00,8.555349620825083,0.22478733746883053,4.930929749561503
T2,2026-01-12 19:20:00,6.079735552533273,0.03649625515383468,4.019816154047131
T2,2026-01-12 19:30:00,5.990630872803534,0.03665713818517956,2.7364159913296136
T2,2026-01-12 19:40:00,5.406391830699078,0.018662345128751628,4.334289436703206
T2,2026-01-12 19:50:00,4.838944380507825,0.008279142591243745,3.002313375036713
T2,2026-01-12 20:00:00,7.432333091962111,0.11851476657141988,5.547778744319601
T2,2026-01-12 20:10:00,5.036425617636028,0.010590087848790888,2.4237914406174674
T2,2026-01-12 20:20:00,3.7329055077384594,0.0005214042422054859,3.601836634541167
T2,2026-01-12 20:30:00,4.64882123092815,0.006072908168501182,2.911559057124698
T2,2026-01-12 20:40:00,6.389405910107819,0.0504784551169446,2.5798801529346305
T2,2026-01-12 20:50:00,3.93531162675223,0.001109339254962883,3.051415298519041
T2,2026-01-12 21:00:00,6.989967596016185,0.08582002547833055,3.0442355940598
T2,2026-01-12 21:10:00,6.113902108264902,0.038409350432015266,3.852161069864637
T2,2026-01-12 21:20:00,5.248181536060724,0.015528541918661801,4.701792220636976
T2,2026-01-12 21:30:00,4.205207453016918,0.0021637852216647474,3.5544402674326023
T2,2026-01-12 21:40:00,4.15926883031344,0.0019628634066756498,3.9054166323892456
T2,2026-01-12 21:50:00,5.767889538949497,0.02628240869190555,3.3395240034238585
T2,2026-01-12 22:00:00,5.206135890102544,0.013840179700659394,-0.2146252933248176
T2,2026-01-12 22:10:00,4.257252053357556,0.0027060222343981456,4.086538141164288
T2,2026-01-12 22:20:00,2.793244579320749,0.0,4.203366193169064
T2,2026-01-12 22:30:00,5.242360530046064,0.014832934005660709,3.921941897405997
T2,2026-01-12 22:40:00,2.983572860593812,0.0,4.8732312504536806
T2,2026-01-12 22:50:00,5.134651515116699,0.01308084888667067,4.706820857105309
T2,2026-01-12 23:00:00,4.184398953940421,0.0021761975260062446,4.728117972744702
T2,2026-01-12 23:10:00,4.157054056799794,0.002031067342645436,4.508742241348597
T2,2026-01-12 23:20:00,4.179044572638121,0.0020879579713963528,4.0773275049630495
T2,2026-01-12 23:30:00,3.4977635982475945,0.00015759893339275496,3.8924746031893735
T2,2026-01-12 23:40:00,4.249810411874998,0.0024323141721014478,4.356007853674267
T2,2026-01-12 23:50:00,5.150384567319978,0.012704306479761536,4.430925107689987
T2,2026-01-13 00:00:00,4.645915801748865,0.005870145008313685,3.4354844317189706
T2,2026-01-13 00:10:00,5.117970756126726,0.012660247830625863,4.324007721494712
T2,2026-01-13 00:20:00,4.326345035717184,0.003011744705454502,3.7102872450155218
T2,2026-01-13 00:30:00,4.458160214771679,0.003880419362311338,4.218276625648751
T2,2026-01-13 00:40:00,3.446804969073693,0.00011579627525159276,3.7734495661343335
T2,2026-01-13 00:50:00,3.0258526514400472,2.2657009716110058e-08,3.2689382472956687
T2,2026-01-13 01:00:00,6.789845930560263,0.06909952119782295,3.909337604527804
T2,2026-01-13 01:10:00,5.037355307082568,0.010954564990470412,3.527325609550192
T2,2026-01-13 01:20:00,6.03405740699307,0.03543587009598393,2.391107055042658
T2,2026-01-13 01:30:00,4.126183384516258,0.0018462732231917388,2.681617643016617
T2,2026-01-13 01:40:00,6.79292211129841,0.0683512800535823,3.5593970845636265
T2,2026-01-13 01:50:00,7.092171692055426,0.0908458965499117,4.450363696475437
T2,2026-01-13 02:00:00,4.2080645130591465,0.0023613928618509824,3.428136489826211
T2,2026-01-13 02:10:00,5.930841803891331,0.03351856724145417,4.08391157741679
T2,2026-01-13 02:20:00,2.7767231366205842,0.0,4.114406435680104
T2,2026-01-13 02:30:00,4.52041539912163,0.004613618834944265,2.593375457755984
T2,2026-01-13 02:40:00,5.033605089027639,0.011260132035396437,3.642737320420737
T2,2026-01-13 02:50:00,5.741297497770733,0.02602269512234224,4.062810087301112
T2,2026-01-13 03:00:00,6.26062913901203,0.04466507162604444,5.722414120967011
T2,2026-01-13 03:10:00,5.001416507296733,0.010005463712138774,2.877591306124376
T2,2026-01-13 03:20:00,6.004932480285192,0.03555802173445122,3.826835411502669
T2,2026-01-13 03:30:00,5.39485306921556,0.017437646997922548,3.337565324827857
T2,2026-01-13 03:40:00,8.109989087759484,0.1709904885527751,4.458029583320743
T2,2026-01-13 03:50:00,3.725571414228022,0.0005151127938910461,3.374843551134627
T2,2026-01-13 04:00:00,5.262739255003932,0.015111159405787718,1.7577011215931364
T2,2026-01-13 04:10:00,6.025234242540105,0.03580300563278951,3.0280555043718476
T2,2026-01-13 04:20:00,6.1281774094125705,0.04075237263507148,4.2150233856806105
T2,2026-01-13 04:30:00,3.1541773187021946,4.775709675761284e-06,4.666737080857335
T2,2026-01-13 04:40:00,5.065102225243128,0.011470409946604506,1.6053027503853503
T2,2026-01-13 04:50:00,6.958437618084426,0.08152764484849515,2.617739012964929
T2,2026-01-13 05:00:00,6.7617940253389435,0.06728363247213166,2.642003640422428
T2,2026-01-13 05:10:00,3.6852042218854124,0.00040422119958068793,3.3291185811468282
T2,2026-01-13 05:20:00,6.031620475942272,0.034646914540865326,5.421246621600711
T2,2026-01-13 05:30:00,7.026080720206143,0.08696768469775366,3.9348460185076126
T2,2026-01-13 05:40:00,6.634836781090639,0.06203461904044081,3.525847398450031
T2,2026-01-13 05:50:00,6.396293677457483,0.052898048360534036,4.092441766797827
T2,2026-01-13 06:00:00,4.251042027477627,0.0025108218490314887,4.679303810283692
T2,2026-01-13 06:10:00,5.512479423685308,0.020034586639658028,4.654712519884252
T2,2026-01-13 06:20:00,6.644699400686603,0.06126372412063073,4.615553267296957
T2,2026-01-13 06:30:00,8.801202413317224,0.24196894040198924,3.9502710934075753
T2,2026-01-13 06:40:00,6.537202938363353,0.05847580090214491,3.242601336724457
T2,2026-01-13 06:50:00,7.543204146035336,0.1200018003338919,4.276141764111612
T2,2026-01-13 07:00:00,6.488011146703826,0.05666207942189258,4.768159771749639
T2,2026-01-13 07:10:00,7.723202109754742,0.1390247127596018,3.797368688669136
T2,2026-01-13 07:20:00,9.373097379072622,0.3210572452645992,3.717224163779608
T2,2026-01-13 07:30:00,7.6599419674433555,0.12869985841792264,3.912171523993311
T2,2026-01-13 07:40:00,7.817874007326733,0.15064400909231088,2.41325140147057
T2,2026-01-13 07:50:00,9.456947761770225,0.36409928484157345,3.9864718542990367
T2,2026-01-13 08:00:00,7.062086107243235,0.08912024560130634,3.8220233811579085
T2,2026-01-13 08:10:00,8.340901086541656,0.19741619269175595,3.780600905383572
T2,2026-01-13 08:20:00,7.47539570065152,0.11515780112553169,4.3745362649733925
T2,2026-01-13 08:30:00,9.611749102625378,0.39046110826570035,3.589467395356837
T2,2026-01-13 08:40:00,8.223722935281499,0.18642448660239447,3.1331641702259474
T2,2026-01-13 08:50:00,9.994842156798065,0.4271425839778178,4.112303626700608
T2,2026-01-13 09:00:00,10.909228113505339,0.6509254641697549,4.975335353791088
T2,2026-01-13 09:10:00,7.847868096345812,0.14883684182652243,2.5531220537592603
T2,2026-01-13 09:20:00,10.440961508756065,0.5642990717419176,4.3041315048420055
T2,2026-01-13 09:30:00,10.578709015729677,0.5817193440103353,4.165891735019953
T2,2026-01-13 09:40:00,8.801827398720658,0.25620487380972623,4.994649316009733
T2,2026-01-13 09:50:00,8.148251677692398,0.1833059445682258,4.451085374346588
T2,2026-01-13 10:00:00,10.491431876384269,0.5346989167077533,2.2649874205561584
T2,2026-01-13 10:10:00,9.257324331023762,0.3264550587957783,3.6945876130831876
T2,2026-01-13 10:20:00,8.810007975669837,0.24443119873185135,5.637861252474108
T2,2026-01-13 10:30:00,9.672162435171325,0.40044046716989296,4.31696965689105
T2,2026-01-13 10:40:00,9.122037070259095,0.3122403984606626,3.9151325893602698
T2,2026-01-13 10:50:00,9.680838473129146,0.3985244414682149,4.666637319355845
T2,2026-01-13 11:00:00,10.620124247501964,0.5822658215218033,2.63867976081438
T2,2026-01-13 11:10:00,10.024528696515814,0.4528695451603916,2.457064118550067
T2,2026-01-13 11:20:00,8.62631639247517,0.24193402289699903,4.031194005036809
T2,2026-01-13 11:30:00,9.754136173577159,0.4225999713804221,2.922824562435687
T2,2026-01-13 11:40:00,8.356627165127989,0.19783643069476853,4.0748907796980305
T2,2026-01-13 11:50:00,7.93383624284811,0.16402153741989875,4.112759064781875
T2,2026-01-13 12:00:00,9.742843418071535,0.39253444895620954,3.9699676113408513
T2,2026-01-13 12:10:00,10.49639358938323,0.523235205551833,3.251070973602055
T2,2026-01-13 12:20:00,7.258831421793142,0.10016688576330941,4.0016083991949
T2,2026-01-13 12:30:00,10.934749828927192,0.6673830144424943,4.100850182943876
T2,2026-01-13 12:40:00,12.331645129843274,0.9209639998909509,5.149148265458986
T2,2026-01-13 12:50:00,11.597875953274514,0.8514878588465635,4.065698855603364
T2,2026-01-13 13:00:00,5.5194524548118356,0.021066864990495277,2.712838542979595
T2,2026-01-13 13:10:00,10.182407302395315,0.4892914626278287,3.957099712445354
T2,2026-01-13 13:20:00,9.600415267194483,0.360450848203551,4.075081849911665
T2,2026-01-13 13:30:00,10.34836924075903,0.5070397980573274,3.663761192126842
T2,2026-01-13 13:40:00,10.975069310282477,0.644896231897451,3.96479272478971
T2,2026-01-13 13:50:00,9.59523070817468,0.3577974524148257,3.7588219149231796
T2,2026-01-13 14:00:00,7.240291449258796,0.09715865427831083,5.6335231284256775
T2,2026-01-13 14:10:00,8.300642303531273,0.19882126694193145,3.5247165408268284
T2,2026-01-13 14:20:00,9.25017400683389,0.30307050689247517,4.775345720762919
T2,2026-01-13 14:30:00,9.262410928035875,0.31066730835063977,3.8316490673430077
T2,2026-01-13 14:40:00,9.841338106782056,0.4014157354172591,1.4132113624984277
T2,2026-01-13 14:50:00,9.010646606561686,0.2689415049252557,4.419577625028304
T2,2026-01-13 15:00:00,10.622319309992143,0.5955827870033721,3.1838003918428197
T2,2026-01-13 15:10:00,7.568844308656844,0.1261525408243657,3.2624926321006704
T2,2026-01-13 15:20:00,7.918129530901728,0.1494912368081794,4.176702565374209
T2,2026-01-13 15:30:00,9.65517109790649,0.38708501851599625,3.6370163701338387
T2,2026-01-13 15:40:00,8.953575802371525,0.2647704084285914,2.3999300064966773
T2,2026-01-13 15:50:00,10.90592399377117,0.6445404614758512,4.756688876455164
T2,2026-01-13 16:00:00,7.122811434466207,0.09347060417240415,4.717204997232285
T2,2026-01-13 16:10:00,5.844644514432583,0.029539447770354818,3.5554442149008163
T2,2026-01-13 16:20:00,7.685225998998706,0.13308078162644751,4.30126540591626
T2,2026-01-13 16:30:00,9.432694394345226,0.34451022177665785,3.7906084930817854
T2,2026-01-13 16:40:00,6.942722205197198,0.08343729356045393,5.002306966965877
T2,2026-01-13 16:50:00,6.558032648781849,0.06133018668673527,4.596214147036565
T2,2026-01-13 17:00:00,8.458198910630374,0.21547164882563088,2.5565643886596456
T2,2026-01-13 17:10:00,7.7287671317912015,0.13609518608364365,4.87619378093013
T2,2026-01-13 17:20:00,7.745761874970727,0.1444130854617739,4.09077893168591
T2,2026-01-13 17:30:00,7.0935393317264,0.08495022451373078,3.725654600885584
T2,2026-01-13 17:40:00,5.555772250594131,0.021122950481225707,4.189586179066105
T2,2026-01-13 17:50:00,10.025345719977485,0.4344900395808622,5.1749032821716545
T2,2026-01-13 18:00:00,6.183633585219186,0.040949027490863446,3.861074513320604
T2,2026-01-13 18:10:00,8.296913525423228,0.20159573863002414,2.120285792713237
T2,2026-01-13 18:20:00,4.726908457628455,0.006417585293518666,4.014273126231824
T2,2026-01-13 18:30:00,5.94500786553468,0.03441725376559987,3.3489482250182343
T2,2026-01-13 18:40:00,4.566296351177209,0.005102646717254355,3.646253925477188
T2,2026-01-13 18:50:00,4.751332121448674,0.007116884861316006,4.845095243742751
T2,2026-01-13 19:00:00,4.463000013177384,0.004243568852449804,5.44076304040911
T2,2026-01-13 19:10:00,6.934933586627276,0.07550507332184908,2.599956818422363
T2,2026-01-13 19:20:00,5.95264609176053,0.033207290750369885,4.34262708987809
T2,2026-01-13 19:30:00,6.540948605340837,0.06029103814753308,3.283426998465056
T2,2026-01-13 19:40:00,6.415896190203115,0.05445207329250233,4.858776250776205
T2,2026-01-13 19:50:00,4.086616729285449,0.0017292094778728355,2.754564663493624
T2,2026-01-13 20:00:00,5.33315365899929,0.016687573344729305,4.204676580476263
T2,2026-01-13 20:10:00,3.581983237255748,0.00025944454831499573,3.3713397279730275
T2,2026-01-13 20:20:00,7.551355512540661,0.12749445100052637,4.463690178998895
T2,2026-01-13 20:30:00,6.306741490438594,0.04853559896264316,3.7382827213400347
T2,2026-01-13 20:40:00,5.154515147003622,0.012786912036243395,4.295267541852518
T2,2026-01-13 20:50:00,3.0245833496889785,1.996961190439988e-08,3.2435561540712414
T2,2026-01-13 21:00:00,6.557113365973857,0.0588883162279668,3.6973244481216456
T2,2026-01-13 21:10:00,4.214435141663071,0.0024462132290772533,3.652453316769447
T2,2026-01-13 21:20:00,3.4661143154276397,0.00013180379674771636,4.451333735636848
T2,2026-01-13 21:30:00,2.718085764630019,0.0,5.343147829572995
T2,2026-01-13 21:40:00,6.930403769296763,0.07721215126370319,3.592660526852588
T2,2026-01-13 21:50:00,6.128521398255884,0.03922523630379229,3.8602555010578996
T2,2026-01-13 22:00:00,4.184692909009435,0.0021937634257430914,3.26753542433918
T2,2026-01-13 22:10:00,5.788070028861306,0.028676757248866525,2.496511981576069
T2,2026-01-13 22:20:00,2.4308969373304548,0.0,4.5927158897333715
T2,2026-01-13 22:30:00,6.345581277203405,0.05065000869819519,4.437209067675158
T2,2026-01-13 22:40:00,4.9073427058679755,0.009055123177000376,3.7023806218939694
T2,2026-01-13 22:50:00,6.7736614720253705,0.07078708567917084,5.149958499797385
T2,2026-01-13 23:00:00,5.263236110345134,0.015265300088838047,3.531148366572474
T2,2026-01-13 23:10:00,3.6644184476860544,0.000368563115267956,3.704707050315459
T2,2026-01-13 23:20:00,2.518472107535939,0.0,2.9345548458054393
T2,2026-01-13 23:30:00,5.911526290077758,0.03130525994535305,2.5921652853911334
T2,2026-01-13 23:40:00,3.05807496693202,2.684924584999948e-07,6.178901289715508
T2,2026-01-13 23:50:00,5.5743068695428875,0.0218609436305754,4.057268601756438
T2,2026-01-14 00:00:00,5.841187367205947,0.028813658969467193,3.787446791658724
T2,2026-01-14 00:10:00,3.2909795781467897,3.331228590078567e-05,3.490290780188723
T2,2026-01-14 00:20:00,5.313422595138686,0.015536837658559522,4.416108069586807
T2,2026-01-14 00:30:00,5.929173111688143,0.03172293484615069,3.341596865057833
T2,2026-01-14 00:40:00,4.803463765729699,0.007464141691093624,1.876832152791454
T2,2026-01-14 00:50:00,3.699353657519077,0.0004501329214243777,5.6013997350751215
T2,2026-01-14 01:00:00,2.2159372885567854,0.0,4.3050053724541515
T2,2026-01-14 01:10:00,5.304781251848645,0.015383253300296306,3.3775725984173794
T2,2026-01-14 01:20:00,4.248953479725713,0.0025947897122414426,3.570720583107871
T2,2026-01-14 01:30:00,3.5706039305508295,0.00024283949552826858,3.3065401657607745
T2,2026-01-14 01:40:00,3.931143093536696,0.0010318867194018435,4.971526971250866
T2,2026-01-14 01:50:00,4.461206295995232,0.0038568025265505613,4.925497697913882
T2,2026-01-14 02:00:00,7.687142567410232,0.1271971808553705,3.7694682165089346
T2,2026-01-14 02:10:00,4.792511930088155,0.0077325707468417,3.422404293296762
T2,2026-01-14 02:20:00,6.27980754307157,0.04653847827153009,3.3531760413019063
T2,2026-01-14 02:30:00,3.9308702836698775,0.0010459114364397364,3.75312674268678
T2,2026-01-14 02:40:00,7.020558934525318,0.08172104169869746,4.035402010243432
T2,2026-01-14 02:50:00,5.170830721226348,0.013352235324542619,4.646951898906195
T2,2026-01-14 03:00:00,5.740904010675875,0.027501721207614033,4.535158483123614
T2,2026-01-14 03:10:00,4.55370384930493,0.004937963967366816,4.356216152341514
T2,2026-01-14 03:20:00,4.745081601693861,0.007183826199918113,4.192332595777456
T2,2026-01-14 03:30:00,4.0900592053221665,0.0016671668969932955,5.9434903355584385
T2,2026-01-14 03:40:00,6.58438361914747,0.0625548697493175,2.3637422847203933
T2,2026-01-14 03:50:00,7.03461691028491,0.08890233352173431,3.901009693150228
T2,2026-01-14 04:00:00,6.717975580188243,0.06859795359578685,2.7246647072305263
T2,2026-01-14 04:10:00,5.877184833901392,0.0302890063796852,3.708332254484024
T2,2026-01-14 04:20:00,6.221274666015846,0.04353699151850366,4.603402743968772
T2,2026-01-14 04:30:00,7.638970468417345,0.13416698862989593,3.736552837633478
T2,2026-01-14 04:40:00,6.152381106234688,0.04211123907386034,2.163211745519042
T2,2026-01-14 04:50:00,5.753707098791749,0.027140617549313333,2.233697196304211
T2,2026-01-14 05:00:00,6.652752878657175,0.06637734792909887,2.801772790217367
T2,2026-01-14 05:10:00,6.037561515901236,0.03650701762403098,3.510389421273952
T2,2026-01-14 05:20:00,7.579763170351621,0.1280184769414919,3.2486844878803165
T2,2026-01-14 05:30:00,6.507747994264304,0.05421583926442699,2.2517937304753044
T2,2026-01-14 05:40:00,5.324751724693062,0.016623220826732968,4.20085016113544
T2,2026-01-14 05:50:00,5.142160500702896,0.012860006886260248,5.675500713237681
T2,2026-01-14 06:00:00,5.112698306367972,0.01293169768826466,3.8434225125344876
T2,2026-01-14 06:10:00,8.951979810480072,0.2767308635545028,3.348324837305279
T2,2026-01-14 06:20:00,7.242114023566434,0.10007586563021699,5.625696256452387
T2,2026-01-14 06:30:00,8.944121486823887,0.2799652144800688,4.0377393822244425
T2,2026-01-14 06:40:00,9.237653075370105,0.3151386852754112,5.157626930923834
T2,2026-01-14 06:50:00,7.2036220952552465,0.09635098649544484,5.309402352341515
T2,2026-01-14 07:00:00,10.657325186790507,0.5847960736518155,3.157157203389346
T2,2026-01-14 07:10:00,7.589799808793025,0.12764171128498009,4.58602351880627
T2,2026-01-14 07:20:00,8.431352833137936,0.19823071350573612,3.5361688261072866
T2,2026-01-14 07:30:00,7.046623645993324,0.08320215705343656,3.51344410820888
T2,2026-01-14 07:40:00,8.600327029942848,0.231508475497981,3.565718989147973
T2,2026-01-14 07:50:00,7.673064206282147,0.13194571007311634,3.541339978137707
T2,2026-01-14 08:00:00,9.01471980799453,0.2902229056484017,3.8530939033642477
T2,2026-01-14 08:10:00,10.621799629922206,0.5981202555933107,2.867883128668238
T2,2026-01-14 08:20:00,9.271154107482475,0.3079810453516033,3.759825649352423
T2,2026-01-14 08:30:00,6.983934974703132,0.08567095577048306,5.827615639904405
T2,2026-01-14 08:40:00,6.836292382998997,0.07679187493145576,3.7464509831218287
T2,2026-01-14 08:50:00,7.4449006861841704,0.11850278219767407,3.7944420552350477
T2,2026-01-14 09:00:00,11.106469068443648,0.6916940317821936,4.473852433838701
T2,2026-01-14 09:10:00,8.241153249385166,0.18084939320349797,2.561417985170422
T2,2026-01-14 09:20:00,6.149577554848846,0.03963459566204428,1.0614318337917648
T2,2026-01-14 09:30:00,8.132741901320673,0.1681512559464602,4.416466161881298
T2,2026-01-14 09:40:00,9.466209485107097,0.3612170750406515,3.050046615842703
T2,2026-01-14 09:50:00,8.300801546983976,0.20414300249220466,2.9211974646435643
T2,2026-01-14 10:00:00,10.42818512248137,0.5061389049285729,4.714466709265415
T2,2026-01-14 10:10:00,10.809611501945941,0.6312966391506917,2.5251254552040274
T2,2026-01-14 10:20:00,8.44044417789982,0.20567869545021306,3.4298792712129504
T2,2026-01-14 10:30:00,10.952975323087367,0.6681862512152902,4.57658830110257
T2,2026-01-14 10:40:00,8.408251052996123,0.21207193432041196,3.0468151524596037
T2,2026-01-14 10:50:00,11.597115845314251,0.8670639090042632,4.037541562325393
T2,2026-01-14 11:00:00,8.815344244875218,0.2509170586768606,4.136634578475264
T2,2026-01-14 11:10:00,11.294757004314826,0.7198405858715773,3.705197826073087
T2,2026-01-14 11:20:00,9.414357742397543,0.3403257708617055,3.6520703645833246
T2,2026-01-14 11:30:00,8.540323620740033,0.2329336984064804,3.4084111179875
T2,2026-01-14 11:40:00,9.434006185201255,0.32939590211323,3.881920136787694
T2,2026-01-14 11:50:00,9.713278069164366,0.3834523005816517,3.8852559421220083
T2,2026-01-14 12:00:00,8.269914107483036,0.18965692172075252,3.183559966212325
T2,2026-01-14 12:10:00,10.15073893303982,0.48168621787208804,4.8597664881636815
T2,2026-01-14 12:20:00,8.086536540467243,0.17368096624236187,2.948678676183747
T2,2026-01-14 12:30:00,8.073803922601437,0.17272313919851823,3.6647505575258066
T2,2026-01-14 12:40:00,9.534867197445585,0.35798400939518477,6.175634289527819
T2,2026-01-14 12:50:00,10.242954863900087,0.49793687038889406,2.721765247433776
T2,2026-01-14 13:00:00,8.159367857255177,0.17407316046644059,4.152369311716586
T2,2026-01-14 13:10:00,9.774906584394838,0.39163584505967053,3.068719046829304
T2,2026-01-14 13:20:00,11.014247365799461,0.7024282295340167,1.5574247693771968
T2,2026-01-14 13:30:00,9.421933419348616,0.3336308247212874,5.481712075767381
T2,2026-01-14 13:40:00,8.615359500875895,0.22399628853350256,4.187681646798282
T2,2026-01-14 13:50:00,10.65385328978555,0.5786074192001901,3.1936893947467184
T2,2026-01-14 14:00:00,11.209624416726236,0.7347793675129437,4.259678002194225
T2,2026-01-14 14:10:00,8.842285279000347,0.26836293689545104,3.9993008582757126
T2,2026-01-14 14:20:00,9.391620067331482,0.3435820866893307,4.394453408030787
T2,2026-01-14 14:30:00,8.605328784632778,0.2395091823290326,4.219499861832385
T2,2026-01-14 14:40:00,9.631288591803438,0.3779982022282408,6.006791361130197
T2,2026-01-14 14:50:00,10.248593492252779,0.49699881925716305,3.7336917891278936
T2,2026-01-14 15:00:00,7.902483018671067,0.1493660863320577,3.896964419273153
T2,2026-01-14 15:10:00,11.01255843710594,0.671953483593817,3.2063762144947754
T2,2026-01-14 15:20:00,8.725085463687561,0.2532993572164714,4.56047087595579
T2,2026-01-14 15:30:00,8.222036814117908,0.1899455583429032,3.023522335374353
T2,2026-01-14 15:40:00,9.061142258494177,0.2962954220218188,3.269247979457085
T2,2026-01-14 15:50:00,8.553944102321806,0.21218315752203143,2.4229588837593723
T2,2026-01-14 16:00:00,8.466908792862073,0.22388679122547311,2.5542286825445153
T2,2026-01-14 16:10:00,5.224641228460953,0.013723995237581759,2.623819505976745
T2,2026-01-14 16:20:00,10.559695994095208,0.5726685880419687,5.6765255821012595
T2,2026-01-14 16:30:00,8.608752778523414,0.24165752921798894,3.7349895077246242
T2,2026-01-14 16:40:00,7.980495177673493,0.1596616390756463,4.070829886625933
T2,2026-01-14 16:50:00,9.196648650211463,0.29522315466206983,5.690743306261847
T2,2026-01-14 17:00:00,7.43962651280205,0.11533636760496178,3.0542705887397306
T2,2026-01-14 17:10:00,7.263004941265897,0.10112919360736781,3.8825777293301047
T2,2026-01-14 17:20:00,9.102470512491367,0.300265305297595,3.6527780440916464
T2,2026-01-14 17:30:00,6.429734639424816,0.05462347532282923,2.7734824161717113
T2,2026-01-14 17:40:00,7.198777285075939,0.1014768416088919,5.3228699061369245
T2,2026-01-14 17:50:00,8.307887936853769,0.1905951249535791,4.1684870582030715
T2,2026-01-14 18:00:00,7.277763088989047,0.10077613295992685,3.5566443203800167
T2,2026-01-14 18:10:00,7.594897361299665,0.1210253347546077,4.356366336663729
T2,2026-01-14 18:20:00,5.376929728750809,0.018309092973639206,3.7812226947673464
T2,2026-01-14 18:30:00,4.387413281441731,0.003571810722711175,2.9450162753650835
T2,2026-01-14 18:40:00,7.571101412839661,0.13024288917195745,1.259955768900297
T2,2026-01-14 18:50:00,7.435702584301729,0.11361956097173542,4.398748260053312
T2,2026-01-14 19:00:00,8.055773904212684,0.17031720160953434,3.79956742394808
T2,2026-01-14 19:10:00,8.53231131137866,0.2257909606323147,4.221431779393065
T2,2026-01-14 19:20:00,6.312958633795313,0.044924263515537084,4.0654041041825195
T2,2026-01-14 19:30:00,6.614628368718869,0.06456374695304111,4.329268869612449
T2,2026-01-14 19:40:00,7.373422855071186,0.104644926650805,2.0840416433240625
T2,2026-01-14 19:50:00,4.014348847833232,0.0013296907401328093,4.84056827620945
T2,2026-01-14 20:00:00,5.714441918450159,0.025322124934726006,4.526465345870344
T2,2026-01-14 20:10:00,5.20521653946492,0.013493885979548216,3.596056498191807
T2,2026-01-14 20:20:00,6.0168587064522745,0.03496340887385122,3.8278680819357676
T2,2026-01-14 20:30:00,7.412440660553903,0.10885716289307391,3.109706467018273
T2,2026-01-14 20:40:00,5.363669268003064,0.017310168733354146,2.99961412361745
T2,2026-01-14 20:50:00,4.493371170755626,0.004509392578062484,3.7964706282447604
T2,2026-01-14 21:00:00,4.134015036683468,0.0019844931434851477,3.5859626949757466
T2,2026-01-14 21:10:00,3.919623260257587,0.0010426295164951008,2.559938132268804
T2,2026-01-14 21:20:00,5.112971110548434,0.012164566618006713,2.8740504184704045
T2,2026-01-14 21:30:00,2.0854306795996167,0.0,3.300863045602149
T2,2026-01-14 21:40:00,6.126195492185189,0.03792526513510009,3.465197863276216
T2,2026-01-14 21:50:00,4.949397562235344,0.009867481407298173,2.22971431361703
T2,2026-01-14 22:00:00,4.490204775866926,0.004206044813245396,3.9199047549223645
T2,2026-01-14 22:10:00,4.771950434440823,0.007019358358543508,5.446080236977544
T2,2026-01-14 22:20:00,4.348355473068559,0.0033495291569952627,1.7237257121936786
T2,2026-01-14 22:30:00,6.368570103670052,0.05056471818151034,2.503237165295892
T2,2026-01-14 22:40:00,2.846917111669894,0.0,4.037445359765972
T2,2026-01-14 22:50:00,2.349489259243327,0.0,3.3806792845964404
T2,2026-01-14 23:00:00,5.097295638106049,0.012161812878547718,1.8658543060287776
T2,2026-01-14 23:10:00,2.8596372392771605,0.0,3.824716978950949
T2,2026-01-14 23:20:00,4.8641618559548006,0.008752440194762621,3.7172342525810578
T2,2026-01-14 23:30:00,5.112151569564066,0.01239672982894351,3.2271490742079956
T2,2026-01-14 23:40:00,2.2104977360071842,0.0,4.379190890744655
T2,2026-01-14 23:50:00,4.422441285478979,0.0036879810433606843,4.892507716112707
T2,2026-01-15 00:00:00,5.366411782384273,0.018105586667711705,4.551646890914947
T2,2026-01-15 00:10:00,3.815026278731676,0.0007199563567044622,2.4141700929222525
T2,2026-01-15 00:20:00,3.2660733475684562,2.448924354274368e-05,2.966718108040087
T2,2026-01-15 00:30:00,6.099226815448848,0.037593431567892986,2.5663183291516063
T2,2026-01-15 00:40:00,3.1944534912349916,9.476512463628064e-06,5.388008775887101
T2,2026-01-15 00:50:00,4.691340062649215,0.006390025499342913,3.7872117544171906
T2,2026-01-15 01:00:00,5.506254423364955,0.02150953377740956,4.655039518780086
T2,2026-01-15 01:10:00,3.3286195327567683,4.7873726849322755e-05,3.991187765002395
T2,2026-01-15 01:20:00,5.365089494400891,0.016997628370769437,3.710773374549499
T2,2026-01-15 01:30:00,3.6643261899377153,0.00038463546546781146,2.786039908207716
T2,2026-01-15 01:40:00,5.210813620985631,0.013877527296485686,4.654018674145403
T2,2026-01-15 01:50:00,4.751073198659323,0.007236442970188117,5.565685408536403
T2,2026-01-15 02:00:00,6.31472249306299,0.04985783551026845,3.317655412950801
T2,2026-01-15 02:10:00,6.124564048260023,0.04090640759940853,2.8065376437457843
T2,2026-01-15 02:20:00,6.240950854223051,0.046378751311502445,3.6982724161025358
T2,2026-01-15 02:30:00,3.893489377977358,0.0009127496457150276,3.861355234880188
T2,2026-01-15 02:40:00,5.3305740224488805,0.015813419198152406,3.609036996045071
T2,2026-01-15 02:50:00,4.317857336469485,0.003093683301926242,3.532698735873395
T2,2026-01-15 03:00:00,8.078964180313706,0.17076897741452304,5.141179676257998
T2,2026-01-15 03:10:00,5.049551193585071,0.010695654329512362,4.485574004992568
T2,2026-01-15 03:20:00,5.260490799874089,0.015775854292229993,4.469861030290175
T2,2026-01-15 03:30:00,4.427808966758546,0.003706974690873468,5.131768105162319
T2,2026-01-15 03:40:00,5.407027579483022,0.01894774933597095,5.209478770357218
T2,2026-01-15 03:50:00,4.369729094434634,0.003347445301485924,3.8790703582708153
T2,2026-01-15 04:00:00,6.206027260199592,0.04094710287055289,3.836198065892195
T2,2026-01-15 04:10:00,6.58049300247097,0.0567512661380263,3.6512455500812733
T2,2026-01-15 04:20:00,4.622223606747542,0.005815627419195344,4.002334715276468
T2,2026-01-15 04:30:00,5.015403727407677,0.010203065499752619,1.7465839251290096
T2,2026-01-15 04:40:00,6.943100485926363,0.07780427278494877,4.070087409791058
T2,2026-01-15 04:50:00,5.598743640288682,0.023591600800911293,6.302504617031644
T2,2026-01-15 05:00:00,6.868507512028058,0.07372522678707182,3.7699330011092878
T2,2026-01-15 05:10:00,5.111204197393425,0.01171159262099852,3.2602709362369415
T2,2026-01-15 05:20:00,9.933890053817587,0.41403430940064784,4.92160689169702
T2,2026-01-15 05:30:00,3.39359381815699,8.333659150156098e-05,4.778139429667274
T2,2026-01-15 05:40:00,6.869795266383132,0.07530010228929804,3.407761655546445
T2,2026-01-15 05:50:00,7.17640775660013,0.09840388248050866,2.108168239862759
T2,2026-01-15 06:00:00,7.883251376024739,0.146092929143637,4.311138019849153
T2,2026-01-15 06:10:00,5.715789196342559,0.025727564944071264,4.4313097798734855
T2,2026-01-15 06:20:00,6.82083417737305,0.07618451475220041,4.750905357094748
T2,2026-01-15 06:30:00,7.260932557215736,0.09646855440799791,4.493458204613277
T2,2026-01-15 06:40:00,6.832763934786101,0.07474890407862553,5.569687902241929
T2,2026-01-15 06:50:00,8.231667979883323,0.18669635332795842,5.945320971203943
T2,2026-01-15 07:00:00,7.188127480793028,0.09228823741513549,3.868768813945734
T2,2026-01-15 07:10:00,9.243776172894254,0.308933221973013,5.14759173240876
T2,2026-01-15 07:20:00,7.081935096791349,0.09240525544728011,3.807736172724965
T2,2026-01-15 07:30:00,6.090396066485433,0.03932776393469457,4.611883649870284
T2,2026-01-15 07:40:00,9.082898149730243,0.2821609490286462,3.407755588840765
T2,2026-01-15 07:50:00,7.887991113882157,0.14991400866935722,2.9938849287804006
T2,2026-01-15 08:00:00,7.283112988242328,0.10579028243526525,4.7766906615157145
T2,2026-01-15 08:10:00,9.019994299495043,0.28633941256579737,4.394328650778789
T2,2026-01-15 08:20:00,8.530791376212997,0.22389866707009595,4.57175951301839
T2,2026-01-15 08:30:00,9.17767235598995,0.31618299306632675,5.070236749943303
T2,2026-01-15 08:40:00,6.777906756189196,0.0702707947535794,6.115257379879094
T2,2026-01-15 08:50:00,9.103858041000983,0.31159446864602985,4.036766134789257
T2,2026-01-15 09:00:00,9.839173362441118,0.4227591911066363,4.7981927757613345
T2,2026-01-15 09:10:00,9.085684443414138,0.29828151774475464,3.135132052895205
T2,2026-01-15 09:20:00,7.6839718139898725,0.13976953333027117,3.1283974102009604
T2,2026-01-15 09:30:00,10.154215388095448,0.46725459392269647,5.0168784952411976
T2,2026-01-15 09:40:00,10.173285840066317,0.4861218748464545,4.920064045785581
T2,2026-01-15 09:50:00,7.554857490177399,0.12053574523354588,5.066611008381746
T2,2026-01-15 10:00:00,7.504075960142927,0.12108186031980932,5.115827578194964
T2,2026-01-15 10:10:00,8.287995400913275,0.19056052874863966,5.539630600612973
T2,2026-01-15 10:20:00,9.506765212675296,0.37570991702486006,4.36631909670465
T2,2026-01-15 10:30:00,8.599963452954647,0.2344268388499173,3.890034205720364
T2,2026-01-15 10:40:00,8.508157617826868,0.21838194360052532,2.9285664623245307
T2,2026-01-15 10:50:00,7.527343230409385,0.12366378239539123,4.105516154391859
T2,2026-01-15 11:00:00,9.74985387884846,0.396641459345782,2.8970583557249032
T2,2026-01-15 11:10:00,11.085103999221962,0.708858084130765,3.1855451496485023
T2,2026-01-15 11:20:00,9.214358811104187,0.2993086619487208,1.986274686107902
T2,2026-01-15 11:30:00,11.223738635816458,0.7580870964462337,5.450767385795535
T2,2026-01-15 11:40:00,8.860652066132117,0.2611613591207082,2.6551824187449347
T2,2026-01-15 11:50:00,12.449782031358492,0.9678124408970062,2.7354978475704446
T2,2026-01-15 12:00:00,7.552222501718871,0.1282153544832884,3.6086157599599975
T2,2026-01-15 12:10:00,10.201028270972165,0.4774489887631715,4.3499920771518985
T2,2026-01-15 12:20:00,8.79829018034393,0.2598457131436852,2.705190748081063
T2,2026-01-15 12:30:00,10.168766176416073,0.48582197599345367,3.2712842559128594
T2,2026-01-15 12:40:00,6.8467187275996935,0.07276642846926913,1.7886185099857794
T2,2026-01-15 12:50:00,9.03412145420495,0.2746632027388826,4.773126688264888
T2,2026-01-15 13:00:00,10.733851146633402,0.6037585696419712,5.090170948624021
T2,2026-01-15 13:10:00,10.369512688085448,0.5403272544793566,3.48909823084227
T2,2026-01-15 13:20:00,10.292416798619941,0.5248866866686537,3.7209413276883474
T2,2026-01-15 13:30:00,10.270292416205926,0.5068161955188338,4.263810518519383
T2,2026-01-15 13:40:00,8.292746983132753,0.1859487482598231,5.570070097368232
T2,2026-01-15 13:50:00,9.175605392089174,0.2934481164187649,5.021546712456777
T2,2026-01-15 14:00:00,10.629243058217941,0.5506097845860903,3.241516650083203
T2,2026-01-15 14:10:00,6.626162740704072,0.062300606298454686,2.2651114979069815
T2,2026-01-15 14:20:00,10.632007245673973,0.5652730843442133,5.641775630606089
T2,2026-01-15 14:30:00,10.508276773405735,0.5575654911892425,4.988038283794613
T2,2026-01-15 14:40:00,8.473208917171796,0.205514841848096,4.9803338210899675
T2,2026-01-15 14:50:00,8.914940189724032,0.27417703034419433,4.399428985095116
T2,2026-01-15 15:00:00,9.123367253386595,0.3126676493618645,3.1586609483102603
T2,2026-01-15 15:10:00,7.801254016294509,0.1473764190991378,2.738085452448537
T2,2026-01-15 15:20:00,7.327043801274513,0.11006292247751058,4.347184121426092
T2,2026-01-15 15:30:00,8.224739539320211,0.1952293371965732,4.6366150834285556
T2,2026-01-15 15:40:00,10.279597349278747,0.47959998528881354,2.7450684769160643
T2,2026-01-15 15:50:00,5.780570679196599,0.028271087548789698,3.09692131769762
T2,2026-01-15 16:00:00,8.933437736090339,0.2643809534460726,3.253028354388774
T2,2026-01-15 16:10:00,10.967172568912314,0.6403651400877923,5.176283762609453
T2,2026-01-15 16:20:00,8.146939515682124,0.17585399658147413,3.2120115081342924
T2,2026-01-15 16:30:00,7.864648004412855,0.14258476383120916,4.262176090308531
T2,2026-01-15 16:40:00,6.6226225886824555,0.05993959230155484,3.4772506501699976
T2,2026-01-15 16:50:00,6.164516675001695,0.04091036369071188,3.0812239656982325
T2,2026-01-15 17:00:00,6.646452598342989,0.0644630664758222,5.632175911148608
T2,2026-01-15 17:10:00,8.114531782835302,0.16914676699995562,1.0526505983294583
T2,2026-01-15 17:20:00,6.149994300569077,0.04286771932303348,3.2822699992907594
T2,2026-01-15 17:30:00,8.204399497299843,0.18850725683474473,3.338522053032641
T2,2026-01-15 17:40:00,6.133796862738092,0.039327109072886404,4.435844521687203
T2,2026-01-15 17:50:00,7.237983391390596,0.09406424247880867,2.679780205119399
T2,2026-01-15 18:00:00,7.959950482433838,0.16551047838238364,4.159059271791147
T2,2026-01-15 18:10:00,6.253033025058823,0.045902733375213986,4.755496243658589
T2,2026-01-15 18:20:00,7.395553643789635,0.10551736833646617,3.2184210556291886
T2,2026-01-15 18:30:00,5.464271196123811,0.01948698411706362,3.081787567847095
T2,2026-01-15 18:40:00,5.640644169384577,0.02408102833886231,5.239074980129582
T2,2026-01-15 18:50:00,6.8452618184736,0.07034276413052631,5.812890855022605
T2,2026-01-15 19:00:00,8.17286463188352,0.18741064645890837,4.899775478604219
T2,2026-01-15 19:10:00,4.173901700076843,0.0019982793618779017,4.0914346442888405
T2,2026-01-15 19:20:00,6.822200162316624,0.0722890535197817,4.530992986154865
T2,2026-01-15 19:30:00,2.9892430341027736,0.0,4.659386734869265
T2,2026-01-15 19:40:00,5.119836383374665,0.012010979225527709,4.656370789589925
T2,2026-01-15 19:50:00,4.234588131297196,0.002332541087118007,2.8005354830861116
T2,2026-01-15 20:00:00,4.929999431267626,0.008877814976002625,4.841930560625803
T2,2026-01-15 20:10:00,4.855850591953833,0.008131426387303452,3.959706750594121
T2,2026-01-15 20:20:00,3.365963439836305,6.455652557452276e-05,2.5704158748818777
T2,2026-01-15 20:30:00,6.83238335501263,0.07311241298631135,4.990684142696248
T2,2026-01-15 20:40:00,5.891185845877439,0.0301757736504762,4.371508962875658
T2,2026-01-15 20:50:00,4.518523964398032,0.004355931962660534,4.405606393543031
T2,2026-01-15 21:00:00,7.159404298957776,0.09186923664348517,3.971356529432051
T2,2026-01-15 21:10:00,6.183730250354319,0.04070811860852876,3.5110923575177257
T2,2026-01-15 21:20:00,5.445649752414842,0.018944978078724056,4.818701092667266
T2,2026-01-15 21:30:00,5.462811754568685,0.01887755022275778,4.836016022047955
T2,2026-01-15 21:40:00,4.2105820220534,0.002416160845874149,3.929760260669699
T2,2026-01-15 21:50:00,5.198608949410043,0.01336484442989981,3.8956692291960002
T2,2026-01-15 22:00:00,2.551131828403519,0.0,3.300749390969945
T2,2026-01-15 22:10:00,4.892492341013831,0.008561154679214932,5.239462875198738
T2,2026-01-15 22:20:00,4.846263493880692,0.008030397634472934,3.696914732222146
T2,2026-01-15 22:30:00,5.052082184132834,0.010944114762470949,2.5802009866614446
T2,2026-01-15 22:40:00,4.1621742020447705,0.0021089816855303727,2.886670779250461
T2,2026-01-15 22:50:00,3.82307931597685,0.0007645162576549534,5.719202460652598
T2,2026-01-15 23:00:00,3.7901705147419724,0.0006604281013832357,4.859053203892547
T2,2026-01-15 23:10:00,8.074184412241635,0.1632217618093044,3.941546771704184
T2,2026-01-15 23:20:00,5.965670572273563,0.03309338856945338,5.867254872262316
T2,2026-01-15 23:30:00,5.549331503055274,0.02146239858625574,2.210627252124709
T2,2026-01-15 23:40:00,3.6482543470358992,0.00034818935670767766,4.019018577338938
T2,2026-01-15 23:50:00,5.203121327892784,0.013580684497521648,3.6779756909499675
T2,2026-01-16 00:00:00,4.2542079958844035,0.002569345238231169,3.801688739674102
T2,2026-01-16 00:10:00,2.5742899849557856,0.0,4.599404466784062
T2,2026-01-16 00:20:00,5.735419517259006,0.026729881012714344,2.417850003500197
T2,2026-01-16 00:30:00,3.0434567574071663,1.0288034041214911e-07,3.283116655156303
T2,2026-01-16 00:40:00,3.6946359464129044,0.000432784284236552,5.456653542553814
T2,2026-01-16 00:50:00,5.224497319834198,0.015084776619958523,5.382982424698209
T2,2026-01-16 01:00:00,4.5436203913331,0.00494682680754418,3.0464528503290076
T2,2026-01-16 01:10:00,0.9565507715292569,0.0,5.131944243148209
T2,2026-01-16 01:20:00,2.589982832164489,0.0,0.9195853628989656
T2,2026-01-16 01:30:00,2.2878951057230466,0.0,4.225720406027502
T2,2026-01-16 01:40:00,7.0709346935603925,0.08990874166116557,5.768554518656932
T2,2026-01-16 01:50:00,4.45148294533682,0.003818068323819533,3.3081628786668853
T2,2026-01-16 02:00:00,4.148339186619793,0.0019168392354136374,4.430649284281197
T2,2026-01-16 02:10:00,5.577956311702751,0.021579586934663733,4.234363360838626
T2,2026-01-16 02:20:00,5.047415491067062,0.010900545750636993,4.512827135730636
T2,2026-01-16 02:30:00,3.9548657401813787,0.0011373024254797948,3.7287379069331426
T2,2026-01-16 02:40:00,7.201685485613023,0.09459033987406326,4.183696175977521
T2,2026-01-16 02:50:00,7.699973711952232,0.13235372738160212,5.570060154646048
T2,2026-01-16 03:00:00,5.76638026477486,0.028369193581556172,4.106698043257145
T2,2026-01-16 03:10:00,4.036698448576672,0.0014076445715372231,2.3476595884802283
T2,2026-01-16 03:20:00,6.2941052866062535,0.04632241343380776,3.4036723480271904
T2,2026-01-16 03:30:00,5.986798046668644,0.03559551439220227,4.9101149669742625
T2,2026-01-16 03:40:00,6.567618058431825,0.06058937067721517,3.456472397341326
T2,2026-01-16 03:50:00,7.498590944712412,0.11624723389999715,3.134010280689866
T2,2026-01-16 04:00:00,6.33819673551399,0.0487718656631902,4.9963126020319315
T2,2026-01-16 04:10:00,6.987978889796785,0.08028880959461861,4.702091915803619
T2,2026-01-16 04:20:00,6.6118779322194,0.05887696330096898,5.18989359662535
T2,2026-01-16 04:30:00,5.085737380432013,0.012349087044707453,6.019367596485111
T2,2026-01-16 04:40:00,5.226123958474371,0.015021732398688528,5.291829153487818
T2,2026-01-16 04:50:00,5.1622490130050895,0.0136813987689176,3.203210427973684
T2,2026-01-16 05:00:00,5.868612699412663,0.03174299706490231,4.8006877384315505
T2,2026-01-16 05:10:00,4.8585545697672385,0.008490204489403927,2.9194020958679854
T2,2026-01-16 05:20:00,6.54919228881387,0.05969271879670824,5.711695815224996
T2,2026-01-16 05:30:00,8.508687369923244,0.2101692230140096,4.627658762548209
T2,2026-01-16 05:40:00,6.309759565233024,0.045943988564700056,3.9930980126564095
T2,2026-01-16 05:50:00,7.474732542323302,0.11713037557134885,4.415636430955902
T2,2026-01-16 06:00:00,6.401193235628623,0.05195204207543406,3.8853700817662418
T2,2026-01-16 06:10:00,6.281097652044361,0.043676724524976965,2.7687812593469845
T2,2026-01-16 06:20:00,7.231523462313189,0.09807612317190757,4.50533409057373
T2,2026-01-16 06:30:00,7.205358019823635,0.09405394449158226,3.8965610876932955
T2,2026-01-16 06:40:00,5.360548720664466,0.016567792163289383,2.689074382392513
T2,2026-01-16 06:50:00,6.921107866752435,0.07749427667459759,3.3495045235147236
T2,2026-01-16 07:00:00,7.066641227835148,0.09144502065504272,3.4666917268419573
T2,2026-01-16 07:10:00,8.116336332182096,0.16641008278577615,3.7835166293505402
T2,2026-01-16 07:20:00,7.33597413174075,0.10582029542777854,5.018772543689115
T2,2026-01-16 07:30:00,5.853138466338171,0.03128916164943861,4.799414016571341
T2,2026-01-16 07:40:00,7.0841647822034295,0.0910142274721193,2.507379509995933
T2,2026-01-16 07:50:00,6.642158077544381,0.06215534166487652,5.344299879907075
T2,2026-01-16 08:00:00,7.512972649547301,0.117187613085368,4.924686828966589
T2,2026-01-16 08:10:00,8.410914535998607,0.2157648405521419,3.519042376597073
T2,2026-01-16 08:20:00,6.9317262959536095,0.07633147226066202,4.715906859258958
T2,2026-01-16 08:30:00,8.763432341498842,0.24072009119800752,5.14568529365256
T2,2026-01-16 08:40:00,10.591531150604133,0.5747680851858148,2.2184177886212084
T2,2026-01-16 08:50:00,8.513230135694526,0.22954719227734455,3.368467013194421
T2,2026-01-16 09:00:00,8.491881631862269,0.21751044406346848,5.274278275707056
T2,2026-01-16 09:10:00,7.94984905968477,0.1621448487144097,3.5508071524929607
T2,2026-01-16 09:20:00,9.26779477587684,0.33767616829120967,3.7346113283151494
T2,2026-01-16 09:30:00,10.081048142580807,0.4660921438105308,4.365182835667637
T2,2026-01-16 09:40:00,9.53853428801358,0.36981706291708394,3.2254201070876434
T2,2026-01-16 09:50:00,8.699081415819753,0.22874257285297042,4.53157896093754
T2,2026-01-16 10:00:00,11.784722507280689,0.8744865303778359,5.382121833463308
T2,2026-01-16 10:10:00,10.264998052223849,0.49941069534385907,5.365177969592282
T2,2026-01-16 10:20:00,9.334078419134116,0.322283355276576,5.2194807831012415
T2,2026-01-16 10:30:00,7.277830370626321,0.10107256926942557,3.9128610296657134
T2,2026-01-16 10:40:00,10.158026636800194,0.4905621025961759,3.968153197232167
T2,2026-01-16 10:50:00,9.540438125829777,0.36988935202612655,4.747591542871677
T2,2026-01-16 11:00:00,8.110137732447173,0.17196205317054744,3.9903012373246414
T2,2026-01-16 11:10:00,9.793830237028441,0.40497329840657326,4.604804004185872
T2,2026-01-16 11:20:00,10.488547226601733,0.5310177097074013,4.438221915227848
T2,2026-01-16 11:30:00,12.14383780530094,0.9692019207040362,6.152685426243271
T2,2026-01-16 11:40:00,11.547699929760388,0.8272501876493364,4.648911497632456
T2,2026-01-16 11:50:00,8.218729559224188,0.17620885953943222,3.5499602121094496
T2,2026-01-16 12:00:00,9.625553434437046,0.3983682024431646,4.856685559264776
T2,2026-01-16 12:10:00,11.047938557622746,0.6618489690421288,3.9626105076116165
T2,2026-01-16 12:20:00,10.531445192344481,0.5468271862924657,3.6538328715261152
T2,2026-01-16 12:30:00,9.04360481832883,0.29207838712602663,3.678823049153477
T2,2026-01-16 12:40:00,6.28961859403656,0.04511273798410208,4.085257310516408
T2,2026-01-16 12:50:00,9.084803499534015,0.29858035063838156,4.512092258241574
T2,2026-01-16 13:00:00,8.815097350715558,0.2585805754770528,5.065899666549002
T2,2026-01-16 13:10:00,8.081297009719517,0.17518965882917004,4.662859405369002
T2,2026-01-16 13:20:00,10.16941620965444,0.5031247582046919,5.380119868238513
T2,2026-01-16 13:30:00,10.582505171143062,0.5788080262164644,3.5562896408716336
T2,2026-01-16 13:40:00,8.45184755629267,0.21680806333328048,5.289142110662329
T2,2026-01-16 13:50:00,9.11814648826469,0.30326225286722525,4.190400233026339
T2,2026-01-16 14:00:00,8.539874937190508,0.2131151413698586,4.768495959226273
T2,2026-01-16 14:10:00,10.276177994248991,0.4850665224610188,3.4015757014944263
T2,2026-01-16 14:20:00,11.211261166096698,0.6965647630586768,4.180144617264049
T2,2026-01-16 14:30:00,8.63468203503561,0.23868208841906155,4.106521972907928
T2,2026-01-16 14:40:00,10.150521737888475,0.48636670928070197,4.384358003241864
T2,2026-01-16 14:50:00,9.542494164860976,0.34771129598805267,3.75996520911228
T2,2026-01-16 15:00:00,7.424472225150559,0.11717199152265993,2.4068322024566644
T2,2026-01-16 15:10:00,7.5171536963560825,0.12501337179186786,4.356582836648784
T2,2026-01-16 15:20:00,9.23255335925819,0.3104893862460754,3.489907330978535
T2,2026-01-16 15:30:00,6.040627161715808,0.03627544757727649,2.9428633971327454
T2,2026-01-16 15:40:00,7.961514960046816,0.15350923075348902,4.738142271874158
T2,2026-01-16 15:50:00,9.274629187575547,0.30942628399818745,3.6904647448197467
T2,2026-01-16 16:00:00,6.362757240265727,0.048063511632784967,5.524367344892156
T2,2026-01-16 16:10:00,7.995692292730553,0.16345274029716234,4.353813878430824
T2,2026-01-16 16:20:00,6.2895058826498484,0.044140567277020926,3.5099564858861463
T2,2026-01-16 16:30:00,8.299420608725878,0.20021259881545217,3.0410629591299116
T2,2026-01-16 16:40:00,7.051044924682999,0.08793536562262824,3.2595236999299297
T2,2026-01-16 16:50:00,8.689489943630441,0.24326378234538856,3.3521897241987375
T2,2026-01-16 17:00:00,6.828027152634273,0.07388578886771698,5.6598873714467475
T2,2026-01-16 17:10:00,7.895486660645292,0.1607231282855401,4.645275678485818
T2,2026-01-16 17:20:00,6.538207565888326,0.059792076171517425,5.251289010945042
T2,2026-01-16 17:30:00,7.30450713675059,0.10314351875954977,3.7220283962090948
T2,2026-01-16 17:40:00,6.445013995367421,0.055986189706248926,4.757507420601629
T2,2026-01-16 17:50:00,8.308535847113095,0.18638480513919883,4.156213911003892
T2,2026-01-16 18:00:00,8.004215575704311,0.1668612302587407,1.9989449084607558
T2,2026-01-16 18:10:00,7.172290374949427,0.09264972301066007,3.156609639370191
T2,2026-01-16 18:20:00,5.648622673120348,0.024709593166752534,2.373758848312792
T2,2026-01-16 18:30:00,8.59231402620305,0.23331928632184332,4.567654169113069
T2,2026-01-16 18:40:00,8.074324009703448,0.16970066820995144,3.8370355047574396
T2,2026-01-16 18:50:00,6.8194256369407045,0.07297690728881358,4.569822565618626
T2,2026-01-16 19:00:00,6.318484928762828,0.048736610993728634,2.0335145656984737
T2,2026-01-16 19:10:00,4.14519800801318,0.0018939570980389532,5.927093577987559
T2,2026-01-16 19:20:00,6.727516749859715,0.07103533681953925,5.768895916334419
T2,2026-01-16 19:30:00,6.660055777267929,0.06248975639958192,5.809804833733162
T2,2026-01-16 19:40:00,5.152563485965421,0.013289660754382997,3.284661336234541
T2,2026-01-16 19:50:00,5.358651040905501,0.017284821167447513,3.5803124214454263
T2,2026-01-16 20:00:00,5.920888511107517,0.03303894627751457,3.2739677488565704
T2,2026-01-16 20:10:00,6.2088663444098735,0.044604911157340645,2.574614754167337
T2,2026-01-16 20:20:00,4.380951170463174,0.003286849287531954,2.7767989812845326
T2,2026-01-16 20:30:00,4.074082242527778,0.0016973136750934724,3.8673121378778093
T2,2026-01-16 20:40:00,6.4359006647733,0.05275872743745801,3.6585168243804658
T2,2026-01-16 20:50:00,7.387091592560838,0.11524826284458947,4.722459609440152
T2,2026-01-16 21:00:00,7.6884344487740925,0.14056479561682803,3.49113319524381
T2,2026-01-16 21:10:00,3.6388026216478284,0.0003527690303383573,4.274302066977448
T2,2026-01-16 21:20:00,5.644191327824242,0.023105212459700136,2.446760682182961
T2,2026-01-16 21:30:00,4.015875914560274,0.0013299697043715336,2.9059850942126464
T2,2026-01-16 21:40:00,5.581211818765414,0.02219690588538526,2.4424036254543435
T2,2026-01-16 21:50:00,6.342229038938344,0.050002395122788715,4.515806978540697
T2,2026-01-16 22:00:00,5.186437016574551,0.01429165771692934,5.359009419864666
T2,2026-01-16 22:10:00,1.8522388295460126,0.0,4.129742081626063
T2,2026-01-16 22:20:00,4.083694436949943,0.001714747293760913,4.237525105765562
T2,2026-01-16 22:30:00,4.1660644080989435,0.0021723291878567807,5.032510138946822
T2,2026-01-16 22:40:00,5.328922418087013,0.016222868243423255,3.565089455123031
T2,2026-01-16 22:50:00,2.661280816999553,0.0,5.072987324289741
T2,2026-01-16 23:00:00,5.7504985321847695,0.027089971406600022,3.489784771600342
T2,2026-01-16 23:10:00,3.65814299624071,0.000383189157016571,5.869085082530603
T2,2026-01-16 23:20:00,5.384724324663122,0.017487706330523746,4.849170149100413
T2,2026-01-16 23:30:00,2.2478254619344398,0.0,3.803991134874028
T2,2026-01-16 23:40:00,8.016720765991217,0.16186502367727093,5.077122926733729
T2,2026-01-16 23:50:00,4.749102878518448,0.006659027694550978,4.774750058873632
T2,2026-01-17 00:00:00,4.178903867306651,0.0021058935227223274,5.473270844913589
T2,2026-01-17 00:10:00,4.000835326107755,0.0012792420606877418,4.525298203064612
T2,2026-01-17 00:20:00,5.287913660457151,0.015617200335597513,6.0289094698275125
T2,2026-01-17 00:30:00,3.6739299376250054,0.0003862182188508698,4.849051657589895
T2,2026-01-17 00:40:00,4.166977936794409,0.002073438328287469,5.591967199067112
T2,2026-01-17 00:50:00,4.601128446873419,0.005291934371927832,4.356690021405541
T2,2026-01-17 01:00:00,6.0573043232888635,0.037664841335140656,4.554525750104575
T2,2026-01-17 01:10:00,3.6945450842127903,0.0004177027072102206,4.415505756184399
T2,2026-01-17 01:20:00,3.6888988866338757,0.000446528426987937,3.651067286066894
T2,2026-01-17 01:30:00,3.3474881701114807,5.5441821953294815e-05,6.401652438854881
T2,2026-01-17 01:40:00,3.4413131219455844,0.00010842176672652703,4.412317497449304
T2,2026-01-17 01:50:00,3.387866604537022,7.366362459770967e-05,5.897051725865224
T2,2026-01-17 02:00:00,4.908242313885951,0.008770049733061962,2.779948704506455
T2,2026-01-17 02:10:00,5.286416192733174,0.015045494430409593,1.5967401336477436
T2,2026-01-17 02:20:00,3.280124701181862,3.004492308676426e-05,4.697113538647226
T2,2026-01-17 02:30:00,6.7738207874467085,0.06888382989366548,4.015622709279479
T2,2026-01-17 02:40:00,6.0725710279728435,0.03881751157206086,4.14566597442823
T2,2026-01-17 02:50:00,4.918936473525999,0.009618584683061586,4.133616187430409
T2,2026-01-17 03:00:00,4.523568637430541,0.0047061214174806965,4.3775103428797895
T2,2026-01-17 03:10:00,4.956622486607425,0.010210770270194748,2.182250796871847
T2,2026-01-17 03:20:00,4.772181528593994,0.007299931155374061,5.732942645410857
T2,2026-01-17 03:30:00,3.1302299856039077,2.8629505097967356e-06,5.288975698193923
T2,2026-01-17 03:40:00,6.038021195935265,0.03485948163806393,3.5283951451711753
T2,2026-01-17 03:50:00,4.903332509628672,0.008515700909597518,6.2294650043917885
T2,2026-01-17 04:00:00,6.362019076194867,0.04800758992589075,2.64690320727179
T2,2026-01-17 04:10:00,7.0724261644562905,0.08735885807066529,4.1370558102413035
T2,2026-01-17 04:20:00,5.519446731937788,0.02066129346676457,4.946366523738613
T2,2026-01-17 04:30:00,6.050085047867439,0.03770133682234544,4.04974145392685
T2,2026-01-17 04:40:00,6.7474806477196925,0.07013926965368338,5.056120905819133
T2,2026-01-17 04:50:00,6.1251962585034745,0.038982447802719644,5.771798604916926
T2,2026-01-17 05:00:00,6.197445811190275,0.04055547316109853,3.124629368334875
T2,2026-01-17 05:10:00,6.317571395830536,0.046155614898187355,4.743484688244979
T2,2026-01-17 05:20:00,8.02301648429532,0.15872994904314,4.11769679388385
T2,2026-01-17 05:30:00,6.867332936305579,0.07883766524133076,3.36611290225049
T2,2026-01-17 05:40:00,6.300562681120278,0.0491967452103997,4.128971834030119
T2,2026-01-17 05:50:00,8.46192184227108,0.2233884708531999,3.674414271692865
T2,2026-01-17 06:00:00,6.456125059913962,0.053614693192139774,5.017920002562578
T2,2026-01-17 06:10:00,7.280103492558002,0.09707494755146953,3.8499124949638253
T2,2026-01-17 06:20:00,7.513778344589575,0.12103336556662135,3.483263892349979
T2,2026-01-17 06:30:00,7.85185253544523,0.14525986981401998,3.366132244179303
T2,2026-01-17 06:40:00,8.284035610867472,0.1872810924357482,5.5377323409423
T2,2026-01-17 06:50:00,6.747109179071017,0.071653602029537,4.250002053531967
T2,2026-01-17 07:00:00,8.28368140263018,0.18857662640452705,3.2191094184567914
T2,2026-01-17 07:10:00,5.29425747274426,0.015364118955264863,5.423728757257099
T2,2026-01-17 07:20:00,8.418404637155653,0.20681241372351694,3.4421858043283744
T2,2026-01-17 07:30:00,7.41551155190898,0.106970321463616,3.6435288192205144
T2,2026-01-17 07:40:00,7.671540897282911,0.13235724724279027,3.197526097197078
T2,2026-01-17 07:50:00,9.174144794952,0.3225999398203743,4.813880942947087
T2,2026-01-17 08:00:00,9.30823237698416,0.33676366151635384,5.239329653702381
T2,2026-01-17 08:10:00,6.2650185629399555,0.04361537210174812,5.502827176627737
T2,2026-01-17 08:20:00,8.000937179050416,0.1595316711432877,3.7408689826129202
T2,2026-01-17 08:30:00,9.110256073618874,0.30965633350486477,3.8831287806802615
T2,2026-01-17 08:40:00,6.843256741947449,0.0720812709427976,4.540148461295201
T2,2026-01-17 08:50:00,7.36418071456686,0.1135256571493777,3.4667406915695995
T2,2026-01-17 09:00:00,7.585393523906114,0.1305545463296028,7.056643130424087
T2,2026-01-17 09:10:00,9.18785398334977,0.3136696078544072,5.012025285586602
T2,2026-01-17 09:20:00,9.179024169149741,0.2955684709927487,4.109260193695836
T2,2026-01-17 09:30:00,8.353555612107321,0.19305407204348704,5.218712628429103
T2,2026-01-17 09:40:00,9.035809718502883,0.2891980134188682,4.353232621645612
T2,2026-01-17 09:50:00,9.483167482463042,0.3645267875087529,2.4534859203018193
T2,2026-01-17 10:00:00,9.39440816875502,0.3405253119705009,4.273398288195228
T2,2026-01-17 10:10:00,8.314029985512958,0.1993450679432328,3.5503575571403414
T2,2026-01-17 10:20:00,10.904842962360425,0.6746740877969463,1.4334172346759657
T2,2026-01-17 10:30:00,10.501509040859526,0.5615249772008956,4.323385680049981
T2,2026-01-17 10:40:00,10.228852443258727,0.4847003050035361,3.439770875521252
T2,2026-01-17 10:50:00,7.694337200942025,0.13585381143654415,5.978354758861876
T2,2026-01-17 11:00:00,9.328283038408582,0.3403018380154343,4.801211138718418
T2,2026-01-17 11:10:00,8.203797698407524,0.1832444262710746,3.152861303199261
T2,2026-01-17 11:20:00,8.473372500600082,0.22244535971240623,5.310579009902413
T2,2026-01-17 11:30:00,8.35802910610119,0.19595505558743762,4.154674966015231
T2,2026-01-17 11:40:00,10.451120092405073,0.5536899984993546,3.1609672392828827
T2,2026-01-17 11:50:00,10.997316221423496,0.6859874483518386,4.439147831563011
T2,2026-01-17 12:00:00,11.09295640979037,0.6749763442572925,2.988365622771798
T2,2026-01-17 12:10:00,10.596320981933387,0.5681703096676157,3.1260144521674564
T2,2026-01-17 12:20:00,10.193306390477469,0.4686727744265608,3.3037157152014447
T2,2026-01-17 12:30:00,10.258231667761669,0.4912109674937441,2.026074725433484
T2,2026-01-17 12:40:00,9.136487950075212,0.28610200870755187,4.3118202476895595
T2,2026-01-17 12:50:00,9.193431319781835,0.31980182139172497,6.2603442640038365
T2,2026-01-17 13:00:00,7.191986851664732,0.09602976601881713,3.7760275593083175
T2,2026-01-17 13:10:00,10.56630848231984,0.5767853957477326,1.9955550095362011
T2,2026-01-17 13:20:00,8.514478115030546,0.22335893082340158,4.294728375889255
T2,2026-01-17 13:30:00,8.87641013910196,0.25529454479313496,6.035560628716773
T2,2026-01-17 13:40:00,8.448252460887275,0.20087430367064202,4.561507575039587
T2,2026-01-17 13:50:00,8.392931483409807,0.2012392150864216,3.854288094479484
T2,2026-01-17 14:00:00,10.003384301102933,0.4616529244599242,3.3646444284678743
T2,2026-01-17 14:10:00,9.767687952611865,0.42392093781681334,3.8821585003791794
T2,2026-01-17 14:20:00,7.719961679184814,0.13185145516249414,3.4881087771250123
T2,2026-01-17 14:30:00,10.759208492006374,0.6131809345301645,2.855129605893376
T2,2026-01-17 14:40:00,8.743899520077143,0.25159861794726496,5.043866945390748
T2,2026-01-17 14:50:00,8.109045910520805,0.17292914297558654,3.661280301970949
T2,2026-01-17 15:00:00,7.245381965158924,0.10307928540879666,2.5139460910515044
T2,2026-01-17 15:10:00,9.538338705232336,0.36052777970374106,4.957260074951473
T2,2026-01-17 15:20:00,9.439596557738005,0.3453294253245387,4.392247109829255
T2,2026-01-17 15:30:00,9.758693328508063,0.39544677920461313,4.4488296790146755
T2,2026-01-17 15:40:00,6.182032231396711,0.04400046522680982,5.278113983871815
T2,2026-01-17 15:50:00,8.196215628475112,0.1810536773279056,2.261479111959243
T2,2026-01-17 16:00:00,6.836089334782362,0.07522623286214218,3.900578942468392
T2,2026-01-17 16:10:00,9.29289350653448,0.3309429167430464,4.842551046860131
T2,2026-01-17 16:20:00,9.667074473371452,0.3845026593560734,1.8317488554804195
T2,2026-01-17 16:30:00,6.9179229321276665,0.08067350233007593,4.493072840396338
T2,2026-01-17 16:40:00,5.690563717760268,0.024977698247447215,4.401848268453197
T2,2026-01-17 16:50:00,7.623536466780859,0.12803429483047793,3.4572707592722236
T2,2026-01-17 17:00:00,8.58245742583488,0.2265396477376282,3.708269302092747
T2,2026-01-17 17:10:00,7.11304598107027,0.08754047795805654,3.2069414553751177
T2,2026-01-17 17:20:00,5.094581535975607,0.012118740937248027,6.0750384885563085
T2,2026-01-17 17:30:00,8.18389604835912,0.18113521794904633,3.084478387381421
T2,2026-01-17 17:40:00,6.513407172810966,0.05419207463421249,3.2375325453882886
T2,2026-01-17 17:50:00,8.921727081351662,0.2568078555804963,5.790278652084832
T2,2026-01-17 18:00:00,9.177674934810966,0.3204886562968825,5.210191813203423
T2,2026-01-17 18:10:00,5.016088372817558,0.010709343273985872,3.5688652946638975
T2,2026-01-17 18:20:00,8.060876534143501,0.1767170764010075,3.0894612448153422
T2,2026-01-17 18:30:00,5.967749730685736,0.03508995197146984,7.007627871026112
T2,2026-01-17 18:40:00,6.459390957744994,0.05298365590089957,5.651679503171902
T2,2026-01-17 18:50:00,7.667402898048626,0.12716278190372757,2.836894501740389
T2,2026-01-17 19:00:00,6.170808438337379,0.04054562283052757,2.7983248359504707
T2,2026-01-17 19:10:00,6.435172895573252,0.053793707748052096,4.251383936944362
T2,2026-01-17 19:20:00,4.74215759173012,0.006933145582654228,2.8215982789637337
T2,2026-01-17 19:30:00,7.746993033965087,0.1385174304763557,3.8308205274392937
T2,2026-01-17 19:40:00,8.104475577752348,0.17991850760022068,3.048062004175903
T2,2026-01-17 19:50:00,8.354644738896441,0.1928682909633268,5.044169707692212
T2,2026-01-17 20:00:00,6.918424199498955,0.07713585030827891,3.0514091699355195
T2,2026-01-17 20:10:00,5.060399689186294,0.010849820929178924,6.53083711681869
T2,2026-01-17 20:20:00,6.138590466753705,0.039423870111763876,5.085924112300253
T2,2026-01-17 20:30:00,3.991883064259036,0.0012452301834202481,3.1006950933748856
T2,2026-01-17 20:40:00,4.081494680319852,0.0016117961663670202,5.062888970369707
T2,2026-01-17 20:50:00,4.988317724148676,0.009958322480429627,5.092919486765485
T2,2026-01-17 21:00:00,5.457244675257679,0.019823710477224598,4.2161179371150235
T2,2026-01-17 21:10:00,5.127773873575076,0.011908861271166032,5.876118079717164
T2,2026-01-17 21:20:00,6.2360370466890815,0.04355137398000469,5.465157966609919
T2,2026-01-17 21:30:00,4.477816640271872,0.004252305463639237,4.7110461217274855
T2,2026-01-17 21:40:00,5.37672099574512,0.016678861353938968,5.296423363191039
T2,2026-01-17 21:50:00,3.0667673850320707,3.950676679213979e-07,2.1574342132567983
T2,2026-01-17 22:00:00,5.546794032040099,0.020792928766757673,3.2332389609957626
T2,2026-01-17 22:10:00,4.001195288885328,0.0013748018796503735,4.339944495280615
T2,2026-01-17 22:20:00,4.352645185666092,0.003369870740580516,4.709338988349858
T2,2026-01-17 22:30:00,5.20676159070065,0.014506826054909217,4.702786348436568
T2,2026-01-17 22:40:00,4.593300924459686,0.005452961534145386,5.136849870008483
T2,2026-01-17 22:50:00,2.926887087766797,0.0,5.380886306470003
T2,2026-01-17 23:00:00,5.500146666336683,0.020452737689923464,5.299528057811676
T2,2026-01-17 23:10:00,2.744227006081319,0.0,4.131339978888401
T2,2026-01-17 23:20:00,4.0857755195955,0.00173528033505726,4.1841442922423004
T2,2026-01-17 23:30:00,4.518956439338066,0.0044965324029687635,5.090019769979602
T2,2026-01-17 23:40:00,4.965346263022307,0.010297538870972265,4.135320704137569
T2,2026-01-17 23:50:00,4.4518698943138,0.003935711932659036,6.390954255974544
T2,2026-01-18 00:00:00,4.891053152208391,0.00835433547119919,3.5379200702506077
T2,2026-01-18 00:10:00,6.4330794495480745,0.05488981948447572,5.107505178707695
T2,2026-01-18 00:20:00,3.5415498223133817,0.00021115569395549488,5.733224198735634
T2,2026-01-18 00:30:00,5.7014804571786675,0.025830954188346498,5.960450686521365
T2,2026-01-18 00:40:00,3.150312692575933,4.209958992978934e-06,3.1624436655879684
T2,2026-01-18 00:50:00,3.8823644605266665,0.0008525178145376433,5.456495317476221
T2,2026-01-18 01:00:00,3.336535631133274,4.7759661720819566e-05,4.222473907198025
T2,2026-01-18 01:10:00,2.554489415637051,0.0,4.765090256831162
T2,2026-01-18 01:20:00,6.5012534038052685,0.056735061098746147,4.601835254266755
T2,2026-01-18 01:30:00,4.849987931360055,0.008523820750542964,2.6615839845391545
T2,2026-01-18 01:40:00,5.679962462308252,0.025193973763874913,4.165676828605084
T2,2026-01-18 01:50:00,4.016689372315325,0.001428687367948575,3.9968692175703358
T2,2026-01-18 02:00:00,4.796720364651326,0.007294483653699167,3.389943296670788
T2,2026-01-18 02:10:00,6.290932015781253,0.04861701079923367,4.564774456385094
T2,2026-01-18 02:20:00,5.232640980293397,0.014993127927323966,3.430717945287305
T2,2026-01-18 02:30:00,4.073018074345633,0.0015972751773638677,3.2397295697129467
T2,2026-01-18 02:40:00,4.094743485622168,0.0017785425468016733,4.978843108045408
T2,2026-01-18 02:50:00,4.725133379178516,0.006811834173643463,2.6556485255945335
T2,2026-01-18 03:00:00,7.841319594625029,0.14241263757287176,3.2406943035099496
T2,2026-01-18 03:10:00,7.342600488562683,0.10973477099369487,4.462572655463526
T2,2026-01-18 03:20:00,4.035314666817129,0.0013926957421641912,4.429991008209446
T2,2026-01-18 03:30:00,5.4107978902215415,0.018307130317048313,3.5880036266687663
T2,2026-01-18 03:40:00,5.8540417778171605,0.029806840220245642,5.185493305206057
T2,2026-01-18 03:50:00,6.163498039907719,0.04006142826518333,3.2343010349720336
T2,2026-01-18 04:00:00,3.357098639318008,6.009714580676733e-05,3.7072964956693175
T2,2026-01-18 04:10:00,6.160024933520895,0.04281280603589359,5.095108796329655
T2,2026-01-18 04:20:00,6.624291665870204,0.060116235571991555,2.2931889115648505
T2,2026-01-18 04:30:00,5.2302009741907165,0.014113450388825935,3.4163103672779256
T2,2026-01-18 04:40:00,6.652051099257704,0.06165781406259222,4.360290088953987
T2,2026-01-18 04:50:00,7.9178297029344975,0.1529683922786987,4.397493742762793
T2,2026-01-18 05:00:00,6.161355257005322,0.0391126429075409,2.8070321793248594
T2,2026-01-18 05:10:00,6.85073723372157,0.07468578360627169,4.809901203766748
T2,2026-01-18 05:20:00,7.791387812551121,0.13747825364092528,4.240553245455918
T2,2026-01-18 05:30:00,6.455566513171795,0.055616603054812065,2.9496419758565535
T2,2026-01-18 05:40:00,6.63500775678841,0.06257813052256422,3.61874000716829
T2,2026-01-18 05:50:00,7.371283664834914,0.10455112663596251,3.6294065466656957
T2,2026-01-18 06:00:00,5.237227253472269,0.014977138603821534,4.848674122062049
T2,2026-01-18 06:10:00,4.560076819994102,0.005196241599604987,3.7681682500298703
T2,2026-01-18 06:20:00,7.7892905052409915,0.1406932278803819,3.0689101368351226
T2,2026-01-18 06:30:00,7.279172198830856,0.10090583041677406,3.346936843243325
T2,2026-01-18 06:40:00,7.563783488750108,0.12339715371784536,3.7323878968178392
T2,2026-01-18 06:50:00,7.462034132496985,0.11650803070264251,5.894507479216755
T2,2026-01-18 07:00:00,9.2487841529902,0.30382018788180803,3.338253381197056
T2,2026-01-18 07:10:00,8.94647732902314,0.26440490752348433,5.2036271239833845
T2,2026-01-18 07:20:00,8.443168150173634,0.20257757723648392,5.097571979244257
T2,2026-01-18 07:30:00,9.339642619336248,0.32333908466362243,3.528862734069268
T2,2026-01-18 07:40:00,7.324392120160794,0.10295388663821622,5.033727149103724
T2,2026-01-18 07:50:00,6.613707255255094,0.06012678317543402,3.9835222691145606
T2,2026-01-18 08:00:00,9.127455925566805,0.2937536863749223,5.491002644837803
T2,2026-01-18 08:10:00,5.962163594240545,0.0338202550017612,5.152872684160149
T2,2026-01-18 08:20:00,7.219395892787579,0.1017228421185467,6.273722087140256
T2,2026-01-18 08:30:00,5.994671538187472,0.03323821285063011,5.1434835693530925
T2,2026-01-18 08:40:00,7.882242070175719,0.15290133663662778,3.9916440872605627
T2,2026-01-18 08:50:00,9.295433772104207,0.33148501172652955,3.1144629749222377
T2,2026-01-18 09:00:00,8.221653297963055,0.18638339605198717,3.682271529246326
T2,2026-01-18 09:10:00,7.351756892534366,0.10532776668031094,4.795321765487911
T2,2026-01-18 09:20:00,8.233660877011472,0.18843653209628117,4.572001657778636
T2,2026-01-18 09:30:00,7.919516601860399,0.14762330558808762,4.779507328275368
T2,2026-01-18 09:40:00,10.854717967852203,0.6496601861219325,5.981864602318039
T2,2026-01-18 09:50:00,10.112572061091036,0.4667219405744195,5.849195527514602
T2,2026-01-18 10:00:00,8.69884558743507,0.2482735502360483,4.148491432046663
T2,2026-01-18 10:10:00,10.478694148879855,0.522431328105216,4.33527862748167
T2,2026-01-18 10:20:00,9.875020350551509,0.43555771621309514,3.86644537536893
T2,2026-01-18 10:30:00,9.762691874921616,0.4153813154044088,4.16515622948186
T2,2026-01-18 10:40:00,8.672163664631274,0.2459785180348326,4.917340462607431
T2,2026-01-18 10:50:00,10.488622271904543,0.5532612422343033,3.1747488631277863
T2,2026-01-18 11:00:00,9.688081197001619,0.40157528922445035,4.306609296294687
T2,2026-01-18 11:10:00,9.015953908532731,0.277976769984808,5.08826702083074
T2,2026-01-18 11:20:00,9.26678577924385,0.30728502350751535,4.585064992262585
T2,2026-01-18 11:30:00,8.59144750308212,0.2390763110374336,3.9858735905768166
T2,2026-01-18 11:40:00,7.631387896004664,0.13174267950758417,5.699885407636773
T2,2026-01-18 11:50:00,8.449522817045123,0.21085378556090137,3.0148166906084306
T2,2026-01-18 12:00:00,10.031044113927491,0.4705006629212619,5.000283239081451
T2,2026-01-18 12:10:00,9.26585494628324,0.3126574724042414,5.161519039093155
T2,2026-01-18 12:20:00,11.334893212574856,0.7808920993643157,6.265113449851492
T2,2026-01-18 12:30:00,9.221303842998182,0.311952042448616,4.132037947761762
T2,2026-01-18 12:40:00,8.356900707357275,0.19723209146923698,4.791230746345076
T2,2026-01-18 12:50:00,10.296697141772578,0.5173747490904087,3.6752655583598903
T2,2026-01-18 13:00:00,9.5387216130625,0.35662506947104045,5.0188991654225035
T2,2026-01-18 13:10:00,8.883934380513397,0.25422009081948455,1.4413220905138142
T2,2026-01-18 13:20:00,8.652202387835203,0.24236307990391223,3.9538589767848507
T2,2026-01-18 13:30:00,9.0751233516102,0.28851441582383963,2.9689908317300873
T2,2026-01-18 13:40:00,8.698000431099603,0.2345593865075779,5.107525632239044
T2,2026-01-18 13:50:00,10.877198345740622,0.6120351657277563,4.427830446953219
T2,2026-01-18 14:00:00,9.766364814842783,0.40813852315097837,4.241932089066401
T2,2026-01-18 14:10:00,8.716619735162709,0.238074500081834,4.068489451952973
T2,2026-01-18 14:20:00,8.642895739270521,0.22889158954300245,3.853337428261718
T2,2026-01-18 14:30:00,8.411716683761714,0.21255038923445824,3.4164778666688047
T2,2026-01-18 14:40:00,10.137382013905594,0.46447280857973505,4.808432619587835
T2,2026-01-18 14:50:00,9.252926359633213,0.33327262368250776,4.584127555059047
T2,2026-01-18 15:00:00,7.4761593277832565,0.12243533586392812,3.6983872876778063
T2,2026-01-18 15:10:00,8.060025343380875,0.16940276546509672,5.567298906540316
T2,2026-01-18 15:20:00,7.073109746706156,0.09115049252569248,4.220542670618897
T2,2026-01-18 15:30:00,9.03785580967798,0.294853175248114,4.668178098264072
T2,2026-01-18 15:40:00,8.444551276915975,0.22125936254992917,6.012519209246579
T2,2026-01-18 15:50:00,11.056555099323688,0.6607754649675616,4.278587457050177
T2,2026-01-18 16:00:00,8.111132567509904,0.1800345713331402,5.691230567619041
T2,2026-01-18 16:10:00,7.6404875538008765,0.12408147523468091,4.511049832321045
T2,2026-01-18 16:20:00,7.723126629714366,0.13636502524275484,5.6575207088825845
T2,2026-01-18 16:30:00,6.135854434363848,0.04004391453972827,4.781607029184028
T2,2026-01-18 16:40:00,8.075699074531979,0.17280622078923225,4.967269379948977
T2,2026-01-18 16:50:00,6.620670122712203,0.06229497297540624,3.3338260590992954
T2,2026-01-18 17:00:00,7.1144000572354615,0.08686551040323864,6.833893494375774
T2,2026-01-18 17:10:00,8.458928891280781,0.20616672485912885,3.684162372467579
T2,2026-01-18 17:20:00,7.702716220562205,0.1306008775070806,3.8404063238881667
T2,2026-01-18 17:30:00,7.04927058665628,0.0906400861489065,2.1435090424651437
T2,2026-01-18 17:40:00,7.720223070373825,0.1396820308263632,3.766000073495523
T2,2026-01-18 17:50:00,5.444370592639682,0.018604674151342343,5.467225002272684
T2,2026-01-18 18:00:00,6.2485944677408884,0.04256472874797238,4.990397492678737
T2,2026-01-18 18:10:00,7.644830960924572,0.13009079694859044,4.419068618134227
T2,2026-01-18 18:20:00,6.3332349381547335,0.0497155597456912,6.6890509698556375
T2,2026-01-18 18:30:00,7.2066576058753515,0.09757224342141184,4.5275983849304735
T2,2026-01-18 18:40:00,7.302150954775675,0.10840358813651935,6.0101581761152385
T2,2026-01-18 18:50:00,8.092594119589085,0.17007302836920263,5.035395445807621
T2,2026-01-18 19:00:00,7.625363493120233,0.12808173219203758,6.1957614893354185
T2,2026-01-18 19:10:00,8.082349885590261,0.17831527413177492,4.031489174442354
T2,2026-01-18 19:20:00,6.9278930216172165,0.07547395920560576,5.446879271643356
T2,2026-01-18 19:30:00,4.588313545543822,0.005151742532271841,3.9948426594129542
T2,2026-01-18 19:40:00,6.295238839091957,0.04427931619768469,4.697598135277366
T2,2026-01-18 19:50:00,3.908401904372601,0.0010060821077426023,5.24326239893854
T2,2026-01-18 20:00:00,4.80065358529189,0.00772848460230718,6.520307846679842
T2,2026-01-18 20:10:00,5.424404754679694,0.0186583601819946,3.4717832753210707
T2,2026-01-18 20:20:00,5.722017642415607,0.027438948071790672,4.794798686131971
T2,2026-01-18 20:30:00,5.397564519216673,0.01765855148921815,3.8919287840763035
T2,2026-01-18 20:40:00,5.044023830999285,0.011682680303087237,6.680328990780845
T2,2026-01-18 20:50:00,3.986290666872468,0.0011919470834637338,3.967913758497373
T2,2026-01-18 21:00:00,2.2627182259957017,0.0,3.3840901181378102
T2,2026-01-18 21:10:00,5.26369072021255,0.014629678465060721,2.4710227809299186
T2,2026-01-18 21:20:00,5.051993897369188,0.010911596750973989,3.9239543538441555
T2,2026-01-18 21:30:00,6.518362486888249,0.05671274498065054,4.804054516123431
T2,2026-01-18 21:40:00,5.016432317400631,0.01075945072142011,4.127383887111756
T2,2026-01-18 21:50:00,1.014863643495822,0.0,4.050292948860868
T2,2026-01-18 22:00:00,4.300596518831516,0.002893435839472513,4.501692498783277
T2,2026-01-18 22:10:00,6.951235988629666,0.08204679369503828,3.1958823971499846
T2,2026-01-18 22:20:00,5.195256273267981,0.013090862004374574,5.111621395221989
T2,2026-01-18 22:30:00,4.449034954298435,0.0040076410803708065,4.575400073629777
T2,2026-01-18 22:40:00,5.11943652759993,0.012239786766355731,4.270817249203194
T2,2026-01-18 22:50:00,3.8621138734944043,0.0008108039118022909,4.981520562962152
T2,2026-01-18 23:00:00,7.290183002858196,0.1008687123860075,3.7415477421565138
T2,2026-01-18 23:10:00,4.533837680147271,0.004485414108837812,3.5601010373385193
T2,2026-01-18 23:20:00,5.671326452930605,0.025519978422415254,4.791641900462605
T2,2026-01-18 23:30:00,6.15561193760762,0.04204410994426702,4.571932244860027
T2,2026-01-18 23:40:00,4.4716796409363075,0.004057083946867295,3.8445068963360445
T2,2026-01-18 23:50:00,4.940842333550993,0.009186458546296572,3.619952123865937
T2,2026-01-19 00:00:00,4.5657327262632945,0.005150624525399231,3.9162716555312853
T2,2026-01-19 00:10:00,4.268762041937263,0.0026778629882055105,2.7857540442023305
T2,2026-01-19 00:20:00,3.851742686557679,0.0007794192415336674,4.635252310058099
T2,2026-01-19 00:30:00,5.443333647692137,0.019810048957791017,4.0739237894869555
T2,2026-01-19 00:40:00,5.517962584777108,0.021344483235149123,5.369298495860785
T2,2026-01-19 00:50:00,4.384834406285348,0.0032830231790149833,5.20502104421223
T2,2026-01-19 01:00:00,5.379967468759783,0.016975050854881366,3.0482603697571404
T2,2026-01-19 01:10:00,3.6426702494762098,0.00033907922395712655,4.737887864473827
T2,2026-01-19 01:20:00,5.25260499717919,0.01537823644245743,3.260044965655318
T2,2026-01-19 01:30:00,4.885524992837758,0.009113411940599888,4.779420422677432
T2,2026-01-19 01:40:00,7.249898483970686,0.09640681147741179,3.2898906368672334
T2,2026-01-19 01:50:00,3.2998940231280374,3.5393610249044e-05,3.353937787607425
T2,2026-01-19 02:00:00,4.2477787231824315,0.0024912467695211555,5.825831547611424
T2,2026-01-19 02:10:00,4.874573051577433,0.00837932145146704,5.213799857507289
T2,2026-01-19 02:20:00,4.33329621899414,0.0029628734402545333,5.935896588570122
T2,2026-01-19 02:30:00,5.404333110942663,0.01754251559821583,4.454441694623238
T2,2026-01-19 02:40:00,2.50069815929089,0.0,4.638954764896061
T2,2026-01-19 02:50:00,5.175261858081318,0.012735023277844752,3.191801365216967
T2,2026-01-19 03:00:00,5.737591341127451,0.025443703969398497,5.349335018156644
T2,2026-01-19 03:10:00,5.53569211031039,0.021166925843221447,5.289769854187349
T2,2026-01-19 03:20:00,4.5537982915074435,0.005017476579752018,4.48547043731438
T2,2026-01-19 03:30:00,5.0092714960768046,0.010381118776000802,3.586679860982715
T2,2026-01-19 03:40:00,5.03004273575233,0.01146033202157398,2.954336526027294
T2,2026-01-19 03:50:00,4.775841474295778,0.006957012716572879,3.7961361108551426
T2,2026-01-19 04:00:00,5.308729055340604,0.01520223156247283,4.4650718043027195
T2,2026-01-19 04:10:00,7.98385754409003,0.16478044667861666,4.411784353537437
T2,2026-01-19 04:20:00,6.717898135804459,0.06931457756041953,4.650152269592176
T2,2026-01-19 04:30:00,4.235800756771159,0.0024536853901354293,3.3282945924738594
T2,2026-01-19 04:40:00,7.929795167182542,0.15191446286004878,3.9160805941026835
T2,2026-01-19 04:50:00,5.548966446517989,0.02255983455841299,4.380794248061567
T2,2026-01-19 05:00:00,7.7334665959413345,0.1350502983981301,2.3283816069654737
T2,2026-01-19 05:10:00,6.247957860263404,0.04441365855223479,3.8820311950220523
T2,2026-01-19 05:20:00,5.998290512144074,0.034549365417101026,4.283188791213126
T2,2026-01-19 05:30:00,4.567235329403182,0.0049022209472129865,5.197099189443462
T2,2026-01-19 05:40:00,6.005122737778586,0.036351751927866494,4.471052488554138
T2,2026-01-19 05:50:00,7.2513484722259935,0.09725171765613344,4.73407291419199
T2,2026-01-19 06:00:00,8.670784419856567,0.23656729958414285,6.022019918440336
T2,2026-01-19 06:10:00,7.375707563465015,0.10896583324928091,3.608983412619374
T2,2026-01-19 06:20:00,8.126535390123733,0.1843352192724577,2.3307328111349697
T2,2026-01-19 06:30:00,6.7322987908249114,0.06527048250399514,3.1858272767278324
T2,2026-01-19 06:40:00,8.84553173849325,0.2720972650933772,4.884697326784228
T2,2026-01-19 06:50:00,6.887774284525492,0.07673711498529338,4.409112727696823
T2,2026-01-19 07:00:00,10.88516123651721,0.6622845321513212,5.517437541871143
T2,2026-01-19 07:10:00,7.527074870804006,0.12383898642081924,4.753801310203146
T2,2026-01-19 07:20:00,7.289979405004075,0.09933573007715733,4.462748841989252
T2,2026-01-19 07:30:00,8.932500053635517,0.25909316236342783,5.348374533038535
T2,2026-01-19 07:40:00,8.32032881863763,0.20526530160221823,4.652602974364792
T2,2026-01-19 07:50:00,6.578614844635923,0.058554942683542284,3.7955499015734935
T2,2026-01-19 08:00:00,8.229863613039198,0.18561435637153895,4.627863087469739
T2,2026-01-19 08:10:00,6.309661864811973,0.04956759677407093,4.06730152249185
T2,2026-01-19 08:20:00,9.611887014457874,0.3964446005520903,6.5888421675978055
T2,2026-01-19 08:30:00,8.764094769468164,0.24431534378351444,2.2779357696844857
T2,2026-01-19 08:40:00,9.285087321204,0.3176959923356684,4.539377920737035
T2,2026-01-19 08:50:00,8.891351138044879,0.2797273180632877,6.665560446742202
T2,2026-01-19 09:00:00,9.376518344696557,0.339463064871692,3.791136025976573
T2,2026-01-19 09:10:00,9.143713352594194,0.288417401287052,2.672297615599413
T2,2026-01-19 09:20:00,8.508254418907189,0.210589414954146,4.042603530375127
T2,2026-01-19 09:30:00,9.161976366468874,0.3145437424123696,2.8584554110419087
T2,2026-01-19 09:40:00,10.327547906787673,0.52520725011435,4.101059659610079
T2,2026-01-19 09:50:00,8.694354044438542,0.2467934074290499,5.50898007771351
T2,2026-01-19 10:00:00,10.087581735169662,0.44269996858835187,5.912931678888002
T2,2026-01-19 10:10:00,10.458065962717018,0.562449506815562,5.855864851941415
T2,2026-01-19 10:20:00,7.263676865466913,0.09734517983762683,5.605533688758374
T2,2026-01-19 10:30:00,8.55208842439661,0.2333377332710464,3.3906618244381193
T2,2026-01-19 10:40:00,9.094054232252383,0.27990875855221736,2.163797158849505
T2,2026-01-19 10:50:00,10.52088410125083,0.5480646671383615,2.9380890367244437
T2,2026-01-19 11:00:00,9.693369873149656,0.4048894368372527,4.926494374318841
T2,2026-01-19 11:10:00,10.658077545752901,0.6010733866045275,3.4136055738351416
T2,2026-01-19 11:20:00,10.699925107634416,0.5787311612090316,4.691886607547029
T2,2026-01-19 11:30:00,6.831871543736883,0.07158370070575124,3.577835044143102
T2,2026-01-19 11:40:00,8.77081797425563,0.24372905274660434,4.271764509518131
T2,2026-01-19 11:50:00,8.428141936641563,0.2152274035158176,5.2503540888647375
T2,2026-01-19 12:00:00,9.324565314015741,0.3156043303879201,4.99470919665857
T2,2026-01-19 12:10:00,9.733340216365649,0.41849873600458737,3.2192736092088348
T2,2026-01-19 12:20:00,9.80299834719025,0.4000763086533439,4.750150792588922
T2,2026-01-19 12:30:00,9.450750760042409,0.34854504854814594,6.054329464131278
T2,2026-01-19 12:40:00,9.19342134844668,0.29508661492034816,4.781497074382467
T2,2026-01-19 12:50:00,10.062983767383317,0.45029211297067984,5.983558396851025
T2,2026-01-19 13:00:00,11.28208476918826,0.7357599547254854,6.98827293990033
T2,2026-01-19 13:10:00,8.124068752804991,0.16988512065942665,5.600912337315207
T2,2026-01-19 13:20:00,10.076359710544002,0.46033725122979857,2.65262550775345
T2,2026-01-19 13:30:00,10.711293804322692,0.5917123565337736,4.43812378640019
T2,2026-01-19 13:40:00,8.95250797833255,0.27159099830968253,4.997874275178467
T2,2026-01-19 13:50:00,10.060666764349868,0.4711542690532618,4.359970573343881
T2,2026-01-19 14:00:00,8.51654120239224,0.22012464892132974,3.7929889900539675
T2,2026-01-19 14:10:00,8.894024935146131,0.26862407648926395,3.514916767134576
T2,2026-01-19 14:20:00,9.061390858543245,0.28297997670581204,4.112419328021446
T2,2026-01-19 14:30:00,9.92843652376847,0.4471307511419722,5.461050015384003
T2,2026-01-19 14:40:00,9.915118237258053,0.41304525318255464,5.0897101925270025
T2,2026-01-19 14:50:00,7.798867547414193,0.14837804224290047,5.665678363033774
T2,2026-01-19 15:00:00,8.724070211261353,0.25020755560521685,5.0961161182141606
T2,2026-01-19 15:10:00,8.937308448601799,0.27805090712927244,4.441244182507858
T2,2026-01-19 15:20:00,8.66072095525721,0.2439656911136462,4.93992304863808
T2,2026-01-19 15:30:00,8.634132113703181,0.22970531070231917,2.6178518723409447
T2,2026-01-19 15:40:00,7.672642433354859,0.1392741877360638,5.003397635980453
T2,2026-01-19 15:50:00,7.405655012560435,0.11182047273520625,4.446991398173778
T2,2026-01-19 16:00:00,8.367045713142733,0.19368729601808707,4.191433287290902
T2,2026-01-19 16:10:00,5.694458059020681,0.025632975600379103,4.489711088194292
T2,2026-01-19 16:20:00,7.9083118980925455,0.16214549451053636,4.690652343368849
T2,2026-01-19 16:30:00,7.461607399371879,0.11276501842948213,4.694589537561212
T2,2026-01-19 16:40:00,8.89724783346926,0.2668523081741636,5.821803873129217
T2,2026-01-19 16:50:00,8.364850640364686,0.20962745602924285,5.370917599890833
T2,2026-01-19 17:00:00,6.843906070010357,0.07611853897810364,5.045773474154167
T2,2026-01-19 17:10:00,7.237375302949844,0.09451319702208062,4.576364104942814
T2,2026-01-19 17:20:00,7.0924043579668306,0.08543664408157882,4.184150222809736
T2,2026-01-19 17:30:00,6.229895515224518,0.042620066087443585,5.953277711451917
T2,2026-01-19 17:40:00,5.280141407109689,0.015056903832486717,4.951111119352771
T2,2026-01-19 17:50:00,7.9021837376881185,0.1455227138524087,5.601281087889596
T2,2026-01-19 18:00:00,7.85791186274544,0.14934572338102403,3.7984383216684616
T2,2026-01-19 18:10:00,5.326097978121137,0.01660555437027557,2.817259925263924
T2,2026-01-19 18:20:00,4.815658809534986,0.007818266574117336,2.628243446539317
T2,2026-01-19 18:30:00,6.441537292582404,0.05588442275216654,4.601363784605711
T2,2026-01-19 18:40:00,7.407818164884616,0.1163808024862769,5.755621968318874
T2,2026-01-19 18:50:00,5.200400836129017,0.013358404763189832,3.2552970117424866
T2,2026-01-19 19:00:00,6.787051416333031,0.07264658059084839,5.054236903837875
T2,2026-01-19 19:10:00,6.685863715451592,0.06509872247638901,4.766309190042156
T2,2026-01-19 19:20:00,7.301484272493799,0.1008907210143362,3.6610368697939957
T2,2026-01-19 19:30:00,5.031544542738304,0.011338556892072894,3.8491147580087848
T2,2026-01-19 19:40:00,5.869736216996358,0.03186911898371025,4.305577586691343
T2,2026-01-19 19:50:00,5.67262696902013,0.024856801831984573,4.152118251985449
T2,2026-01-19 20:00:00,5.5842444837515615,0.022168416014406774,5.068449206724367
T2,2026-01-19 20:10:00,5.267901806425927,0.015277229643883387,4.973546966151143
T2,2026-01-19 20:20:00,7.37786693225061,0.11209172932437933,3.8793466972578163
T2,2026-01-19 20:30:00,5.6767308177208,0.024944566513538727,5.267006826398701
T2,2026-01-19 20:40:00,4.667352763000546,0.005754380928066268,6.900882952490343
T2,2026-01-19 20:50:00,6.8746073819778015,0.07565037544995713,3.4318746032485965
T2,2026-01-19 21:00:00,7.37982695707265,0.10992542218312544,3.854761966834456
T2,2026-01-19 21:10:00,3.6871728168523465,0.00041157904385317724,5.6935339910251965
T2,2026-01-19 21:20:00,4.6092207319279686,0.005461640834614846,5.080729587477964
T2,2026-01-19 21:30:00,5.741717039856938,0.02650094259194205,3.9913969236581845
T2,2026-01-19 21:40:00,5.12262361069068,0.012018277131206694,6.5693359740347645
T2,2026-01-19 21:50:00,3.8221247956061495,0.0007326239404053122,3.4195491327641307
T2,2026-01-19 22:00:00,5.537038813588743,0.0205710862337843,2.6638235228158487
T2,2026-01-19 22:10:00,4.878512974740689,0.008511647216854322,5.06723932408177
T2,2026-01-19 22:20:00,6.023001876591444,0.03624742950027156,5.385114223313654
T2,2026-01-19 22:30:00,7.538278418939907,0.11744416554290088,4.916519327939276
T2,2026-01-19 22:40:00,6.170574661233573,0.04287405468231562,4.173359329511036
T2,2026-01-19 22:50:00,4.558909268579265,0.0047945071110185415,3.009926425658901
T2,2026-01-19 23:00:00,3.9631819469280503,0.0011542738140192304,3.6703179060690925
T2,2026-01-19 23:10:00,4.419710930796929,0.003896684554845727,5.589983489025923
T2,2026-01-19 23:20:00,2.573498802890128,0.0,4.668829592842089
T2,2026-01-19 23:30:00,3.01357623217174,3.350990751281852e-09,5.767039698243602
T2,2026-01-19 23:40:00,3.382897210669997,7.632755941586152e-05,4.6388176031540755
T2,2026-01-19 23:50:00,7.500040327234513,0.11885827146379639,3.660337850406062
T2,2026-01-20 00:00:00,4.250367752606051,0.002591047335303116,4.597754731225817
T2,2026-01-20 00:10:00,6.380996283120623,0.04792780076948508,5.673658697582744
T2,2026-01-20 00:20:00,6.420038489006174,0.05403754146111479,4.565226569484871
T2,2026-01-20 00:30:00,4.764347892083188,0.007293203847824304,5.723064231659776
T2,2026-01-20 00:40:00,4.98584945483074,0.01038489348150002,5.160503760528216
T2,2026-01-20 00:50:00,5.2718415387664965,0.015559563510723911,5.642843151075223
T2,2026-01-20 01:00:00,3.371830299809738,6.677596376644753e-05,2.6282848229183253
T2,2026-01-20 01:10:00,6.006117428512976,0.035017604224905366,5.076855451848022
T2,2026-01-20 01:20:00,3.2586188925456296,2.2185124648851647e-05,3.972166651068166
T2,2026-01-20 01:30:00,4.489766410368799,0.004153334361884935,5.091454574415284
T2,2026-01-20 01:40:00,4.967834391335816,0.010350437501223015,6.53268826978196
T2,2026-01-20 01:50:00,2.853446512963221,0.0,5.322774957925892
T2,2026-01-20 02:00:00,5.276132648924786,0.01538917572316436,5.519976373616934
T2,2026-01-20 02:10:00,3.0750224548344995,5.699437126608139e-07,5.11432193829287
T2,2026-01-20 02:20:00,3.3509351252440647,5.875832806966264e-05,4.744548299934157
T2,2026-01-20 02:30:00,6.354373797335439,0.04856619860175837,4.5751664512765275
T2,2026-01-20 02:40:00,7.421915967439291,0.11042339169605725,4.188724737478573
T2,2026-01-20 02:50:00,3.0755598730485376,5.6313231355611e-07,4.434874244109357
T2,2026-01-20 03:00:00,4.219632604458614,0.0023550825122109135,5.227100821452678
T2,2026-01-20 03:10:00,3.2702333681220335,2.585825419908632e-05,5.013304454274666
T2,2026-01-20 03:20:00,5.58531507136769,0.023559473658341185,5.935815757390577
T2,2026-01-20 03:30:00,6.42950981106053,0.05224575386656513,4.536576267041932
T2,2026-01-20 03:40:00,5.726000847596125,0.026439781039691673,3.8312768613168644
T2,2026-01-20 03:50:00,8.666303598790163,0.2299287936604487,4.3809199401124665
T2,2026-01-20 04:00:00,4.552194808205083,0.0048900169049207794,5.7228393554929395
T2,2026-01-20 04:10:00,4.270251950760468,0.0027730606557033813,2.6060834293289026
T2,2026-01-20 04:20:00,6.057642199452221,0.036753989565981256,5.522739816344732
T2,2026-01-20 04:30:00,7.248709426831772,0.10338862849941038,5.225633513592249
T2,2026-01-20 04:40:00,4.337251682162934,0.003187715347689384,4.00931760043697
T2,2026-01-20 04:50:00,4.658578735306433,0.005989572514817837,6.145385300055169
T2,2026-01-20 05:00:00,6.614452649514893,0.06301188275538543,4.219724573399344
T2,2026-01-20 05:10:00,6.970252761276347,0.08194975941408633,4.706522099531794
T2,2026-01-20 05:20:00,6.160268534618366,0.04203180241034301,5.006675563593101
T2,2026-01-20 05:30:00,6.766332534057728,0.06699216918158583,5.319251344020949
T2,2026-01-20 05:40:00,7.566043667176678,0.12510214312349152,5.352493949739665
T2,2026-01-20 05:50:00,4.022730149986726,0.0013691689558932,3.2297783593171867
T2,2026-01-20 06:00:00,9.325090011377414,0.3257074143282022,3.334307817183854
T2,2026-01-20 06:10:00,8.33727755471538,0.20697961665424353,5.686926163037226
T2,2026-01-20 06:20:00,7.452718567291599,0.11275969752840098,4.603290263755015
T2,2026-01-20 06:30:00,8.032761686146504,0.17026661566843845,3.8302624705429458
T2,2026-01-20 06:40:00,6.657239953370098,0.062271304877840536,4.055729165479168
T2,2026-01-20 06:50:00,7.2014178482239135,0.09947610103340654,4.086059493025608
T2,2026-01-20 07:00:00,6.811889073059965,0.06913905699788182,5.424509582515357
T2,2026-01-20 07:10:00,7.518214561163105,0.1250361702521212,3.6722398634967846
T2,2026-01-20 07:20:00,7.427246246355137,0.1166599336234848,6.821287311972532
T2,2026-01-20 07:30:00,8.011352883682031,0.15993487908399828,3.5209055711431123
T2,2026-01-20 07:40:00,9.573206206272692,0.3833637169501221,3.829215533172359
T2,2026-01-20 07:50:00,9.088402302247287,0.2909532397249598,5.089754033748068
T2,2026-01-20 08:00:00,9.308995299083492,0.3124858423024362,4.700403440402048
T2,2026-01-20 08:10:00,8.290893760327508,0.19215365499180548,5.945242328453396
T2,2026-01-20 08:20:00,6.653799820859897,0.06688586826968242,3.821146398236464
T2,2026-01-20 08:30:00,10.693904060645174,0.5639066446260143,4.599075843151011
T2,2026-01-20 08:40:00,8.46658184293411,0.20885777711486325,4.698257854526594
T2,2026-01-20 08:50:00,9.75316413228603,0.4162230501768221,3.5932234487992805
T2,2026-01-20 09:00:00,9.136533649309461,0.2928529443555247,5.955809183497083
T2,2026-01-20 09:10:00,8.825408400427005,0.25956384004656224,4.863297313236143
T2,2026-01-20 09:20:00,9.130309627715997,0.2969921823597072,4.578762651700803
T2,2026-01-20 09:30:00,9.629957280223659,0.3845939775066194,4.28465105931191
T2,2026-01-20 09:40:00,8.94821811110178,0.26311392134774714,1.6424042138028572
T2,2026-01-20 09:50:00,7.554391674431429,0.12608958312536134,4.867335115336367
T2,2026-01-20 10:00:00,8.266723827596607,0.1988854160476472,2.9672461029753725
T2,2026-01-20 10:10:00,10.36515889987738,0.5456704446211585,4.1767414081084375
T2,2026-01-20 10:20:00,9.706594414555743,0.38927632647342153,4.998016476216852
T2,2026-01-20 10:30:00,9.459135092893659,0.33445519226828824,4.395766985180739
T2,2026-01-20 10:40:00,11.300584337144192,0.7242626283471575,3.8012454709058616
T2,2026-01-20 10:50:00,10.661716764179896,0.5646388114907794,2.603169950767246
T2,2026-01-20 11:00:00,8.374089973581416,0.20999232807706913,4.249127371051768
T2,2026-01-20 11:10:00,9.529268015902252,0.36189409744060896,5.07946704136467
T2,2026-01-20 11:20:00,8.632964695661755,0.2263438946424669,4.016744270939978
T2,2026-01-20 11:30:00,8.244917242489207,0.18630992298267132,5.421854392908873
T2,2026-01-20 11:40:00,9.906450134992339,0.44420147525135023,5.135592244068387
T2,2026-01-20 11:50:00,7.539560515204918,0.12306752740870608,3.883480556302359
T2,2026-01-20 12:00:00,10.912376780758192,0.6554494548374387,4.297939850456713
T2,2026-01-20 12:10:00,11.489811380432137,0.7741016405929869,5.068764198833418
T2,2026-01-20 12:20:00,8.884795331158767,0.2758147828452544,6.159928698728001
T2,2026-01-20 12:30:00,8.83051802928141,0.2715072970178032,3.554907195008128
T2,2026-01-20 12:40:00,9.547462666561954,0.3632467363880739,6.661856796800949
T2,2026-01-20 12:50:00,8.265000140809676,0.18982858169010555,3.7037344702618977
T2,2026-01-20 13:00:00,10.589549713342272,0.5748368905235703,4.6465674808466355
T2,2026-01-20 13:10:00,8.714914576627862,0.24408809357737946,3.5504318871244367
T2,2026-01-20 13:20:00,10.007062307333381,0.4392235934596051,4.787699137210785
T2,2026-01-20 13:30:00,9.699261949244324,0.403926300351907,4.218341027966976
T2,2026-01-20 13:40:00,9.89372297201236,0.44460437702558914,5.284965203592626
T2,2026-01-20 13:50:00,8.328812687819742,0.19408605463190373,4.841146413056631
T2,2026-01-20 14:00:00,7.060152560441435,0.08799827981406269,5.245095820492201
T2,2026-01-20 14:10:00,9.889694988848083,0.4382011715335763,6.204493107583389
T2,2026-01-20 14:20:00,9.272826829892145,0.33392870415954157,3.461695099637257
T2,2026-01-20 14:30:00,9.100118657866068,0.2980048089248535,3.8483174412822807
T2,2026-01-20 14:40:00,10.13684177311928,0.4590201148924845,5.4777980080627895
T2,2026-01-20 14:50:00,7.36090355662779,0.10857218847309476,4.627783264565178
T2,2026-01-20 15:00:00,7.804660683617437,0.15021521888138137,6.321951192990506
T2,2026-01-20 15:10:00,7.074868653938303,0.0838535891226125,4.345324461280396
T2,2026-01-20 15:20:00,10.627785955387408,0.5597577973505794,3.6119733904769546
T2,2026-01-20 15:30:00,8.552124288099517,0.21271245240285783,3.7958821007112515
T2,2026-01-20 15:40:00,9.212225160360271,0.3280997766043114,2.6327996494191757
T2,2026-01-20 15:50:00,6.974177283963198,0.08130030891953247,3.6044535889527602
T2,2026-01-20 16:00:00,6.6551100151781375,0.06056018494149957,4.650394465767301
T2,2026-01-20 16:10:00,8.208024346179004,0.19136532446037988,5.506196253049507
T2,2026-01-20 16:20:00,8.717303932830616,0.23750685088362986,4.249079192375291
T2,2026-01-20 16:30:00,8.109181802265594,0.18169535775615564,3.0548748409622197
T2,2026-01-20 16:40:00,7.715007604321489,0.14032285073897255,5.765806658645
T2,2026-01-20 16:50:00,9.449563695300437,0.36478161481831406,4.093359767590745
T2,2026-01-20 17:00:00,6.546324538419511,0.05879934957945979,2.084154083742811
T2,2026-01-20 17:10:00,9.82376907879814,0.4189345933424621,2.4949288013532613
T2,2026-01-20 17:20:00,5.7267095538005,0.02598971165228665,3.360656731685345
T2,2026-01-20 17:30:00,5.868696468067142,0.031791964382296305,5.261188097573906
T2,2026-01-20 17:40:00,6.95123100178455,0.08079056827140149,4.896244008877811
T2,2026-01-20 17:50:00,6.769960081154048,0.07196489683658208,6.002128408492414
T2,2026-01-20 18:00:00,7.8275656637122095,0.14958644271935123,3.8338810467263444
T2,2026-01-20 18:10:00,5.842487889301582,0.030919141020392307,4.066423013220648
T2,2026-01-20 18:20:00,5.363119364205544,0.01755832139318251,3.1599315129063608
T2,2026-01-20 18:30:00,6.54365562980682,0.05817944923264855,6.079803721052431
T2,2026-01-20 18:40:00,7.26505228880252,0.10410946439627769,2.0430064329553668
T2,2026-01-20 18:50:00,8.079448067831711,0.16404630621665536,3.2201493122586418
T2,2026-01-20 19:00:00,5.17036299270384,0.013751638603075938,3.4570625219198066
T2,2026-01-20 19:10:00,6.159435631080895,0.04214715884712536,5.1490480515148285
T2,2026-01-20 19:20:00,7.388044499853329,0.11550231529537805,3.5253206407335393
T2,2026-01-20 19:30:00,7.646334967912325,0.12440301529319454,4.363222646065252
T2,2026-01-20 19:40:00,6.121521327973777,0.037784721216804484,2.9440694124566855
T2,2026-01-20 19:50:00,5.288981385615699,0.014932599598418179,3.2070099786159836
T2,2026-01-20 20:00:00,4.205565689091819,0.00237792198942078,2.89633373761285
T2,2026-01-20 20:10:00,7.28991248938148,0.1002768701693953,5.104862310659368
T2,2026-01-20 20:20:00,3.439991694734746,0.00010868565076274513,3.967217065222626
T2,2026-01-20 20:30:00,6.1896878492830805,0.04090658090917448,3.070205466644344
T2,2026-01-20 20:40:00,5.433895895820864,0.019747626739473483,4.945534566070534
T2,2026-01-20 20:50:00,4.838299245003075,0.00792872226059253,5.036379382461382
T2,2026-01-20 21:00:00,5.886538638480941,0.031162369470692345,4.1101459178378335
T2,2026-01-20 21:10:00,3.8280597222278363,0.000756063570854472,7.141789168967933
T2,2026-01-20 21:20:00,5.412584581109485,0.017830590442859815,4.227133317070745
T2,2026-01-20 21:30:00,5.370887725319552,0.017393175710081532,4.521779092714011
T2,2026-01-20 21:40:00,7.272522183417642,0.0995420329437524,5.251953779812352
T2,2026-01-20 21:50:00,5.412671305274213,0.017366382038575743,3.7645120864831285
T2,2026-01-20 22:00:00,5.00800143964736,0.010976375796249495,4.430422521116976
T2,2026-01-20 22:10:00,4.5924982969900325,0.005257967892732381,4.100838741439407
T2,2026-01-20 22:20:00,5.753268631753974,0.026912600177417,5.991320324754724
T2,2026-01-20 22:30:00,4.686177744974786,0.0064814611968153045,4.614330030497436
T2,2026-01-20 22:40:00,4.975222736212179,0.010068182957245502,4.068974400411339
T2,2026-01-20 22:50:00,5.842019779454738,0.031448658619401264,5.267866961816101
T2,2026-01-20 23:00:00,3.7610427030146947,0.0006036800419144049,5.557898064395664
T2,2026-01-20 23:10:00,3.5849712887901135,0.00026132267747431415,3.4175788344592055
T2,2026-01-20 23:20:00,2.9478292800725914,0.0,4.117499266743051
T2,2026-01-20 23:30:00,6.106839978347294,0.0375606013127807,4.263367477529457
T2,2026-01-20 23:40:00,5.930321094784257,0.03224685673439672,3.8270875713878967
T2,2026-01-20 23:50:00,4.939194210681251,0.009919907675187436,4.88790939401923
T2,2026-01-21 00:00:00,6.209390963861625,0.04337697959848562,5.4406561243831035
T2,2026-01-21 00:10:00,6.0765325405043855,0.036116584506502285,5.347221813437107
T2,2026-01-21 00:20:00,4.059112830074278,0.0016155593094214745,5.770992555360698
T2,2026-01-21 00:30:00,4.6435805017973655,0.005957200467308862,4.2962958624280025
T2,2026-01-21 00:40:00,6.4178122041796595,0.054115452862700045,6.888508762013229
T2,2026-01-21 00:50:00,5.133356002305203,0.012478942975293929,5.266256947087216
T2,2026-01-21 01:00:00,5.611094185994615,0.022753391889036058,3.7250410751123653
T2,2026-01-21 01:10:00,3.3795740416839877,6.967772989429118e-05,3.784426846864619
T2,2026-01-21 01:20:00,5.430174593464189,0.018105512927561393,4.571066165481143
T2,2026-01-21 01:30:00,2.3691765217080234,0.0,4.888741208573862
T2,2026-01-21 01:40:00,5.95990519272709,0.0324963984878031,2.4218526398496114
T2,2026-01-21 01:50:00,2.4805206305662484,0.0,6.8349942068654626
T2,2026-01-21 02:00:00,4.332607486445962,0.0029919098950772064,3.8438785743563493
T2,2026-01-21 02:10:00,5.694182826804639,0.026610755731250525,4.761448969087543
T2,2026-01-21 02:20:00,4.616513264521576,0.005598067025855888,5.381603562040193
T2,2026-01-21 02:30:00,5.221037906789524,0.014276499988622354,5.351198584303075
T2,2026-01-21 02:40:00,4.029551444831381,0.0013561424312908562,3.859005564381024
T2,2026-01-21 02:50:00,7.203256939333285,0.10036569198084888,5.914630972738
T2,2026-01-21 03:00:00,6.462283585547068,0.0523855814738497,3.243771488978382
T2,2026-01-21 03:10:00,4.938220575155947,0.0093093217903562,5.4811931915692
T2,2026-01-21 03:20:00,7.405727915250457,0.11591260603832601,3.855648168514266
T2,2026-01-21 03:30:00,4.825559931515133,0.007602662779896991,4.281805069317952
T2,2026-01-21 03:40:00,5.691469192581779,0.026291669860259576,4.5208839809465715
T2,2026-01-21 03:50:00,5.063942607593315,0.012020125955629627,2.966428737032772
T2,2026-01-21 04:00:00,6.735088796735681,0.06721527519183035,4.940575708992154
T2,2026-01-21 04:10:00,7.379019697106007,0.10503132829736204,5.133314194099123
T2,2026-01-21 04:20:00,4.937120208699701,0.009409057382696916,2.0714152411656697
T2,2026-01-21 04:30:00,4.110441442560764,0.0017557609771073814,5.264488964455547
T2,2026-01-21 04:40:00,6.693564564173366,0.06821276407461568,4.972655717811208
T2,2026-01-21 04:50:00,6.554616036094381,0.05995842941732311,4.584149548475283
T2,2026-01-21 05:00:00,6.938544181954841,0.07725926903331952,3.5432039824206303
T2,2026-01-21 05:10:00,6.1043513613325535,0.037046520123692146,6.0465827994127395
T2,2026-01-21 05:20:00,8.054926409592776,0.17314805345886336,4.771053939807971
T2,2026-01-21 05:30:00,6.611200417159132,0.060854280798007844,2.992695797463285
T2,2026-01-21 05:40:00,6.480217827179046,0.05408540171179658,4.990071457179303
T2,2026-01-21 05:50:00,5.302303581236265,0.01570394087235662,5.506554793658193
T2,2026-01-21 06:00:00,6.786202856163694,0.06875458510394444,5.256926361374831
T2,2026-01-21 06:10:00,6.439411019441982,0.05426315876254052,5.530918855922071
T2,2026-01-21 06:20:00,6.917239639550662,0.0782072239113604,3.295426906560592
T2,2026-01-21 06:30:00,7.092184243738079,0.08879361523389813,4.110777246677308
T2,2026-01-21 06:40:00,9.27018776509177,0.3185260566491156,5.638152520330612
T2,2026-01-21 06:50:00,9.032522833173514,0.2923789066022393,4.232594026542046
T2,2026-01-21 07:00:00,7.597451682662345,0.13256918632034712,6.195978645991412
T2,2026-01-21 07:10:00,9.975274750452467,0.4473472630164497,7.979964500717525
T2,2026-01-21 07:20:00,7.482252634908765,0.1218727214432957,5.238210590751137
T2,2026-01-21 07:30:00,8.026380163064488,0.16924970604869274,3.923996418546296
T2,2026-01-21 07:40:00,6.671798477714518,0.0641814048276429,5.553799670324312
T2,2026-01-21 07:50:00,7.34036097139667,0.1029727050963912,5.157289774541712
T2,2026-01-21 08:00:00,12.148566888740678,0.9938093314462131,5.143927341332429
T2,2026-01-21 08:10:00,6.617108969903876,0.061176326047647125,3.2678327044336255
T2,2026-01-21 08:20:00,7.505206733885184,0.11385834157588855,4.479100068337852
T2,2026-01-21 08:30:00,8.592546592392905,0.23694529003931197,6.35451105071322
T2,2026-01-21 08:40:00,6.0766027534240585,0.03694759467961248,4.779310832526776
T2,2026-01-21 08:50:00,9.699180307950009,0.37317897898134056,5.634520398313833
T2,2026-01-21 09:00:00,9.776220546651409,0.4176179388881809,6.529846460459398
T2,2026-01-21 09:10:00,9.343772198964276,0.3413460364385412,3.4303010231036795
T2,2026-01-21 09:20:00,7.223551876685177,0.10138580072967757,5.267110869095276
T2,2026-01-21 09:30:00,7.843015026922749,0.14584356901949014,4.210076397842292
T2,2026-01-21 09:40:00,8.3510503416037,0.19038148823862758,4.327715459657208
T2,2026-01-21 09:50:00,9.841722840050053,0.4054604954627853,4.897687156085143
T2,2026-01-21 10:00:00,11.855210885036715,0.9093289806754217,4.278173847251449
T2,2026-01-21 10:10:00,8.301737106622392,0.1863165294958802,4.014336688194224
T2,2026-01-21 10:20:00,8.70013237095114,0.24928257211615337,4.908992870679604
T2,2026-01-21 10:30:00,8.322515955537197,0.19916154945315925,4.9104355405891535
T2,2026-01-21 10:40:00,9.846868447071461,0.416991210228148,4.2682337328386994
T2,2026-01-21 10:50:00,7.846584689676356,0.15461517735062158,7.213245007529519
T2,2026-01-21 11:00:00,9.807469864249843,0.41559595759374784,3.9577130792630313
T2,2026-01-21 11:10:00,11.230300761703129,0.7260635451415157,4.293931621139164
T2,2026-01-21 11:20:00,8.635964167957288,0.24264206491033805,4.331953775106129
T2,2026-01-21 11:30:00,9.690273842181776,0.3924967301904288,3.7556468656378246
T2,2026-01-21 11:40:00,9.353851579828687,0.31982890951878307,4.2269230562960045
T2,2026-01-21 11:50:00,8.000034936922605,0.16536857370451785,6.126761832331018
T2,2026-01-21 12:00:00,8.561426498685734,0.22072727981701154,4.263211770771845
T2,2026-01-21 12:10:00,8.867668429590992,0.27263359682571836,4.062089183244872
T2,2026-01-21 12:20:00,7.472896463914983,0.12172802915721188,3.7859841940512613
T2,2026-01-21 12:30:00,7.930215383266474,0.1520862031146482,6.528137504408422
T2,2026-01-21 12:40:00,10.531602415363476,0.5527236472522298,4.8220684338527775
T2,2026-01-21 12:50:00,9.133787213291852,0.3128151167703648,2.2246594561432618
T2,2026-01-21 13:00:00,8.376440905453082,0.19768025728477934,3.53685146380813
T2,2026-01-21 13:10:00,10.012328510178419,0.4711152075894001,5.081384453337624
T2,2026-01-21 13:20:00,9.767226471094803,0.39568267373181976,4.6144631409648875
T2,2026-01-21 13:30:00,7.957021300792758,0.15267053883953804,4.758076079093222
T2,2026-01-21 13:40:00,8.988357913021765,0.27094083706735983,6.101114204677557
T2,2026-01-21 13:50:00,5.958135911005652,0.034705656318382946,6.046977418096871
T2,2026-01-21 14:00:00,8.898312680325263,0.2627480434812242,4.768542816437687
T2,2026-01-21 14:10:00,10.733408844031278,0.6225209844240471,5.462020330363673
T2,2026-01-21 14:20:00,9.195467808317405,0.3192308727429568,3.705252395873396
T2,2026-01-21 14:30:00,8.561254195976973,0.22872232840538964,5.345150380800606
T2,2026-01-21 14:40:00,9.746334974831202,0.4143690756180216,5.471340754160718
T2,2026-01-21 14:50:00,6.660250589491096,0.06595172258074462,3.0822398908092787
T2,2026-01-21 15:00:00,10.758090139554678,0.5923849542928168,4.9308092144915365
T2,2026-01-21 15:10:00,9.621220701715107,0.37373228013035764,5.406417187886533
T2,2026-01-21 15:20:00,9.913066828249422,0.42337177405251564,4.450697087807128
T2,2026-01-21 15:30:00,6.277760907765798,0.04442577493037886,3.494652206860664
T2,2026-01-21 15:40:00,6.788879623109584,0.06746523593582644,5.139877954478706
T2,2026-01-21 15:50:00,7.671953696392336,0.13505742753932942,4.990530970175684
T2,2026-01-21 16:00:00,6.139100506394811,0.0395470602116985,5.372052785447337
T2,2026-01-21 16:10:00,9.057691364570665,0.3007612556523933,2.142991558165456
T2,2026-01-21 16:20:00,7.492995448708356,0.12073378633377099,5.922681701955473
T2,2026-01-21 16:30:00,5.645145494786695,0.02311710625088423,4.693336548598368
T2,2026-01-21 16:40:00,8.249126214243018,0.19809241717722692,5.189301014937323
T2,2026-01-21 16:50:00,7.740909682777856,0.14240316470304845,4.968590026264978
T2,2026-01-21 17:00:00,7.3208358013631685,0.1086468182177837,4.044690974888657
T2,2026-01-21 17:10:00,6.228076559979117,0.04363383013829813,4.936407265409752
T2,2026-01-21 17:20:00,7.388444602583335,0.10676644832184781,5.607017074977296
T2,2026-01-21 17:30:00,7.116594785961605,0.09516374328748685,5.201149923838119
T2,2026-01-21 17:40:00,5.8773658693143025,0.02968765748527729,4.847914164336257
T2,2026-01-21 17:50:00,8.103949406311719,0.16576790575760622,5.180208097428081
T2,2026-01-21 18:00:00,6.5768236502293655,0.05892450503662286,4.551552181787761
T2,2026-01-21 18:10:00,6.839919919563588,0.07713251837580636,3.351938400414525
T2,2026-01-21 18:20:00,6.560938471805306,0.05715437474667529,5.060219201749363
T2,2026-01-21 18:30:00,6.124924520403416,0.038551853846925346,5.703357869396713
T2,2026-01-21 18:40:00,5.446732167971658,0.019164750516595837,4.0593477992062645
T2,2026-01-21 18:50:00,6.133420161343319,0.0410009204065242,3.899466475246774
T2,2026-01-21 19:00:00,4.531479221908588,0.004595983526201893,5.18563984962699
T2,2026-01-21 19:10:00,6.7176007144703425,0.06652565344416997,5.446717728721546
T2,2026-01-21 19:20:00,5.602080995453912,0.0241418799753196,4.675483231448569
T2,2026-01-21 19:30:00,5.945412990936287,0.0316402595628006,4.427932764978024
T2,2026-01-21 19:40:00,6.416169863095315,0.04953723844420881,5.034559974202832
T2,2026-01-21 19:50:00,5.909604600048166,0.030542014871471488,5.12256490564469
T2,2026-01-21 20:00:00,5.519979968386697,0.02188525266868349,4.260955522864192
T2,2026-01-21 20:10:00,3.8134847210191007,0.0006906660455471923,3.8406526153252747
T2,2026-01-21 20:20:00,7.268734795078776,0.09871661276068938,6.621366861199702
T2,2026-01-21 20:30:00,4.154405354389501,0.002065940511527758,4.257783498781686
T2,2026-01-21 20:40:00,3.0256995532725663,2.2098846367569556e-08,6.064718668143982
T2,2026-01-21 20:50:00,5.470519815659324,0.020417247422157822,4.73781704495518
T2,2026-01-21 21:00:00,4.384568776021444,0.0035203033441008605,4.610008430780215
T2,2026-01-21 21:10:00,3.394193577459726,7.965939141184225e-05,7.071560167319834
T2,2026-01-21 21:20:00,4.064012771497793,0.0016494324926035267,4.469511872985534
T2,2026-01-21 21:30:00,2.571415817759554,0.0,4.599056421732775
T2,2026-01-21 21:40:00,3.884765300781798,0.000871506718011573,2.8713384288868733
T2,2026-01-21 21:50:00,4.74306817838186,0.007136033010616094,4.799993127854132
T2,2026-01-21 22:00:00,7.078745488632216,0.08746924996793186,4.166310488110352
T2,2026-01-21 22:10:00,5.840851543712627,0.028508939791145875,3.66394067543105
T2,2026-01-21 22:20:00,6.27917782315005,0.045973733838906856,5.524515245303881
T2,2026-01-21 22:30:00,4.529540274821236,0.004775289088205219,4.738626708121516
T2,2026-01-21 22:40:00,4.747707662593758,0.007163025132265052,5.5404244136318255
T2,2026-01-21 22:50:00,5.110242647178033,0.012699869653079683,5.7097147313108305
T2,2026-01-21 23:00:00,3.4203451937424347,9.779495622553219e-05,4.865220867172832
T2,2026-01-21 23:10:00,4.0201924423650555,0.0014541850438103481,5.073871895639949
T2,2026-01-21 23:20:00,5.648822628362013,0.02295221361410081,4.332020607052352
T2,2026-01-21 23:30:00,4.507933340342211,0.004271196483358154,7.178476550032222
T2,2026-01-21 23:40:00,2.217903670437067,0.0,5.8427455668752994
T2,2026-01-21 23:50:00,4.723664803474416,0.00633629521279128,5.8378671409378935
T2,2026-01-22 00:00:00,2.82290283833562,0.0,3.2732522507476878
T2,2026-01-22 00:10:00,6.20675891286779,0.044562746551913814,5.595723420902338
T2,2026-01-22 00:20:00,6.958511548750547,0.08082688919423504,4.928658499651668
T2,2026-01-22 00:30:00,4.394174781622856,0.003658621329802598,5.137757272467629
T2,2026-01-22 00:40:00,4.972563765551765,0.010465245244010294,3.814479564468126
T2,2026-01-22 00:50:00,3.2573974412026647,2.1750584069724253e-05,6.483182508539857
T2,2026-01-22 01:00:00,3.8684555127756903,0.0008408234617872614,5.978645310348064
T2,2026-01-22 01:10:00,4.221878793143625,0.002405753164433156,3.759610192654441
T2,2026-01-22 01:20:00,4.29814484326646,0.0028668810313853274,4.737540606821909
T2,2026-01-22 01:30:00,3.8869668016569996,0.0008645241087455685,3.664429246287699
T2,2026-01-22 01:40:00,4.366817460491812,0.0032415304225231908,4.021120763223772
T2,2026-01-22 01:50:00,3.7352171204759017,0.0004915998691534111,6.720017901639185
T2,2026-01-22 02:00:00,5.307577253730464,0.016206338587108255,5.655968471070389
T2,2026-01-22 02:10:00,4.682255085938144,0.006006929216194224,3.831121811956222
T2,2026-01-22 02:20:00,6.577766831668518,0.06037649418910778,4.405626812894158
T2,2026-01-22 02:30:00,4.048127971326597,0.0015604782973757236,5.72476594981798
T2,2026-01-22 02:40:00,5.789857458467465,0.029644809539341548,5.434748969935971
T2,2026-01-22 02:50:00,5.2669938795162405,0.014781911178300617,3.115679660753048
T2,2026-01-22 03:00:00,4.890512672095617,0.008806352924374247,5.258706970104806
T2,2026-01-22 03:10:00,7.41573618130829,0.11707093701592448,3.4706966730206985
T2,2026-01-22 03:20:00,7.12019415532699,0.09394490656897825,5.907818045501057
T2,2026-01-22 03:30:00,4.90736500864461,0.00885228582241354,3.9772970331902493
T2,2026-01-22 03:40:00,7.569230660112064,0.12658503883489777,4.6599445385742575
T2,2026-01-22 03:50:00,3.7449593585055005,0.0005252839734511323,6.728130787667761
T2,2026-01-22 04:00:00,4.930157372826605,0.009234847860964403,6.4936149406010335
T2,2026-01-22 04:10:00,4.228545250388225,0.0024088929131852975,4.35522458280831
T2,2026-01-22 04:20:00,5.424701719686824,0.019521769783639942,6.821604018849384
T2,2026-01-22 04:30:00,6.455658285514796,0.054674214935203296,5.150709819733546
T2,2026-01-22 04:40:00,5.733783657506742,0.0253057893691699,5.6527245508594515
T2,2026-01-22 04:50:00,6.146518340976356,0.038645688030330236,5.392347866080431
T2,2026-01-22 05:00:00,8.746904578141745,0.24881357752835795,4.516844869540868
T2,2026-01-22 05:10:00,6.25849593125475,0.044158100868319373,4.309719418634467
T2,2026-01-22 05:20:00,5.678735663651314,0.025096272646032786,5.856871660574041
T2,2026-01-22 05:30:00,7.712653069127911,0.13718944894075905,4.13162848987847
T2,2026-01-22 05:40:00,6.384347256966895,0.05151180049721102,2.751022085360797
T2,2026-01-22 05:50:00,6.712375144888157,0.06993095259303422,6.584401894911757
T2,2026-01-22 06:00:00,5.359429277385474,0.017473582023429312,3.8446787768277204
T2,2026-01-22 06:10:00,6.213860072606415,0.041709800371800665,5.471522255995139
T2,2026-01-22 06:20:00,7.48006843003289,0.12248184398809732,4.7071952496104945
T2,2026-01-22 06:30:00,5.445286021187836,0.019892424778887606,3.796466469648548
T2,2026-01-22 06:40:00,7.682068811700414,0.12816789816288676,4.392937091249593
T2,2026-01-22 06:50:00,7.099210910740273,0.08681946488779231,3.1153895737783017
T2,2026-01-22 07:00:00,6.130392415368478,0.040393507943455344,4.762227251231884
T2,2026-01-22 07:10:00,7.105906374635022,0.09063545749882897,3.9834577465795986
T2,2026-01-22 07:20:00,6.419147017834168,0.05132245804251069,4.962964365612267
T2,2026-01-22 07:30:00,9.234589853077484,0.33237604578388535,2.32657105033712
T2,2026-01-22 07:40:00,6.504387215282868,0.05738215475525359,4.112341632732053
T2,2026-01-22 07:50:00,9.01148981593035,0.2718204308144641,5.663724640859939
T2,2026-01-22 08:00:00,8.576945989687598,0.2325608494769197,5.246361762881464
T2,2026-01-22 08:10:00,9.12751773181478,0.2919116925284545,4.829435953629972
T2,2026-01-22 08:20:00,9.072272264194757,0.29759687401335694,6.181649284992108
T2,2026-01-22 08:30:00,8.534457348096883,0.21336898572902405,5.137882933123918
T2,2026-01-22 08:40:00,9.67826429740316,0.39245581948123026,4.238115612982544
T2,2026-01-22 08:50:00,8.689405977274973,0.23671703053487003,2.8099703250293215
T2,2026-01-22 09:00:00,8.227800776982999,0.19418793235628637,3.7971727687945283
T2,2026-01-22 09:10:00,8.999521840696612,0.2703718589905378,3.71228060939642
T2,2026-01-22 09:20:00,9.491592043185149,0.3474740468672716,5.797116109892697
T2,2026-01-22 09:30:00,6.634054150944481,0.061926718600952654,5.520949404709659
T2,2026-01-22 09:40:00,9.658070765232758,0.40186929475493627,5.062619275997024
T2,2026-01-22 09:50:00,9.626673405228372,0.3787411207492714,4.713883653649945
T2,2026-01-22 10:00:00,9.062311484752989,0.29953006146159694,6.063196029566715
T2,2026-01-22 10:10:00,8.110767559598614,0.17610225246533676,5.1707176306575775
T2,2026-01-22 10:20:00,10.828549117170517,0.620161351780362,4.489265416325632
T2,2026-01-22 10:30:00,9.387431867019696,0.3419526459673747,3.8780843467458865
T2,2026-01-22 10:40:00,10.435248334998606,0.5183082348376964,6.588651447757151
T2,2026-01-22 10:50:00,11.456467054362939,0.7929682968896553,3.72702589255203
T2,2026-01-22 11:00:00,6.74847068291742,0.06557197261297242,5.990949798036885
T2,2026-01-22 11:10:00,7.101977783839427,0.08909506595192637,5.075153538737876
T2,2026-01-22 11:20:00,10.948241443484603,0.6866176501836935,6.898863291694746
T2,2026-01-22 11:30:00,7.5564077014319935,0.11777476206368274,5.506635229055527
T2,2026-01-22 11:40:00,7.146343769794991,0.08909257534849015,4.2783697635866496
T2,2026-01-22 11:50:00,10.85848302571409,0.6049350924718638,4.702293825597954
T2,2026-01-22 12:00:00,10.363669200438224,0.5025721075388604,4.27248274969739
T2,2026-01-22 12:10:00,9.95844678656694,0.43705522742862013,4.85193330528944
T2,2026-01-22 12:20:00,9.580618264389713,0.3747527781197746,5.292686398037171
T2,2026-01-22 12:30:00,9.045389778534473,0.27587359684634555,6.3614305366918975
T2,2026-01-22 12:40:00,10.313812863449728,0.4834628488811367,4.472443596447533
T2,2026-01-22 12:50:00,8.981046627881534,0.29002415565434386,3.6861800781418337
T2,2026-01-22 13:00:00,9.161039668499601,0.2944342308090133,4.317073809241117
T2,2026-01-22 13:10:00,10.598224287067785,0.5472101035027059,4.116195312964192
T2,2026-01-22 13:20:00,10.19015508012041,0.4746572126062625,7.7025553704862
T2,2026-01-22 13:30:00,6.924439033177338,0.07837409793167724,6.029476282857983
T2,2026-01-22 13:40:00,7.063848311187757,0.08726622032643672,5.184839549690885
T2,2026-01-22 13:50:00,7.958640896399642,0.15273406562234526,3.2868581612746186
T2,2026-01-22 14:00:00,9.554938642899524,0.3478208378497191,4.239412965845731
T2,2026-01-22 14:10:00,9.441519361843602,0.3360434383442068,5.34624107678137
T2,2026-01-22 14:20:00,10.563004056939336,0.5494022550836193,4.280852150453575
T2,2026-01-22 14:30:00,9.308994930619251,0.3195123283826969,4.014499453411628
T2,2026-01-22 14:40:00,10.180584378639848,0.48801073067519496,3.527102360701152
T2,2026-01-22 14:50:00,10.40535250359525,0.5182822044266562,5.016749189743581
T2,2026-01-22 15:00:00,9.536274739901671,0.3683299159193203,5.542117717685209
T2,2026-01-22 15:10:00,8.347113382260346,0.1985077624829802,4.953782552364906
T2,2026-01-22 15:20:00,9.586830028889699,0.3586578203741174,3.5436913776142935
T2,2026-01-22 15:30:00,7.06107605963009,0.08943974473986759,4.311220378268977
T2,2026-01-22 15:40:00,8.209884462034767,0.1933686468652647,4.653391654604111
T2,2026-01-22 15:50:00,9.537338962331656,0.35542892724136516,5.0043852392194035
T2,2026-01-22 16:00:00,7.323355805573373,0.10526472429553174,5.364265921045833
T2,2026-01-22 16:10:00,6.929810293822961,0.08253758549401549,5.270246928911929
T2,2026-01-22 16:20:00,9.951709417802796,0.44733474649771887,5.59536302239397
T2,2026-01-22 16:30:00,9.122883305167466,0.30494499624136934,3.2636156839494066
T2,2026-01-22 16:40:00,8.367165122549386,0.20642734527422069,5.923401927402926
T2,2026-01-22 16:50:00,10.39634547287562,0.5357493787346886,4.325134674588435
T2,2026-01-22 17:00:00,8.105033704985598,0.1772093787905325,4.190587734402608
T2,2026-01-22 17:10:00,7.063965347022923,0.09202656510960511,4.384643491093919
T2,2026-01-22 17:20:00,7.809556179928136,0.14431290353391324,5.90000536350042
T2,2026-01-22 17:30:00,8.274905381496938,0.18598857542804487,4.209933691488965
T2,2026-01-22 17:40:00,6.902499745375869,0.07769382986697139,5.480560409244858
T2,2026-01-22 17:50:00,6.874593552218435,0.07190290419555455,5.853422339307743
T2,2026-01-22 18:00:00,8.83653953653608,0.24769054430710005,3.8811876091511346
T2,2026-01-22 18:10:00,7.873482227611351,0.15538511708267058,5.7814412605821435
T2,2026-01-22 18:20:00,7.782944122682997,0.1385856735433139,4.047782980787126
T2,2026-01-22 18:30:00,6.963039887501314,0.08080811435592217,5.201826418118223
T2,2026-01-22 18:40:00,6.335860166790772,0.05025078278646952,5.2469184661591495
T2,2026-01-22 18:50:00,8.76229441622821,0.24242296146457898,4.877161119811368
T2,2026-01-22 19:00:00,5.503164904915891,0.019688297637590835,5.133499161605597
T2,2026-01-22 19:10:00,8.171354416064053,0.17802461986826096,5.44155530048205
T2,2026-01-22 19:20:00,7.919730409723419,0.16230350453461465,5.1416378946034405
T2,2026-01-22 19:30:00,4.189117962725898,0.0022256841820945967,5.462857907642157
T2,2026-01-22 19:40:00,8.204883781886442,0.18211849408679776,3.9107053399097556
T2,2026-01-22 19:50:00,6.086557464010772,0.03672682420191525,6.395278932072094
T2,2026-01-22 20:00:00,5.885921139164133,0.03287630891073907,5.698374070758429
T2,2026-01-22 20:10:00,4.462314866236417,0.004123419857483588,6.337420406953521
T2,2026-01-22 20:20:00,5.1865033765176705,0.01389114088026543,5.514769992145718
T2,2026-01-22 20:30:00,6.426489327506795,0.05013358998961775,6.004795372606798
T2,2026-01-22 20:40:00,4.163080264943545,0.002004261920870306,7.277836349445266
T2,2026-01-22 20:50:00,4.533252940902734,0.004868303263594404,6.302637470388616
T2,2026-01-22 21:00:00,5.805680873312597,0.0288424976252681,6.373665492942801
T2,2026-01-22 21:10:00,4.75674299924836,0.006726060973775948,5.425193931318911
T2,2026-01-22 21:20:00,4.540619438303805,0.0049624729740835125,5.607716624899731
T2,2026-01-22 21:30:00,5.374208858533918,0.016943833291065913,5.533724306142191
T2,2026-01-22 21:40:00,5.182849425720724,0.013258914754213766,4.9419660226581
T2,2026-01-22 21:50:00,6.379173327266866,0.04844719151111435,4.172820424045488
T2,2026-01-22 22:00:00,4.71918580252682,0.006846321492373452,5.610549772443636
T2,2026-01-22 22:10:00,5.1671973356876215,0.013590896000236413,3.6598071409730206
T2,2026-01-22 22:20:00,3.309209102118311,4.0334571325729046e-05,6.258645695637472
T2,2026-01-22 22:30:00,5.6346566172019035,0.024605382064921827,5.4206027539145705
T2,2026-01-22 22:40:00,4.470206021776802,0.00434167217079237,4.5361903378324735
T2,2026-01-22 22:50:00,3.6714959698689276,0.0003922875015429889,5.496856665516807
T2,2026-01-22 23:00:00,1.7029218846639362,0.0,3.312055204859965
T2,2026-01-22 23:10:00,5.185803305144653,0.014180428444549534,4.583237452864551
T2,2026-01-22 23:20:00,4.531621979679023,0.004882769056398467,4.512768772813061
T2,2026-01-22 23:30:00,5.250067227071473,0.014722240010629441,4.212146363317889
T2,2026-01-22 23:40:00,3.9319710973933915,0.0010884292487278124,6.597164630392072
T2,2026-01-22 23:50:00,4.641660724820921,0.005850642507168985,4.632910045900933
T2,2026-01-23 00:00:00,5.489200254190948,0.01932724535690332,5.394968494352231
T2,2026-01-23 00:10:00,3.9557350945213234,0.001156101372585695,4.985897029489348
T2,2026-01-23 00:20:00,6.749103466676074,0.0683609950894399,5.9467915462348255
T2,2026-01-23 00:30:00,3.701297477834797,0.00044642346586569687,4.558328624218035
T2,2026-01-23 00:40:00,6.6150851489828675,0.05878873753702068,4.2352841703967945
T2,2026-01-23 00:50:00,4.679295021229555,0.006141547519364921,5.678379798087594
T2,2026-01-23 01:00:00,4.788523402354759,0.007800607376956723,4.386390660746995
T2,2026-01-23 01:10:00,3.8281701976009854,0.0007615975716615412,4.679900509510107
T2,2026-01-23 01:20:00,1.8310104157251494,0.0,6.805314159882101
T2,2026-01-23 01:30:00,3.2144939839249345,1.257484313059119e-05,5.72399445431732
T2,2026-01-23 01:40:00,4.600809769703608,0.005424807297547603,5.854697941406542
T2,2026-01-23 01:50:00,4.254762285469596,0.0027049271693124423,6.628730802507953
T2,2026-01-23 02:00:00,6.295753610380804,0.04712587290260583,5.762775771651002
T2,2026-01-23 02:10:00,4.587564395311705,0.005325011555353931,5.934665891260522
T2,2026-01-23 02:20:00,6.76946963442268,0.07225078438312288,6.38615923011253
T2,2026-01-23 02:30:00,6.444354823756006,0.05301074320647578,5.254020366823078
T2,2026-01-23 02:40:00,5.188434730876677,0.013935031475031855,4.359386147709411
T2,2026-01-23 02:50:00,5.348316379456649,0.017307168094824073,4.611853277982078
T2,2026-01-23 03:00:00,3.935527762804516,0.0010311047071870272,4.0260936756783545
T2,2026-01-23 03:10:00,5.808918856128885,0.027402846303184285,5.727929419551021
T2,2026-01-23 03:20:00,5.538594159035084,0.02045493368183748,5.275447220554057
T2,2026-01-23 03:30:00,5.485581256300788,0.019973517408879496,5.134062034830403
T2,2026-01-23 03:40:00,6.486220824136021,0.055569399488958234,3.44455037103907
T2,2026-01-23 03:50:00,4.301343708140003,0.0028446156635555607,4.9370127414553195
T2,2026-01-23 04:00:00,7.03562807580313,0.08307081742873225,4.604408257089908
T2,2026-01-23 04:10:00,7.727990198163054,0.13160520168586534,6.937876405120889
T2,2026-01-23 04:20:00,4.400292067357555,0.0034900315607498578,6.610910275341981
T2,2026-01-23 04:30:00,6.413755236441048,0.05194422459319414,4.83447031492212
T2,2026-01-23 04:40:00,6.144945054415575,0.03999508075785531,5.055008184571255
T2,2026-01-23 04:50:00,5.943291780446866,0.03299105024202988,5.9718131683798275
T2,2026-01-23 05:00:00,8.748904845626358,0.23801371099007612,4.335716190687758
T2,2026-01-23 05:10:00,5.728079592489612,0.026048952370508874,4.0639602493978355
T2,2026-01-23 05:20:00,4.82078102785301,0.008177788764582672,5.9595568648690955
T2,2026-01-23 05:30:00,8.000641733324585,0.16544023710845784,4.794666403336322
T2,2026-01-23 05:40:00,7.73463000330817,0.14488178563149973,5.891815077941423
T2,2026-01-23 05:50:00,6.069636552599718,0.036025449602452415,4.079759933164018
T2,2026-01-23 06:00:00,6.116536434250953,0.040227142630842365,3.2582385357715724
T2,2026-01-23 06:10:00,6.706334679116422,0.06906441686611017,6.458171700593208
T2,2026-01-23 06:20:00,5.952711357788923,0.032019556111871426,6.702396549709233
T2,2026-01-23 06:30:00,8.502726334197487,0.2098572876020543,4.333571168375278
T2,2026-01-23 06:40:00,6.441328975315758,0.0558892664960999,5.289934390982339
T2,2026-01-23 06:50:00,7.8315771033391295,0.1446918430491299,4.693467393986079
T2,2026-01-23 07:00:00,6.1364691698891045,0.04059349029720859,4.7721101939067525
T2,2026-01-23 07:10:00,7.048367268775115,0.0886144213830562,5.323897127742803
T2,2026-01-23 07:20:00,7.06181588576,0.08456664459569063,4.100909713011474
T2,2026-01-23 07:30:00,8.837685492323281,0.25594300264139797,3.0179715704977657
T2,2026-01-23 07:40:00,10.32416493125059,0.5275437238801891,6.963298653207562
T2,2026-01-23 07:50:00,8.869046424097265,0.2754771769576701,5.739176025345204
T2,2026-01-23 08:00:00,7.844607300707968,0.14569531606281946,4.314388261599974
T2,2026-01-23 08:10:00,7.6022614847980075,0.12231281248802262,4.420791228640932
T2,2026-01-23 08:20:00,7.626835423198687,0.13077960915959352,5.027424057145172
T2,2026-01-23 08:30:00,7.044860468415166,0.08845075061201127,6.649208497963595
T2,2026-01-23 08:40:00,8.139798844285265,0.18305743972007416,4.93940096254403
T2,2026-01-23 08:50:00,8.432042076807134,0.21375647016141436,5.114543506886511
T2,2026-01-23 09:00:00,10.695449534896962,0.5982916292824612,4.499754684518673
T2,2026-01-23 09:10:00,9.595545264223055,0.3635747328587659,4.250816229463954
T2,2026-01-23 09:20:00,10.875532556691084,0.6687830631942471,5.537547993727527
T2,2026-01-23 09:30:00,6.3240948493140765,0.046694452208785445,6.959727705039157
T2,2026-01-23 09:40:00,8.150258327826835,0.17788387749201412,5.9066604762817185
T2,2026-01-23 09:50:00,9.529247266849767,0.3580290363198485,5.532760585310346
T2,2026-01-23 10:00:00,9.600546908911385,0.3921232567862185,5.072574891886408
T2,2026-01-23 10:10:00,11.842764826542043,0.8949719791818587,5.397996135631563
T2,2026-01-23 10:20:00,9.812928055433595,0.425335053224308,6.019473955278913
T2,2026-01-23 10:30:00,9.612776547193066,0.38869838222333847,4.873950524032929
T2,2026-01-23 10:40:00,8.047876118199792,0.17559401897695842,7.139294506145878
T2,2026-01-23 10:50:00,9.498663928465994,0.3611012107165212,5.115522904311588
T2,2026-01-23 11:00:00,8.822588128092812,0.2602840750160536,4.705308189553578
T2,2026-01-23 11:10:00,9.267725325904168,0.3158794783624811,6.665491641877942
T2,2026-01-23 11:20:00,10.182350484608314,0.4737487159718132,6.420990425616314
T2,2026-01-23 11:30:00,9.214466719091236,0.3180960259538877,5.834308746639969
T2,2026-01-23 11:40:00,6.5420495773569325,0.05603189163098534,4.507318869248153
T2,2026-01-23 11:50:00,10.394684464641044,0.5307242262053766,5.433014088788402
T2,2026-01-23 12:00:00,8.496797591292637,0.21088945902007608,6.598948561862803
T2,2026-01-23 12:10:00,10.256928020154868,0.5229387364245488,4.884824086110153
T2,2026-01-23 12:20:00,9.664887822350694,0.3819062946547005,4.14106877439468
T2,2026-01-23 12:30:00,10.044663515771386,0.4641504294482163,6.917114465146299
T2,2026-01-23 12:40:00,8.986633603457836,0.2718684170003147,5.016733093575807
T2,2026-01-23 12:50:00,8.88421669024667,0.26983366074437953,4.712457503281821
T2,2026-01-23 13:00:00,8.760032332875427,0.2616916273216512,4.3248145422489115
T2,2026-01-23 13:10:00,9.937395145254598,0.44724220550494037,3.6423470817941146
T2,2026-01-23 13:20:00,10.68215353745732,0.5839005665172301,4.551819394248352
T2,2026-01-23 13:30:00,8.035305335012126,0.15883598173517027,5.660171415091598
T2,2026-01-23 13:40:00,7.23360207744291,0.10078185279026261,5.659003508899803
T2,2026-01-23 13:50:00,9.364641663058014,0.33746199240691804,5.2010519837900695
T2,2026-01-23 14:00:00,9.473732719062449,0.3607326843893571,4.309622156399614
T2,2026-01-23 14:10:00,9.028335838930985,0.2891823288066589,6.1914496224053845
T2,2026-01-23 14:20:00,9.851491550286813,0.4257980779572262,5.447737305281995
T2,2026-01-23 14:30:00,8.87869562616492,0.26485104915356034,5.885172401613553
T2,2026-01-23 14:40:00,9.259840237985552,0.3272616300405833,5.937329103397838
T2,2026-01-23 14:50:00,9.259444872987311,0.3175535703333268,3.742381208093254
T2,2026-01-23 15:00:00,8.184370243591198,0.18283619543807955,6.691092442332321
T2,2026-01-23 15:10:00,8.342743977052644,0.18837273795192006,5.855961557572504
T2,2026-01-23 15:20:00,8.71933327029642,0.23103403674915568,2.867566994082444
T2,2026-01-23 15:30:00,7.537085400334735,0.12287420670430421,6.109936673125577
T2,2026-01-23 15:40:00,10.314135467088732,0.5344010136102926,4.690954399272364
T2,2026-01-23 15:50:00,8.386343532505437,0.20374830186330745,6.306607625622638
T2,2026-01-23 16:00:00,7.782306800248499,0.13757758959421665,4.877930855966334
T2,2026-01-23 16:10:00,7.323495112830416,0.10897791240136509,4.934238823433077
T2,2026-01-23 16:20:00,9.663284594923697,0.40094349622294656,4.135465664003873
T2,2026-01-23 16:30:00,9.07197996187904,0.2867105010166538,5.201525629534098
T2,2026-01-23 16:40:00,6.977737233376001,0.08278802849373908,4.016630945396353
T2,2026-01-23 16:50:00,6.280993536552613,0.04694446379706963,5.056834877114446
T2,2026-01-23 17:00:00,8.532919577638312,0.21295570116712584,4.770028701390689
T2,2026-01-23 17:10:00,9.507307725562352,0.3443423378428044,6.606645424537934
T2,2026-01-23 17:20:00,6.943266517536556,0.08303923488446009,4.334041298788347
T2,2026-01-23 17:30:00,8.085147815540674,0.1716789569120852,3.6631227552174703
T2,2026-01-23 17:40:00,7.760740021519275,0.14097289995863066,4.897687658144603
T2,2026-01-23 17:50:00,7.304025313192761,0.10822542558747694,5.193646030605016
T2,2026-01-23 18:00:00,8.777577057443398,0.24650014192477934,6.163567102339822
T2,2026-01-23 18:10:00,7.88041476791934,0.1525597021619692,3.550171293263726
T2,2026-01-23 18:20:00,5.5910960015248925,0.02258765210983827,3.0543742880789253
T2,2026-01-23 18:30:00,6.880226371807928,0.07444842289494664,4.1299537838304
T2,2026-01-23 18:40:00,4.981559108936434,0.0104420227239271,4.90695436321805
T2,2026-01-23 18:50:00,5.228356669971703,0.014984800698290966,5.435533504870806
T2,2026-01-23 19:00:00,5.449585233714226,0.018652121731041686,6.027992441114679
T2,2026-01-23 19:10:00,5.7653322250104155,0.02712926164867789,4.994169762274574
T2,2026-01-23 19:20:00,5.484212081353556,0.020088322976349042,4.765846202565576
T2,2026-01-23 19:30:00,6.228873829667231,0.04301959098627107,4.9670482954983735
T2,2026-01-23 19:40:00,6.35476166181952,0.04773087773892394,4.2591859362567615
T2,2026-01-23 19:50:00,6.086877689581958,0.03747739848239276,4.03912382295119
T2,2026-01-23 20:00:00,5.069024789904861,0.011651253201857732,5.946813018401907
T2,2026-01-23 20:10:00,5.819155415150949,0.03058081900349075,4.614566978544686
T2,2026-01-23 20:20:00,6.177864806542816,0.04336627596497867,2.605952936205787
T2,2026-01-23 20:30:00,7.4659557859442245,0.12092309489975805,4.130069897872425
T2,2026-01-23 20:40:00,5.666868187758801,0.025524324778287574,5.7244293967367845
T2,2026-01-23 20:50:00,6.193002635160027,0.04071496828083458,4.7315306985607215
T2,2026-01-23 21:00:00,5.24978899861238,0.01510110023381412,4.878577561574087
T2,2026-01-23 21:10:00,1.730579440135097,0.0,5.761849979399624
T2,2026-01-23 21:20:00,2.730000844931835,0.0,3.763811450511893
T2,2026-01-23 21:30:00,5.901289156432922,0.031629020701018334,4.525152185962153
T2,2026-01-23 21:40:00,5.790639560044599,0.0293946264545608,5.911564959060315
T2,2026-01-23 21:50:00,4.059060442091907,0.0015158452813211801,5.618167538606754
T2,2026-01-23 22:00:00,3.1305405715516637,3.023154104830428e-06,5.78569179101005
T2,2026-01-23 22:10:00,5.683306645951637,0.02590641635269403,4.455997943935515
T2,2026-01-23 22:20:00,5.59037649183942,0.022213120209506273,4.694996043160648
T2,2026-01-23 22:30:00,1.7035611034916966,0.0,3.1228810414507886
T2,2026-01-23 22:40:00,3.2152981229661286,1.3567505911959912e-05,5.1287985787970545
T2,2026-01-23 22:50:00,4.635503701273735,0.0059153318429681,4.754198009974982
T2,2026-01-23 23:00:00,5.747408906894622,0.027298128990408753,4.442587262611671
T2,2026-01-23 23:10:00,4.1692193366009445,0.002142443744509107,4.08890679264247
T2,2026-01-23 23:20:00,4.558568329579478,0.004789437905238886,6.299209488925822
T2,2026-01-23 23:30:00,6.141395408052219,0.039311971136883866,5.126029004845363
T2,2026-01-23 23:40:00,4.862020099600349,0.00839746385004793,5.8353982919301295
T2,2026-01-23 23:50:00,5.550284842073555,0.022612981154248587,4.535104936420719
T2,2026-01-24 00:00:00,4.7331985830492505,0.0067208595907439226,6.399198879529621
T2,2026-01-24 00:10:00,6.089909246239483,0.039172911166303816,6.271262332239806
T2,2026-01-24 00:20:00,4.477059452818524,0.004115940642246458,5.617355864916396
T2,2026-01-24 00:30:00,4.772959196197281,0.007099550885190231,5.200093633633291
T2,2026-01-24 00:40:00,5.213916540495225,0.013698581154433148,5.4653162685967
T2,2026-01-24 00:50:00,5.057531796350626,0.011831368787945976,5.680367545626832
T2,2026-01-24 01:00:00,5.365090077023191,0.017720366842952227,6.552808859955928
T2,2026-01-24 01:10:00,5.492800575539229,0.020784642788184222,4.663629064805868
T2,2026-01-24 01:20:00,4.873645331245644,0.008127592843845682,5.217931165788843
T2,2026-01-24 01:30:00,4.480598917424423,0.004207866847460482,6.112290853422278
T2,2026-01-24 01:40:00,6.306163758063851,0.04527625812401697,5.635903862370387
T2,2026-01-24 01:50:00,4.981579901348814,0.010108961965455741,4.143275262056256
T2,2026-01-24 02:00:00,5.14684678339684,0.012230865575440245,6.076920879524716
T2,2026-01-24 02:10:00,3.416869754360942,9.455741076475105e-05,5.036809441430532
T2,2026-01-24 02:20:00,4.452990188134294,0.004005267685970888,4.588406109118828
T2,2026-01-24 02:30:00,3.655821399704923,0.000364545025870188,4.350933847710727
T2,2026-01-24 02:40:00,5.6307663237990955,0.02395208323560255,4.930516910521373
T2,2026-01-24 02:50:00,4.751026385655411,0.006967342808883994,5.185055697735666
T2,2026-01-24 03:00:00,4.203970031617005,0.002305233335614822,3.6989172432642494
T2,2026-01-24 03:10:00,6.649275939452105,0.06433813301129253,5.648321348873895
T2,2026-01-24 03:20:00,5.610094383505732,0.02323715160860635,6.388773161195139
T2,2026-01-24 03:30:00,5.20641731304366,0.013526713897692104,5.40388038125622
T2,2026-01-24 03:40:00,8.349153370038007,0.19953517546920202,4.505707848866108
T2,2026-01-24 03:50:00,6.151282404681262,0.03883037281809499,5.000737709586197
T2,2026-01-24 04:00:00,3.226734614384879,1.5408371787462645e-05,6.504021526307066
T2,2026-01-24 04:10:00,7.511509630875613,0.12079947313790446,5.045206462404447
T2,2026-01-24 04:20:00,6.458639633131196,0.05637015604302738,5.429590882904373
T2,2026-01-24 04:30:00,9.04495768530693,0.3022620185972686,5.232688671422224
T2,2026-01-24 04:40:00,8.316066223646246,0.1862094985985383,4.21065829452583
T2,2026-01-24 04:50:00,5.413986358554319,0.01894001060565333,4.874369734810345
T2,2026-01-24 05:00:00,7.161154132432477,0.09450537016508807,3.955672804282218
T2,2026-01-24 05:10:00,4.774372669866498,0.006911760927262736,4.709215473575703
T2,2026-01-24 05:20:00,6.697148227026895,0.06292610051521548,6.23001858963163
T2,2026-01-24 05:30:00,5.2714862468352335,0.015010706024368943,3.171256759249736
T2,2026-01-24 05:40:00,6.922496033190354,0.08269224040312591,4.7520564067923905
T2,2026-01-24 05:50:00,7.197943818230622,0.09524258769675573,4.630103230196715
T2,2026-01-24 06:00:00,8.311865601283614,0.18948118372021064,6.8477041010991035
T2,2026-01-24 06:10:00,6.645497669210286,0.06217566630477828,6.2860284961604815
T2,2026-01-24 06:20:00,9.222513547741013,0.3009966467494369,5.808813361021529
T2,2026-01-24 06:30:00,5.292537790559109,0.014906195900507638,5.650418871493153
T2,2026-01-24 06:40:00,6.273214951369988,0.04599511788127668,6.46740760257126
T2,2026-01-24 06:50:00,7.59738519863737,0.13305450560832793,3.51568502824819
T2,2026-01-24 07:00:00,7.626118986467549,0.13004162772119576,5.007409573163901
T2,2026-01-24 07:10:00,6.037470838400768,0.038388786737804645,6.554913169517244
T2,2026-01-24 07:20:00,9.66156564247093,0.3868643688898632,6.806856993935364
T2,2026-01-24 07:30:00,8.181739198736246,0.17391386000597742,5.5680803987407055
T2,2026-01-24 07:40:00,7.172574753362005,0.09720921804494062,4.752368581921891
T2,2026-01-24 07:50:00,7.7279799187948734,0.13899678088731213,3.744666743076034
T2,2026-01-24 08:00:00,8.545675275725525,0.22033543815295245,5.041940532227876
T2,2026-01-24 08:10:00,8.423523411386515,0.21487329440488184,5.799351962627874
T2,2026-01-24 08:20:00,7.322092301305309,0.10643045195150176,5.398866618344078
T2,2026-01-24 08:30:00,8.792076587459439,0.26281378212790424,6.022029899469553
T2,2026-01-24 08:40:00,9.90390785586563,0.43939141998811027,5.854264110288723
T2,2026-01-24 08:50:00,7.638547285030281,0.13275193439375238,4.996577775061366
T2,2026-01-24 09:00:00,8.924600461508112,0.26798898588882303,5.105160724938625
T2,2026-01-24 09:10:00,8.531856157803848,0.22103561587847464,2.759313603353186
T2,2026-01-24 09:20:00,8.932510979615392,0.26323577390807645,4.679855387846512
T2,2026-01-24 09:30:00,10.09766248501708,0.4643541446946107,4.189565863115997
T2,2026-01-24 09:40:00,7.526038602695995,0.12079436683603977,4.109594850483553
T2,2026-01-24 09:50:00,7.864026291895179,0.1465925583434823,5.511207421429912
T2,2026-01-24 10:00:00,8.936072059805886,0.2819207038665803,5.708536706414013
T2,2026-01-24 10:10:00,10.684413429323753,0.5674907619256758,6.150183370128471
T2,2026-01-24 10:20:00,10.982027154611218,0.664970365691561,4.205284676844878
T2,2026-01-24 10:30:00,9.409623781532062,0.343754740156207,4.9382120910334555
T2,2026-01-24 10:40:00,9.48083832775737,0.3632478818719006,4.50254633760754
T2,2026-01-24 10:50:00,8.92591440999741,0.2769726041881285,5.470124225521266
T2,2026-01-24 11:00:00,8.261587111358574,0.1888642093388794,7.52179208981371
T2,2026-01-24 11:10:00,10.368673161531026,0.5285474301869436,3.7458523564443187
T2,2026-01-24 11:20:00,10.263135587889451,0.47918079475877157,4.863060367176717
T2,2026-01-24 11:30:00,9.750619757703689,0.4217746356154132,5.878376917745737
T2,2026-01-24 11:40:00,9.411848781602155,0.3282105709808189,6.888137222795181
T2,2026-01-24 11:50:00,10.067609393088725,0.47457216714783135,5.619856286285259
T2,2026-01-24 12:00:00,8.718664229961195,0.25519928995832203,4.79252440791793
T2,2026-01-24 12:10:00,9.705391466166759,0.41108627908469103,5.435060807318512
T2,2026-01-24 12:20:00,8.24294289520673,0.19110276792587505,6.743414174373158
T2,2026-01-24 12:30:00,9.868590576267938,0.40067358694492017,4.093023104194827
T2,2026-01-24 12:40:00,10.771009614081319,0.5917175458639219,5.577143403352514
T2,2026-01-24 12:50:00,7.919688361179082,0.15775990381346022,6.026215533723185
T2,2026-01-24 13:00:00,8.462826176252676,0.20903968711760823,3.133010450358747
T2,2026-01-24 13:10:00,10.819177471112306,0.6191911309043538,5.016978762497264
T2,2026-01-24 13:20:00,8.843896531955382,0.25579567081590693,5.612507935393207
T2,2026-01-24 13:30:00,10.99069749423193,0.6887429441754364,5.890367807880098
T2,2026-01-24 13:40:00,7.860053458671936,0.15696409747904339,5.801583314819719
T2,2026-01-24 13:50:00,9.286057925840494,0.31988048797638846,5.27433542630536
T2,2026-01-24 14:00:00,8.87926731048824,0.26101945436299295,5.388780102355119
T2,2026-01-24 14:10:00,10.843315522353244,0.6298334332664175,4.880994264294121
T2,2026-01-24 14:20:00,9.423233661602556,0.34610059194015846,4.560245218321511
T2,2026-01-24 14:30:00,5.3546375761449205,0.017189773576151552,5.8059761158656205
T2,2026-01-24 14:40:00,9.348326887253782,0.32099404324697384,4.414949224288301
T2,2026-01-24 14:50:00,8.226303373102,0.17768007802444788,3.6467478887150557
T2,2026-01-24 15:00:00,6.716771565917821,0.06977064259593359,4.124855881070197
T2,2026-01-24 15:10:00,8.882448032851254,0.2557380560403591,4.660404870027673
T2,2026-01-24 15:20:00,6.330007366276369,0.04674728191595975,5.864518614180731
T2,2026-01-24 15:30:00,10.08957006990285,0.4566478743338943,5.203851754881709
T2,2026-01-24 15:40:00,6.508871453212903,0.05478581687816624,7.602729728941183
T2,2026-01-24 15:50:00,8.081564642395234,0.16764891431133036,4.489420961434449
T2,2026-01-24 16:00:00,9.78047677822542,0.3938531117133775,4.943565989467714
T2,2026-01-24 16:10:00,8.58468258924036,0.23667516788342352,2.6448531279206504
T2,2026-01-24 16:20:00,9.573447358598782,0.35476188476034076,6.884881214215489
T2,2026-01-24 16:30:00,7.853630659073051,0.1484994344029512,4.868970800889516
T2,2026-01-24 16:40:00,8.474689698648692,0.21981970928865335,4.6995515973671775
T2,2026-01-24 16:50:00,9.87033066338333,0.4039153722832215,3.7163536723794754
T2,2026-01-24 17:00:00,5.978563502203422,0.03613533557546114,7.4315493501910606
T2,2026-01-24 17:10:00,5.5857400335268,0.023276690647032142,5.1089204108799855
T2,2026-01-24 17:20:00,6.889568469132889,0.0778390363600106,4.932653047137244
T2,2026-01-24 17:30:00,5.479115466239438,0.01980311345252832,4.595856585322439
T2,2026-01-24 17:40:00,5.6615196728443244,0.02476620155128082,4.602674711835969
T2,2026-01-24 17:50:00,7.750206329931722,0.14618640223596632,5.682980914239135
T2,2026-01-24 18:00:00,6.693039464723867,0.06629642817773267,5.168135695074548
T2,2026-01-24 18:10:00,7.293419541440031,0.09798396056437615,5.620884437725936
T2,2026-01-24 18:20:00,7.952443362897859,0.16531621303098173,5.573953413322789
T2,2026-01-24 18:30:00,7.677539090333136,0.1338577926302759,4.002946897872782
T2,2026-01-24 18:40:00,6.774667210468889,0.07374344249178622,5.414501724615528
T2,2026-01-24 18:50:00,7.7071317650209235,0.13695960730408985,4.979451587205333
T2,2026-01-24 19:00:00,6.7212254131733555,0.06498338799504812,5.142173859977521
T2,2026-01-24 19:10:00,8.512172609242484,0.2248002104285581,6.6674991228145775
T2,2026-01-24 19:20:00,5.263363786039914,0.015727423299728375,4.068800627614111
T2,2026-01-24 19:30:00,4.359200978748419,0.0032215719291747045,4.397537804955701
T2,2026-01-24 19:40:00,5.200794528317154,0.014018724563758545,4.665945117773601
T2,2026-01-24 19:50:00,4.605465294158895,0.005673605196476772,5.609975329357998
T2,2026-01-24 20:00:00,4.955196049726399,0.009548620689409398,5.827527764711791
T2,2026-01-24 20:10:00,3.642929143195659,0.0003566756238112049,4.415030841363882
T2,2026-01-24 20:20:00,6.944309549724969,0.07793584233655587,5.774256096832577
T2,2026-01-24 20:30:00,6.930836285017811,0.0786374149695153,5.663987381032799
T2,2026-01-24 20:40:00,4.452852462881977,0.004005426383659742,3.474347882747993
T2,2026-01-24 20:50:00,5.2363640370698095,0.013976250566201526,4.648950645754553
T2,2026-01-24 21:00:00,5.547642573179476,0.021194587486149975,5.8178519411372385
T2,2026-01-24 21:10:00,5.098564299022489,0.011748655843458806,6.008352251249606
T2,2026-01-24 21:20:00,9.072481094588362,0.29767001886624783,5.321164474588944
T2,2026-01-24 21:30:00,6.283824430711945,0.04378925566320833,6.224299411243957
T2,2026-01-24 21:40:00,5.41086788349044,0.018548310057951944,4.534307456107093
T2,2026-01-24 21:50:00,4.9249280294852396,0.009556563290060952,5.439915365011302
T2,2026-01-24 22:00:00,3.2499438697788907,2.0917266787512858e-05,7.181428494285674
T2,2026-01-24 22:10:00,4.278998201679536,0.0027168507150586046,5.633494854503465
T2,2026-01-24 22:20:00,4.182753672345544,0.002243350228312534,5.646130921391192
T2,2026-01-24 22:30:00,5.466121464427909,0.020194773011099443,5.346741856635485
T2,2026-01-24 22:40:00,5.3015668465296155,0.01651631792235384,5.073962510284069
T2,2026-01-24 22:50:00,5.4648263569559665,0.01905885449568046,3.8547985349486504
T2,2026-01-24 23:00:00,4.50169522143164,0.004641054769529744,4.812640486914271
T2,2026-01-24 23:10:00,4.483833205406646,0.0042711930020996975,4.080294946617758
T2,2026-01-24 23:20:00,1.862965958766602,0.0,6.122536075364418
T2,2026-01-24 23:30:00,5.986129494088798,0.03327701723411973,4.508545507243398
T2,2026-01-24 23:40:00,6.701564651204459,0.069316795273702,4.640008339686789
T2,2026-01-24 23:50:00,2.104954378859921,0.0,3.9749421181794036
T2,2026-01-25 00:00:00,3.9503783019711944,0.001150440155449147,6.305855210088116
T2,2026-01-25 00:10:00,3.218551919252466,1.3688553203138915e-05,4.449010003043598
T2,2026-01-25 00:20:00,5.065698765055497,0.011672667069977874,5.306836971082137
T2,2026-01-25 00:30:00,5.123475226774051,0.012750667094367079,4.8987999003810545
T2,2026-01-25 00:40:00,4.2154109241293805,0.0024393326152477813,3.855157736973717
T2,2026-01-25 00:50:00,3.1344504138756784,3.025961656247129e-06,6.717489723055969
T2,2026-01-25 01:00:00,3.0953525074605217,1.0866134613676743e-06,4.191740660032191
T2,2026-01-25 01:10:00,3.2990249054389915,3.600618444483763e-05,5.718977381695023
T2,2026-01-25 01:20:00,3.6630574173901533,0.00037772140147406566,4.751780291790745
T2,2026-01-25 01:30:00,3.731722987585629,0.0005074815665260383,5.449530066208492
T2,2026-01-25 01:40:00,3.1972637208054815,1.0305243126178009e-05,7.407548093371276
T2,2026-01-25 01:50:00,4.609496034085333,0.005690985641888377,4.628547287104609
T2,2026-01-25 02:00:00,4.382145610623821,0.003602980026972978,4.711977037147748
T2,2026-01-25 02:10:00,4.651539906809783,0.006037698611643674,4.939782614984006
T2,2026-01-25 02:20:00,4.91160315218509,0.009469591382727027,5.896964247073987
T2,2026-01-25 02:30:00,5.304919652909105,0.01645679588927462,3.841474806628253
T2,2026-01-25 02:40:00,4.8438852272345985,0.008539291701484037,6.372100949870371
T2,2026-01-25 02:50:00,5.388199695432177,0.016966267708048318,5.286906752677928
T2,2026-01-25 03:00:00,4.83979748345542,0.008139196560251184,4.5927361414384915
T2,2026-01-25 03:10:00,4.612167629946222,0.005290995737833163,6.477302368201762
T2,2026-01-25 03:20:00,5.800349608273453,0.027786828581643074,4.628670876235598
T2,2026-01-25 03:30:00,4.5010704253071285,0.004193399515416178,4.887301510289349
T2,2026-01-25 03:40:00,7.260807639444975,0.1012472593772961,6.323391656418445
T2,2026-01-25 03:50:00,4.575873411016317,0.004966780477617283,5.151574425657414
T2,2026-01-25 04:00:00,5.6534099273951695,0.023117321627961752,4.774153588996836
T2,2026-01-25 04:10:00,6.7101522513923015,0.06647945753532374,3.2634727080057826
T2,2026-01-25 04:20:00,6.528381785729309,0.05953241361695465,4.966102091296558
T2,2026-01-25 04:30:00,6.913627932891126,0.07519169382542851,5.31053733349286
T2,2026-01-25 04:40:00,4.88901133084399,0.008639684041392426,4.365578148788746
T2,2026-01-25 04:50:00,5.979975148584106,0.035047900952580924,6.453656566786385
T2,2026-01-25 05:00:00,4.576386180017932,0.005027773471237374,5.034832452372195
T2,2026-01-25 05:10:00,5.637522012901549,0.022801798128834132,5.03341876291128
T2,2026-01-25 05:20:00,6.686961904101801,0.06392512454200612,6.260237766932998
T2,2026-01-25 05:30:00,8.053153301750651,0.1728980712113996,5.542848200239669
T2,2026-01-25 05:40:00,7.800670294473176,0.15114808372877203,6.3019874499056385
T2,2026-01-25 05:50:00,8.073924640704488,0.17659996471644618,3.9490864131172643
T2,2026-01-25 06:00:00,7.587700024213621,0.12963802185517817,5.2425126977259975
T2,2026-01-25 06:10:00,7.800279208007353,0.14303856601089304,5.7353859560506635
T2,2026-01-25 06:20:00,6.661854705948276,0.0657798897555049,5.618554392571487
T2,2026-01-25 06:30:00,8.56928345324674,0.2256181306574782,5.802972416902146
T2,2026-01-25 06:40:00,8.758029681910894,0.25510885035533865,7.107285684778017
T2,2026-01-25 06:50:00,7.2518467406910885,0.09750720658052553,5.022724000225426
T2,2026-01-25 07:00:00,7.151189444832184,0.09588566578732763,4.85801664016791
T2,2026-01-25 07:10:00,7.412171011615685,0.11131623759512288,6.048600103440672
T2,2026-01-25 07:20:00,6.556492178595442,0.05772360238633132,4.799534989456754
T2,2026-01-25 07:30:00,8.923515243825705,0.2682875981386126,5.254990058024242
T2,2026-01-25 07:40:00,7.622071884962376,0.12706851253970106,3.6740008842329988
T2,2026-01-25 07:50:00,6.77843796408551,0.07244948049440762,5.577422536958159
T2,2026-01-25 08:00:00,7.237496770264937,0.10329426189613879,7.104954691277901
T2,2026-01-25 08:10:00,9.316420188308832,0.3387807219128005,3.315435556468671
T2,2026-01-25 08:20:00,10.659661347303423,0.58130199817,4.941111102176863
T2,2026-01-25 08:30:00,6.9596696805752085,0.08005174279554834,5.7091212428440725
T2,2026-01-25 08:40:00,6.652439868363255,0.06550821577884972,4.2299378560709044
T2,2026-01-25 08:50:00,6.369364614892232,0.051883216078659505,6.674748827384807
T2,2026-01-25 09:00:00,9.270331285569403,0.32720661122405514,5.820288099170124
T2,2026-01-25 09:10:00,9.987390243971081,0.43999893075138735,4.9763454166921
T2,2026-01-25 09:20:00,9.086492653797498,0.30857341263676746,4.4615006079740045
T2,2026-01-25 09:30:00,8.712162640530195,0.23713518043174817,5.905982002605146
T2,2026-01-25 09:40:00,8.085408901091593,0.1627967580732197,5.323161532856874
T2,2026-01-25 09:50:00,8.824094356377763,0.26491667968779326,4.869012406265428
T2,2026-01-25 10:00:00,8.287221723004473,0.1848466503433902,4.711864837837055
T2,2026-01-25 10:10:00,8.44001135427855,0.19994505327383388,5.551252946828374
T2,2026-01-25 10:20:00,8.987494205517281,0.27402043965106504,5.986289900548727
T2,2026-01-25 10:30:00,8.971989710724294,0.27717217715290915,4.885057659834272
T2,2026-01-25 10:40:00,9.805492658489142,0.42574561780170017,4.348528596127272
T2,2026-01-25 10:50:00,9.716106654483202,0.4094482378614519,6.065448325577391
T2,2026-01-25 11:00:00,8.674039508535522,0.2454552952683794,3.897208925077572
T2,2026-01-25 11:10:00,8.335166749004832,0.19470072944836775,6.350968938349446
T2,2026-01-25 11:20:00,9.294567208308825,0.3242625309145884,5.925452535590997
T2,2026-01-25 11:30:00,9.097063926435633,0.29943911715246263,4.682264131127325
T2,2026-01-25 11:40:00,9.589424516305014,0.3862162192392532,6.809609062798341
T2,2026-01-25 11:50:00,11.958059997661552,0.8980794996664032,4.105188413919734
T2,2026-01-25 12:00:00,9.38774628270702,0.3352276362587144,5.239884531171025
T2,2026-01-25 12:10:00,11.871455938111449,0.9556982914420658,4.687198610322037
T2,2026-01-25 12:20:00,8.582975635546251,0.23290934658330364,4.336850625848837
T2,2026-01-25 12:30:00,9.363629698972291,0.3214093250955983,4.099310794286776
T2,2026-01-25 12:40:00,7.929439884467541,0.1611341963910176,6.490153381213556
T2,2026-01-25 12:50:00,8.675252789978133,0.22657016417456477,5.118411456057901
T2,2026-01-25 13:00:00,8.788187851415236,0.2636195820833889,5.08746294635067
T2,2026-01-25 13:10:00,8.909247450080965,0.2636524724955017,5.764148361856557
T2,2026-01-25 13:20:00,9.636059038693187,0.3722659598346176,4.381994657961485
T2,2026-01-25 13:30:00,9.17599134386525,0.3193479519383322,5.558214029065775
T2,2026-01-25 13:40:00,8.188215570400999,0.1855866349139695,5.948751754255208
T2,2026-01-25 13:50:00,8.339080691640254,0.20506957076569202,5.265542117796035
T2,2026-01-25 14:00:00,9.48619265304203,0.34312908620883087,6.177890192722266
T2,2026-01-25 14:10:00,8.084686653224066,0.17646761034738886,5.178201704142041
T2,2026-01-25 14:20:00,8.083950188801124,0.16900595846618674,4.342251448898959
T2,2026-01-25 14:30:00,9.612487102337605,0.38101236055437115,5.735342713893296
T2,2026-01-25 14:40:00,9.313338447133841,0.3156892100856609,5.012343819338238
T2,2026-01-25 14:50:00,9.325287371254847,0.3239331899204879,4.8307188520292055
T2,2026-01-25 15:00:00,7.162219743962915,0.09504406167759928,4.0091031119670575
T2,2026-01-25 15:10:00,8.70819216383834,0.24287892972509148,7.210345776362793
T2,2026-01-25 15:20:00,7.000922409344592,0.08681397105526172,3.1671778365502075
T2,2026-01-25 15:30:00,8.964006419443525,0.2778859697918951,5.04381625432985
T2,2026-01-25 15:40:00,9.196340863152349,0.31888476829977763,4.411308413082235
T2,2026-01-25 15:50:00,5.518071774709636,0.021883199761690432,5.503700469967542
T2,2026-01-25 16:00:00,8.331833360038427,0.19886512075281643,5.729464825779251
T2,2026-01-25 16:10:00,8.843176132107804,0.2719781971502136,4.056290288095738
T2,2026-01-25 16:20:00,9.52758055122422,0.3651539811868513,5.47787019217046
T2,2026-01-25 16:30:00,7.899497711314581,0.14866087634937225,4.920229966843904
T2,2026-01-25 16:40:00,6.1027330877908295,0.04095619471487202,5.9987058621867835
T2,2026-01-25 16:50:00,5.931351101146057,0.03239460016828151,4.123469380917168
T2,2026-01-25 17:00:00,8.401838097609964,0.20549949756606822,4.760497278826512
T2,2026-01-25 17:10:00,7.419059255219811,0.11732349419988948,4.098072233665625
T2,2026-01-25 17:20:00,9.294092818265309,0.33983453834660987,3.677085035000646
T2,2026-01-25 17:30:00,9.465814295415152,0.3458355123822835,5.807251530880389
T2,2026-01-25 17:40:00,7.8041079814169345,0.14719149053909894,6.754497475629181
T2,2026-01-25 17:50:00,6.608185311739975,0.061627581277927945,6.662062286265889
T2,2026-01-25 18:00:00,8.313608402696284,0.20530315367057544,5.552717888183405
T2,2026-01-25 18:10:00,8.314095369470957,0.200761282575864,2.3129539166042745
T2,2026-01-25 18:20:00,7.374987349255037,0.1052508830291903,3.811291030794858
T2,2026-01-25 18:30:00,6.445139359789025,0.052581336116599334,5.193435248263765
T2,2026-01-25 18:40:00,6.903958328920311,0.08158810790816563,5.486828877535303
T2,2026-01-25 18:50:00,7.579886448000092,0.12841250754866335,5.2427936263261135
T2,2026-01-25 19:00:00,5.298470860064177,0.015125906008420432,5.5243484130952725
T2,2026-01-25 19:10:00,8.046553623384487,0.1743607220654293,6.060801035739857
T2,2026-01-25 19:20:00,4.882328434764572,0.008820488399439098,4.1492434239843785
T2,2026-01-25 19:30:00,5.2543742126489485,0.014229867292115752,5.578336091812711
T2,2026-01-25 19:40:00,4.561731616053683,0.005089695876875767,4.945740156743657
T2,2026-01-25 19:50:00,3.353255256789652,5.472469512232027e-05,4.00549958705355
T2,2026-01-25 20:00:00,5.771382178998438,0.026923413804170977,6.76406054645151
T2,2026-01-25 20:10:00,6.070248944568054,0.03779422681475312,6.662258000352735
T2,2026-01-25 20:20:00,3.9547692775903984,0.001140684220492547,4.726900214590465
T2,2026-01-25 20:30:00,4.4718229120155755,0.004373303727942457,6.005336153694206
T2,2026-01-25 20:40:00,5.0245266972196525,0.010963638537774394,6.2164793327824155
T2,2026-01-25 20:50:00,5.84985537825912,0.030972291111483027,4.8535085155789846
T2,2026-01-25 21:00:00,4.0903645524464896,0.001615342099547378,5.192715226533005
T2,2026-01-25 21:10:00,4.1643331497363265,0.002111473804045414,5.970299655572473
T2,2026-01-25 21:20:00,5.807377226425585,0.03025916298980112,5.577723886367462
T2,2026-01-25 21:30:00,3.503885958795842,0.00017377272692503835,5.7275063263564965
T2,2026-01-25 21:40:00,4.7667365224003095,0.006858945490760925,5.735086006494427
T2,2026-01-25 21:50:00,4.981387819339999,0.009989567142448091,6.531108520197079
T2,2026-01-25 22:00:00,3.52411874349965,0.00017950290131846965,5.58633051010937
T2,2026-01-25 22:10:00,5.434996924441509,0.018896660180275734,6.315981874654395
T2,2026-01-25 22:20:00,2.9616978712367423,0.0,4.310654548669675
T2,2026-01-25 22:30:00,4.896836430444787,0.008762150586378985,5.38200083259158
T2,2026-01-25 22:40:00,6.490555691050057,0.05394871007975201,6.632595326110477
T2,2026-01-25 22:50:00,5.871518986303838,0.03011012133855496,5.246694171186002
T2,2026-01-25 23:00:00,6.075527756715888,0.037275641612815116,3.3528270454489313
T2,2026-01-25 23:10:00,4.026701470220722,0.0013500747458947086,6.528564586288248
T2,2026-01-25 23:20:00,6.0381206648245636,0.035084788243586254,5.690006620012958
T2,2026-01-25 23:30:00,7.076351992182747,0.09250085319961492,4.300664582224678
T2,2026-01-25 23:40:00,4.539097132521634,0.00487828974172159,5.95642885813022
T2,2026-01-25 23:50:00,5.007491570488806,0.010321067983184556,5.34376541341834
T2,2026-01-26 00:00:00,3.983501893877793,0.0012364904026377496,7.0712534889437695
T2,2026-01-26 00:10:00,6.9644227726766825,0.08183941304310817,5.190476652123426
T2,2026-01-26 00:20:00,4.140126925828627,0.0020095390994769808,6.2499866539992865
T2,2026-01-26 00:30:00,6.923555269291718,0.07889020421062698,5.4227659722132655
T2,2026-01-26 00:40:00,4.3294943164178745,0.0031098447781771365,5.998575401191363
T2,2026-01-26 00:50:00,6.469894809915694,0.05729305163674893,6.8751441319747135
T2,2026-01-26 01:00:00,2.4361224836270563,0.0,3.658497202939185
T2,2026-01-26 01:10:00,5.418452929170532,0.017743770867255055,6.803258834055813
T2,2026-01-26 01:20:00,3.073292922377517,4.885506608527742e-07,5.038256734045242
T2,2026-01-26 01:30:00,6.752276876810322,0.06718565594908837,5.696435572193328
T2,2026-01-26 01:40:00,3.3501888886491447,5.791954209155772e-05,7.4469315708693
T2,2026-01-26 01:50:00,0.5,0.0,5.684575452323553
T2,2026-01-26 02:00:00,4.464990496675409,0.004035096851389845,5.034164545837416
T2,2026-01-26 02:10:00,3.609637320881573,0.00031056948942364247,6.123405099809737
T2,2026-01-26 02:20:00,7.804350289173496,0.14349907447213212,6.300580146937547
T2,2026-01-26 02:30:00,6.069946665823048,0.03597685823087135,5.6345529766409035
T2,2026-01-26 02:40:00,5.685695814457662,0.025912561379865338,5.94828458786874
T2,2026-01-26 02:50:00,4.854261028716997,0.007891247170731615,5.907442546990801
T2,2026-01-26 03:00:00,6.315884253595314,0.04579033829444782,4.20780003719204
T2,2026-01-26 03:10:00,4.294220486427404,0.0028114297114296884,4.015539074333675
T2,2026-01-26 03:20:00,5.165799040762882,0.013394768835429281,4.495336079273349
T2,2026-01-26 03:30:00,5.439010433763396,0.018157875140282543,4.996624668324034
T2,2026-01-26 03:40:00,6.486780780943463,0.05409673491482069,4.238374846626422
T2,2026-01-26 03:50:00,5.5026040197424555,0.020593439793435354,4.035563970907014
T2,2026-01-26 04:00:00,5.137177208998448,0.012307600892850363,5.705053192338655
T2,2026-01-26 04:10:00,5.159664386381335,0.012449104256986464,6.964320167983419
T2,2026-01-26 04:20:00,7.077342628904066,0.08922922519860528,6.726104005234609
T2,2026-01-26 04:30:00,5.379931387578679,0.017220668997127184,4.949172139133461
T2,2026-01-26 04:40:00,6.534210118245864,0.05868370589887149,5.642501570686586
T2,2026-01-26 04:50:00,6.494583001738123,0.054346027694992007,6.276571494142595
T2,2026-01-26 05:00:00,3.566283332846394,0.0002430828421437619,3.746642810863941
T2,2026-01-26 05:10:00,7.232948203520965,0.0988095105385924,4.59428991429111
T2,2026-01-26 05:20:00,6.955743595475572,0.08350109837312199,3.9241675134781637
T2,2026-01-26 05:30:00,6.143370891466867,0.04038934031505291,3.9299144357591205
T2,2026-01-26 05:40:00,7.482986776047402,0.12189750586494315,4.35823173959693
T2,2026-01-26 05:50:00,6.657762020670289,0.06191927673536211,7.040151541470808
T2,2026-01-26 06:00:00,7.000625956895395,0.08196516221948084,5.041932353938067
T2,2026-01-26 06:10:00,7.658999440114487,0.13498920083551458,5.2675064648275285
T2,2026-01-26 06:20:00,7.105327653229098,0.08617701521010791,5.334838715556009
T2,2026-01-26 06:30:00,5.932360441136715,0.03349579043717668,3.6873869018242984
T2,2026-01-26 06:40:00,7.557694827389648,0.12468468144593854,6.760707219326996
T2,2026-01-26 06:50:00,8.459979156267226,0.2215716846107113,5.419926277957662
T2,2026-01-26 07:00:00,9.649967027467298,0.366730087374751,2.5706067123857927
T2,2026-01-26 07:10:00,8.520161735989236,0.21549879445978098,5.830668288593203
T2,2026-01-26 07:20:00,9.112712711535812,0.3101645339327702,6.221711992516954
T2,2026-01-26 07:30:00,6.862793526711249,0.07246477582555536,4.277802462626956
T2,2026-01-26 07:40:00,8.680183675299789,0.22626380172899319,4.955556779838365
T2,2026-01-26 07:50:00,6.846402365441415,0.07122570236313441,4.711980282278937
T2,2026-01-26 08:00:00,9.645788716620089,0.3669860899405436,6.554839559059491
T2,2026-01-26 08:10:00,8.222486275923659,0.17880538241794441,4.557537501807877
T2,2026-01-26 08:20:00,8.440325085294324,0.21000049068647508,5.448849027519353
T2,2026-01-26 08:30:00,6.972831581804844,0.08134953489485185,6.410258810081318
T2,2026-01-26 08:40:00,9.689529746469967,0.40430399375518,6.061501753579997
T2,2026-01-26 08:50:00,6.064082507199353,0.0382888612787511,4.301277421647056
T2,2026-01-26 09:00:00,10.256495066615518,0.5240474370944642,4.660634818546438
T2,2026-01-26 09:10:00,8.928452474281823,0.27056344145290595,5.463083170795996
T2,2026-01-26 09:20:00,9.470898668675753,0.3438411064100937,6.564504922376267
T2,2026-01-26 09:30:00,10.929190083712585,0.658556073954066,4.471063608310577
T2,2026-01-26 09:40:00,8.20815693831443,0.19287220684858486,4.319035583518639
T2,2026-01-26 09:50:00,10.685227684333748,0.6177655347594927,5.049426293477395
T2,2026-01-26 10:00:00,8.988667537949762,0.2680559912939227,3.4427967755833313
T2,2026-01-26 10:10:00,9.668522783867475,0.37593645553053195,5.007548711419696
T2,2026-01-26 10:20:00,9.828608464462253,0.434182266736088,4.3995082976037185
T2,2026-01-26 10:30:00,11.369516556468016,0.7279258483690446,6.401132049863239
T2,2026-01-26 10:40:00,6.8007175662943204,0.07369960951166449,5.976821250806344
T2,2026-01-26 10:50:00,8.679945119476546,0.22711980540265364,5.662504937326642
T2,2026-01-26 11:00:00,9.079045408915146,0.30626250068498634,4.948101838992207
T2,2026-01-26 11:10:00,8.582139180418027,0.22382359036421873,6.343585510488865
T2,2026-01-26 11:20:00,9.71573794920474,0.3811262636349684,5.928166940979461
T2,2026-01-26 11:30:00,8.743985806483726,0.23979687785634846,4.787338020621407
T2,2026-01-26 11:40:00,9.558449205566369,0.35487764309654474,4.760646431024046
T2,2026-01-26 11:50:00,8.248235908907205,0.18954786513821997,6.300962479731378
T2,2026-01-26 12:00:00,7.947675665818199,0.15588487117368305,4.858956742053982
T2,2026-01-26 12:10:00,8.209743805508088,0.1818017310573813,6.657183589048882
T2,2026-01-26 12:20:00,9.740173322954094,0.3810079051134013,6.150770126402394
T2,2026-01-26 12:30:00,9.478797732638421,0.3553406161684169,6.030724519689371
T2,2026-01-26 12:40:00,10.47225541148867,0.5573716144663261,4.91959237726644
T2,2026-01-26 12:50:00,9.781471428959904,0.4025998133068981,4.8565456193347245
T2,2026-01-26 13:00:00,9.462048537879916,0.3371353147196656,6.936047122195646
T2,2026-01-26 13:10:00,9.707877068869177,0.3870306922077899,5.371269360097176
T2,2026-01-26 13:20:00,11.911120197587346,0.953399252007314,4.705741312426401
T2,2026-01-26 13:30:00,10.287483069101444,0.5160917020133028,6.385568091497348
T2,2026-01-26 13:40:00,10.586043570807252,0.5681354740993612,5.479404254255269
T2,2026-01-26 13:50:00,9.271275086367547,0.309683855035951,4.4188977190152965
T2,2026-01-26 14:00:00,7.951503245822796,0.15646950275189883,4.677578858852718
T2,2026-01-26 14:10:00,11.647597166544971,0.8037903712882869,5.154574514848045
T2,2026-01-26 14:20:00,8.560635622395706,0.21683035139664314,7.058791950097944
T2,2026-01-26 14:30:00,8.737508442352064,0.2508568096848886,4.736050978039679
T2,2026-01-26 14:40:00,9.041056191807852,0.29411790620675293,5.581383706357697
T2,2026-01-26 14:50:00,8.632793456340831,0.22152232516060003,4.287214006515841
T2,2026-01-26 15:00:00,8.2267716644401,0.18074411948400912,4.8072544740747984
T2,2026-01-26 15:10:00,9.135594893423274,0.2906357810924667,4.7588914377715525
T2,2026-01-26 15:20:00,9.786619709364022,0.39119005952672414,6.4464961449048275
T2,2026-01-26 15:30:00,8.77723736597485,0.24213355038511453,5.398250151942164
T2,2026-01-26 15:40:00,10.664383122216353,0.5960433192840853,4.954028505820592
T2,2026-01-26 15:50:00,8.21049225273482,0.18802159481631536,5.648209105529986
T2,2026-01-26 16:00:00,7.820096617399866,0.15087011021766253,5.12833958523708
T2,2026-01-26 16:10:00,9.254574816238987,0.32247715073680067,5.53997036522319
T2,2026-01-26 16:20:00,8.680191712016414,0.23351572596477402,5.365763491492214
T2,2026-01-26 16:30:00,8.779085985175449,0.25080522046029347,5.504958294684494
T2,2026-01-26 16:40:00,10.603082731207763,0.5828774100622509,4.921472362776985
T2,2026-01-26 16:50:00,7.273695466759455,0.099438597909845,3.3225617652136124
T2,2026-01-26 17:00:00,8.741665167088511,0.2416154023528775,6.550695956541622
T2,2026-01-26 17:10:00,9.034926794370353,0.289694579620445,3.9709558263692575
T2,2026-01-26 17:20:00,8.077985695217242,0.17561499328110491,5.062379479919054
T2,2026-01-26 17:30:00,6.849251058694967,0.07558155936531716,5.348861382219866
T2,2026-01-26 17:40:00,3.882888943138648,0.0008586014340069399,5.348913543955887
T2,2026-01-26 17:50:00,6.87512358930231,0.07185752687378441,4.856714752886536
T2,2026-01-26 18:00:00,7.041253264643355,0.08188271560756051,5.637417538983597
T2,2026-01-26 18:10:00,6.745668955293207,0.06544845479358331,3.5186679499276075
T2,2026-01-26 18:20:00,9.282164331208332,0.31137007377076714,4.9206031306366596
T2,2026-01-26 18:30:00,7.649327236200878,0.1314841579800923,7.1758177727242245
T2,2026-01-26 18:40:00,6.1436916787285165,0.040961113777996,3.9087413906653277
T2,2026-01-26 18:50:00,5.901202120891637,0.030999828731780615,6.517177082648378
T2,2026-01-26 19:00:00,6.746348430795077,0.069463307413822,5.467403422614795
T2,2026-01-26 19:10:00,6.487792393374336,0.05518012746557008,5.073209952078365
T2,2026-01-26 19:20:00,5.913869883018295,0.03090703667627653,4.550172050362082
T2,2026-01-26 19:30:00,6.8011872960996484,0.07060709894074503,6.968131007239558
T2,2026-01-26 19:40:00,5.76587744913396,0.028887205696213065,5.736108002445719
T2,2026-01-26 19:50:00,4.539667272552441,0.004891193840974811,4.584968542505191
T2,2026-01-26 20:00:00,6.610212367313991,0.06414556273682512,6.269745672799143
T2,2026-01-26 20:10:00,5.698889929295381,0.026892733971734972,6.0221178216450255
T2,2026-01-26 20:20:00,6.101814068042618,0.037195022172339824,5.728636530772982
T2,2026-01-26 20:30:00,5.955130589934468,0.032089330954521884,4.955409556013383
T2,2026-01-26 20:40:00,4.259475641770506,0.0025946528361995196,4.862438500766461
T2,2026-01-26 20:50:00,4.169128100548854,0.001973502914703471,5.992464671078851
T2,2026-01-26 21:00:00,4.403282711729028,0.00348944386220903,5.185929346447493
T2,2026-01-26 21:10:00,4.575322850824126,0.004877170847535749,3.9588123895168215
T2,2026-01-26 21:20:00,1.8932715690706012,0.0,5.444149035605484
T2,2026-01-26 21:30:00,5.31295168667918,0.01599819786943037,6.161610985158595
T2,2026-01-26 21:40:00,4.260834050830758,0.002644766927744275,6.935779584160615
T2,2026-01-26 21:50:00,4.783718015943604,0.007451360355301792,6.803193437113767
T2,2026-01-26 22:00:00,4.6007861430774515,0.005373785291517419,4.540925293685796
T2,2026-01-26 22:10:00,3.1501853031039757,4.5558835236589666e-06,6.243842608056389
T2,2026-01-26 22:20:00,4.4560586004481255,0.004154229576753735,5.921975014631235
T2,2026-01-26 22:30:00,4.803538011311165,0.007286054409095385,5.288619694481954
T2,2026-01-26 22:40:00,4.812939974175874,0.007396270471658789,5.6331276841515585
T2,2026-01-26 22:50:00,4.314938184332137,0.0028731352023605673,7.181666774864474
T2,2026-01-26 23:00:00,7.744896781562172,0.1421146815000151,4.939904229873834
T2,2026-01-26 23:10:00,4.479541940422102,0.004401425338838721,4.248834824561095
T2,2026-01-26 23:20:00,5.529798070178031,0.021481292569284636,6.217756878923545
T2,2026-01-26 23:30:00,2.639761385723916,0.0,3.8351164473629185
T2,2026-01-26 23:40:00,5.34693929491393,0.016294292128123007,5.894774442994805
T2,2026-01-26 23:50:00,4.510799705701048,0.0045348867620292254,5.572157517192362
T2,2026-01-27 00:00:00,6.016460542844327,0.03696042901741616,4.924554425263336
T2,2026-01-27 00:10:00,4.108322845746634,0.0017975260287325361,7.03068062929143
T2,2026-01-27 00:20:00,3.0584680417194194,2.6413135770840634e-07,4.161902073232268
T2,2026-01-27 00:30:00,1.1502097757009868,0.0,5.946369748511136
T2,2026-01-27 00:40:00,4.678028848444174,0.00597706319204216,5.041825005777024
T2,2026-01-27 00:50:00,5.829821403254764,0.028928767553948402,5.535338543256175
T2,2026-01-27 01:00:00,4.4272665118232615,0.003917278861805829,7.018301481732633
T2,2026-01-27 01:10:00,4.197363546725387,0.0023001733815209337,4.48953498580777
T2,2026-01-27 01:20:00,3.9161085764651604,0.0009831609795507529,4.856248474487444
T2,2026-01-27 01:30:00,4.87281954807376,0.008965248063919599,4.499272112710486
T2,2026-01-27 01:40:00,4.3440641860015585,0.0032075263074116977,4.337988222398528
T2,2026-01-27 01:50:00,3.984599455056676,0.0011844456136157115,5.315403542704466
T2,2026-01-27 02:00:00,5.538689325615812,0.022352789422186086,4.566658246487357
T2,2026-01-27 02:10:00,7.911179025578191,0.1521937899510276,6.404995937259384
T2,2026-01-27 02:20:00,4.451997942570692,0.0038791773882961692,4.193525839187172
T2,2026-01-27 02:30:00,5.255259616310216,0.014618757520326988,4.131981025238963
T2,2026-01-27 02:40:00,6.56404509711936,0.057966337103405915,5.970767849704304
T2,2026-01-27 02:50:00,4.6199540943173,0.0052944866328819866,6.1363954312995315
T2,2026-01-27 03:00:00,7.3244422588745195,0.11007279944677355,4.8521199138221265
T2,2026-01-27 03:10:00,2.748470428376535,0.0,6.592088598005202
T2,2026-01-27 03:20:00,4.560078612710008,0.004877772139381383,4.133548972274342
T2,2026-01-27 03:30:00,6.086433329366815,0.03892421230031983,7.260802328176387
T2,2026-01-27 03:40:00,5.094381930587133,0.012311021717345992,5.117997168176277
T2,2026-01-27 03:50:00,2.755670266874693,0.0,5.51383047382918
T2,2026-01-27 04:00:00,7.321120940770321,0.10772239766552058,6.639266711078026
T2,2026-01-27 04:10:00,7.851422676859881,0.14176054840408822,6.3068481782350405
T2,2026-01-27 04:20:00,7.969225913870282,0.1558324721106411,5.893568690586003
T2,2026-01-27 04:30:00,5.749187435237322,0.025981470757794105,5.6416260996965475
T2,2026-01-27 04:40:00,4.096464884610716,0.001745757182615349,8.096758329681773
T2,2026-01-27 04:50:00,6.958067329455666,0.0781977376852438,6.283045382859405
T2,2026-01-27 05:00:00,6.580127331551753,0.05910895607855835,6.584967426666499
T2,2026-01-27 05:10:00,4.039904790422133,0.0014263194877585689,6.055283268888978
T2,2026-01-27 05:20:00,5.6754630051308,0.025294059328876094,5.541287659138199
T2,2026-01-27 05:30:00,5.901422783176749,0.03184282785979833,5.1468296983940585
T2,2026-01-27 05:40:00,6.493313301412801,0.05835370980129253,5.079773492961514
T2,2026-01-27 05:50:00,7.923849900795028,0.15045759310392515,5.011121887711002
T2,2026-01-27 06:00:00,5.974249393706407,0.03508091941183463,6.503791326316534
T2,2026-01-27 06:10:00,8.020271544131575,0.17333757695812232,4.8049217865731135
T2,2026-01-27 06:20:00,7.639352416684381,0.13209546723310475,6.786288437945572
T2,2026-01-27 06:30:00,7.661204117804131,0.1364018334268607,4.4934276869558065
T2,2026-01-27 06:40:00,8.364609805382258,0.21003074177632255,5.211774747286615
T2,2026-01-27 06:50:00,8.103912482928767,0.17552427149805144,6.245015042575309
T2,2026-01-27 07:00:00,8.937921420522878,0.2692416789539566,6.500075525664717
T2,2026-01-27 07:10:00,7.478673964584263,0.1158016903688081,4.904020488614886
T2,2026-01-27 07:20:00,6.325570969197811,0.04953068079546028,3.33585148017366
T2,2026-01-27 07:30:00,9.951483916104339,0.431750065518652,5.420235554844103
T2,2026-01-27 07:40:00,8.825155155174675,0.2534704392138282,5.669657403126815
T2,2026-01-27 07:50:00,8.870455488441124,0.258092749066457,5.630878918944593
T2,2026-01-27 08:00:00,9.493085939735899,0.3447075837492517,5.2648848076581025
T2,2026-01-27 08:10:00,6.523431134132571,0.054683600853301165,5.620133887654187
T2,2026-01-27 08:20:00,11.142176784314017,0.6972414559504726,5.5590274205593015
T2,2026-01-27 08:30:00,9.146126112701625,0.30563011637978316,7.225472344973166
T2,2026-01-27 08:40:00,7.615168843051328,0.12830261127701598,6.451089969977813
T2,2026-01-27 08:50:00,8.172246190652537,0.1874230810776656,4.826656902083441
T2,2026-01-27 09:00:00,9.228234773864958,0.30599369405314614,7.525217184210506
T2,2026-01-27 09:10:00,9.406840878323411,0.3482284871530957,6.199856149905152
T2,2026-01-27 09:20:00,8.553278895069763,0.2184181731503993,3.654775084396668
T2,2026-01-27 09:30:00,9.110879574457854,0.2863759338670834,5.053008555399062
T2,2026-01-27 09:40:00,9.47001997148346,0.34985198317612726,5.515248276889576
T2,2026-01-27 09:50:00,7.147413000250114,0.09546081905107956,7.220657140100766
T2,2026-01-27 10:00:00,8.009375885700523,0.1713890234852749,4.324729213047702
T2,2026-01-27 10:10:00,8.303532572562249,0.2031954163852733,5.955444643782978
T2,2026-01-27 10:20:00,9.353615335239219,0.3332381378075154,6.34059437661047
T2,2026-01-27 10:30:00,9.230945750792841,0.3245656842312319,5.239938280691832
T2,2026-01-27 10:40:00,11.170981968411574,0.6804945772341129,4.506349805901367
T2,2026-01-27 10:50:00,9.301472751409268,0.34120127593986416,4.32045274635251
T2,2026-01-27 11:00:00,7.879847181014194,0.15585109367534533,5.411494950620685
T2,2026-01-27 11:10:00,9.471255965021347,0.3352105983468766,4.299618223025037
T2,2026-01-27 11:20:00,5.962926181168678,0.03356872334659452,6.574345214668307
T2,2026-01-27 11:30:00,9.201187648984826,0.2984203923039295,5.402219272920732
T2,2026-01-27 11:40:00,7.8872721427744255,0.15020021976528514,6.886439450250704
T2,2026-01-27 11:50:00,10.888049352424146,0.6461332389812364,3.6790395977079258
T2,2026-01-27 12:00:00,11.880441033657066,0.8696978831227266,6.205061260229739
T2,2026-01-27 12:10:00,8.748666205700035,0.255423310475932,6.2265963807389655
T2,2026-01-27 12:20:00,7.992659185833452,0.17018473663360792,6.006235191336273
T2,2026-01-27 12:30:00,10.69927091289738,0.618405483739745,6.004058406109407
T2,2026-01-27 12:40:00,9.815447023024888,0.41177167452586666,6.6837384892718585
T2,2026-01-27 12:50:00,9.22729841892099,0.3129433572719086,6.455174913033633
T2,2026-01-27 13:00:00,9.011806538672817,0.2760395697069505,5.100449200367021
T2,2026-01-27 13:10:00,9.061378065821179,0.2967785055461144,4.570141467179779
T2,2026-01-27 13:20:00,8.72326687255143,0.23933337212614159,5.915346126596983
T2,2026-01-27 13:30:00,10.227447278635994,0.505850297539597,5.770278391027861
T2,2026-01-27 13:40:00,10.537528278233914,0.5720592545872059,5.783334343530314
T2,2026-01-27 13:50:00,9.376413848624372,0.326431333772141,5.582957271664028
T2,2026-01-27 14:00:00,10.268006655705614,0.4944505891085277,5.262927276195333
T2,2026-01-27 14:10:00,9.439894426872442,0.34255957395526265,6.553743601217504
T2,2026-01-27 14:20:00,9.331378414886265,0.3422564259912592,4.778379374971653
T2,2026-01-27 14:30:00,8.229094953296228,0.190478653593111,6.9641439545287165
T2,2026-01-27 14:40:00,9.724663626740465,0.4029624940094884,4.383083813646055
T2,2026-01-27 14:50:00,9.38422199393142,0.3449651913062039,6.022128484221963
T2,2026-01-27 15:00:00,10.403825319002063,0.5157329296438888,4.631949479381871
T2,2026-01-27 15:10:00,10.287042729494413,0.5307778492380396,5.483065247019155
T2,2026-01-27 15:20:00,7.996355883205007,0.16203364209060747,5.49728959994473
T2,2026-01-27 15:30:00,8.377339910437865,0.19326068417063447,5.517001173199042
T2,2026-01-27 15:40:00,9.248555421518946,0.32905092250866613,4.518590831287268
T2,2026-01-27 15:50:00,7.589590311583195,0.12232700899741518,7.476892066082975
T2,2026-01-27 16:00:00,9.225404648649072,0.3219845482446429,4.863715187191811
T2,2026-01-27 16:10:00,7.7181683294652235,0.13554335410126725,6.445322513282994
T2,2026-01-27 16:20:00,8.661874239253144,0.23337249011631195,5.501710109517912
T2,2026-01-27 16:30:00,9.689999724500064,0.3786213318888281,4.757595406966102
T2,2026-01-27 16:40:00,7.846654704714067,0.14067173944136913,5.2663782884002925
T2,2026-01-27 16:50:00,7.028709408938219,0.08298656042955527,4.174323454430335
T2,2026-01-27 17:00:00,8.580236969246041,0.2274869349094266,5.565661476314344
T2,2026-01-27 17:10:00,8.261321896921347,0.18810569375407785,5.194315338376741
T2,2026-01-27 17:20:00,8.61906153560788,0.23445969514383974,6.635870388217955
T2,2026-01-27 17:30:00,6.940479368356937,0.08142889836563898,5.468892457079143
T2,2026-01-27 17:40:00,7.295565618257971,0.10537873506960782,4.98119222960968
T2,2026-01-27 17:50:00,6.549760628831088,0.0601790199469725,4.408639036114279
T2,2026-01-27 18:00:00,9.266819930257597,0.3180265738417797,4.591920079197816
T2,2026-01-27 18:10:00,6.309049403458444,0.04503675095645823,5.667024828297767
T2,2026-01-27 18:20:00,8.421545942862311,0.20023885650140763,4.87938040725306
T2,2026-01-27 18:30:00,5.970822112308456,0.03248214334763608,6.124818813081891
T2,2026-01-27 18:40:00,6.536212156045908,0.056346446211285095,4.923371811104037
T2,2026-01-27 18:50:00,5.914603716954479,0.031671793101148905,5.839786268090866
T2,2026-01-27 19:00:00,7.952416310248398,0.1572677015224633,6.327304207120321
T2,2026-01-27 19:10:00,6.497302615309399,0.05401393986711697,6.956911776743819
T2,2026-01-27 19:20:00,6.323428111586945,0.048910795854841704,7.3459675407126195
T2,2026-01-27 19:30:00,6.5294780479420895,0.05667999147137457,6.1616928775607045
T2,2026-01-27 19:40:00,4.457857586584127,0.003918437258463533,6.976398284077476
T2,2026-01-27 19:50:00,5.400259228033151,0.018694863466071878,4.930763103079336
T2,2026-01-27 20:00:00,6.164302223696086,0.043324041617127246,5.925009737114735
T2,2026-01-27 20:10:00,4.0630532598430475,0.0015849427709938473,6.367338788413177
T2,2026-01-27 20:20:00,7.402726538348973,0.11111008052070166,7.7123969873911395
T2,2026-01-27 20:30:00,5.723069351389082,0.02728370826050699,4.368443267214248
T2,2026-01-27 20:40:00,7.533272370322137,0.1258178411764308,5.446418875516293
T2,2026-01-27 20:50:00,6.006007374603955,0.0364040535567191,3.4129182995996152
T2,2026-01-27 21:00:00,6.0765945414893725,0.03803550794902038,4.236022191101013
T2,2026-01-27 21:10:00,7.060294613821916,0.08400480533268184,6.5016502387262545
T2,2026-01-27 21:20:00,5.326769419758179,0.015577184798493003,5.165344119493084
T2,2026-01-27 21:30:00,3.8791589829618394,0.0009065497009247529,4.219665408677501
T2,2026-01-27 21:40:00,4.894126567978918,0.00874683230120993,4.962402132416528
T2,2026-01-27 21:50:00,4.971724143617794,0.0098560220013445,4.741823642228756
T2,2026-01-27 22:00:00,3.5062294990057103,0.00017737970737570074,3.668881778958554
T2,2026-01-27 22:10:00,4.155615495836844,0.001930638719160746,4.298351237672382
T2,2026-01-27 22:20:00,4.839976721968627,0.008437221720451596,5.4191252774808225
T2,2026-01-27 22:30:00,5.8636670745934465,0.02959424209068383,5.857817385551927
T2,2026-01-27 22:40:00,4.869946798069946,0.008097284148018902,4.48592275453654
T2,2026-01-27 22:50:00,5.063421729801774,0.011435044623467425,6.930226799096711
T2,2026-01-27 23:00:00,8.40139886288989,0.20288340769707483,5.361298263814441
T2,2026-01-27 23:10:00,4.6663816024567435,0.005991589332857165,5.461655964799123
T2,2026-01-27 23:20:00,5.430100121810895,0.019091118679132383,4.553502891311382
T2,2026-01-27 23:30:00,6.084624669759881,0.03839187701794864,6.56384664612683
T2,2026-01-27 23:40:00,4.801520518274696,0.007629454600489493,5.190628628095393
T2,2026-01-27 23:50:00,6.545602607531544,0.05785118780242366,4.267332908322409
T2,2026-01-28 00:00:00,0.5,0.0,5.413146398582892
T2,2026-01-28 00:10:00,4.655266503270421,0.0057191522260365895,7.488609616642289
T2,2026-01-28 00:20:00,4.519553664700861,0.004473923498536836,7.016061956264058
T2,2026-01-28 00:30:00,4.718323678280051,0.006573550464705882,6.055776252484266
T2,2026-01-28 00:40:00,5.226751829482175,0.013703368508878383,6.554652439194673
T2,2026-01-28 00:50:00,1.9585513752957566,0.0,5.18764722571963
T2,2026-01-28 01:00:00,5.149596437491337,0.012940418818319505,5.306820221668776
T2,2026-01-28 01:10:00,4.964544008268689,0.010192341425024806,4.873109956152846
T2,2026-01-28 01:20:00,2.789968189742017,0.0,5.391368218398212
T2,2026-01-28 01:30:00,6.093899338526597,0.039199565488914866,5.163562706493065
T2,2026-01-28 01:40:00,6.026877547976656,0.03518119593857952,5.774222000297332
T2,2026-01-28 01:50:00,2.1175836018469956,0.0,5.162497123651802
T2,2026-01-28 02:00:00,3.579412064317615,0.0002524932869132809,5.941642418353602
T2,2026-01-28 02:10:00,3.7035879254613016,0.0004698062753190798,4.695461316190618
T2,2026-01-28 02:20:00,6.2291097998841005,0.04410672319203775,6.088915533868943
T2,2026-01-28 02:30:00,6.297183821594328,0.04881452332551984,5.38205082199108
T2,2026-01-28 02:40:00,4.699954094398057,0.006676764775177921,5.955616357113049
T2,2026-01-28 02:50:00,5.761648745687349,0.026796759415461807,7.209149793673656
T2,2026-01-28 03:00:00,5.214028948812068,0.013457933207818783,6.325729012008353
T2,2026-01-28 03:10:00,7.356140852576376,0.1086863862939474,7.891789702187871
T2,2026-01-28 03:20:00,4.243882718197418,0.002469341986483034,5.896140954240411
T2,2026-01-28 03:30:00,4.588904106770795,0.00545525248799124,5.2551897603583155
T2,2026-01-28 03:40:00,5.20162350178171,0.013747365597664816,5.651030185697634
T2,2026-01-28 03:50:00,5.3264142705272,0.015569534848560865,5.503990770493884
T2,2026-01-28 04:00:00,6.153232855127429,0.04049422554229641,4.134354472108983
T2,2026-01-28 04:10:00,8.047911450039543,0.16536665470666606,5.317534073372485
T2,2026-01-28 04:20:00,5.909301049530939,0.03257236526316396,5.274041614221148
T2,2026-01-28 04:30:00,7.415378095721488,0.11765718515397525,5.177175115908016
T2,2026-01-28 04:40:00,5.416357501738893,0.017528899639847825,4.2672350675968485
T2,2026-01-28 04:50:00,6.908579004185896,0.07695174464803843,5.565183309585477
T2,2026-01-28 05:00:00,7.346122152266174,0.11235863016266197,4.5159978556660505
T2,2026-01-28 05:10:00,7.724268529707332,0.1304460358925006,5.220251768589376
T2,2026-01-28 05:20:00,6.828761204095012,0.06993204839717802,4.696865586311371
T2,2026-01-28 05:30:00,5.203181847320035,0.014595497071308992,5.053172790688953
T2,2026-01-28 05:40:00,5.763851325930454,0.028527468791358604,4.913184313090454
T2,2026-01-28 05:50:00,4.635599849846406,0.005626247330666376,5.965047715361806
T2,2026-01-28 06:00:00,8.620032868692395,0.2365155232576534,6.829704079344099
T2,2026-01-28 06:10:00,6.587104462305428,0.06198756824752611,6.768202691587129
T2,2026-01-28 06:20:00,8.269813681758418,0.1985830492673505,5.821868855339178
T2,2026-01-28 06:30:00,7.160873096042559,0.09356637807118863,5.29508083796043
T2,2026-01-28 06:40:00,6.260279267950816,0.046001277731380824,6.76800922848211
T2,2026-01-28 06:50:00,7.599465454078327,0.12690004184371134,4.632743298841
T2,2026-01-28 07:00:00,6.089446453484734,0.03944839347099471,5.492008446514999
T2,2026-01-28 07:10:00,8.21349127948151,0.18842452418104072,4.960764884851952
T2,2026-01-28 07:20:00,7.171730062664766,0.09368219301346409,5.3612506804990305
T2,2026-01-28 07:30:00,9.411589507596219,0.3591916813941462,5.716689843858201
T2,2026-01-28 07:40:00,8.860710356250422,0.2549268942487848,4.959470691857108
T2,2026-01-28 07:50:00,8.382777326121566,0.2000004077544431,4.498005349946847
T2,2026-01-28 08:00:00,8.073953233436498,0.16484509576060416,4.987613313090844
T2,2026-01-28 08:10:00,8.972105345329304,0.2644556792492008,6.268661478448696
T2,2026-01-28 08:20:00,7.656380512957802,0.1324163065265097,4.908041290075154
T2,2026-01-28 08:30:00,10.069182361150917,0.44724618642071534,5.581831743111259
T2,2026-01-28 08:40:00,7.214172754023827,0.09420349477254328,5.748198046167841
T2,2026-01-28 08:50:00,8.550519748963525,0.21711373818119428,6.185999368233785
T2,2026-01-28 09:00:00,7.781430381242725,0.138060721691311,4.080685917739273
T2,2026-01-28 09:10:00,9.887118186746013,0.4295201539153694,4.5646898606174275
T2,2026-01-28 09:20:00,8.675662527551312,0.23137177562930683,7.57834528961102
T2,2026-01-28 09:30:00,9.307682922425496,0.32996463121623226,6.114833877209833
T2,2026-01-28 09:40:00,7.639185604413502,0.13340644544035812,6.538805413015905
T2,2026-01-28 09:50:00,10.440913149841617,0.545119190091753,5.011222676364888
T2,2026-01-28 10:00:00,9.651605089593717,0.38653183629282384,4.850265128637746
T2,2026-01-28 10:10:00,9.818807218465402,0.41364769505371257,6.581306077941823
T2,2026-01-28 10:20:00,10.561069988646235,0.588754320905104,6.149232234690408
T2,2026-01-28 10:30:00,7.628896287691214,0.12435994613561076,6.355706515188113
T2,2026-01-28 10:40:00,13.907028821539283,0.9800912257997677,5.165288037067357
T2,2026-01-28 10:50:00,12.025208936099489,0.9047276886872437,6.144316862563848
T2,2026-01-28 11:00:00,9.425617220837228,0.33539285907889643,4.724115784742557
T2,2026-01-28 11:10:00,8.780875525801113,0.2447173234385945,3.5094720214853052
T2,2026-01-28 11:20:00,8.798587876827574,0.2444362826269319,5.613298312860615
T2,2026-01-28 11:30:00,9.011391890249588,0.29476108401131024,6.596853563153814
T2,2026-01-28 11:40:00,10.14455221405463,0.47840367622300156,7.302090354085164
T2,2026-01-28 11:50:00,10.461362916262264,0.5454463598542737,6.383682841527211
T2,2026-01-28 12:00:00,9.858686447893753,0.43077799051498,6.267781677305172
T2,2026-01-28 12:10:00,9.172218630404553,0.3104470357359999,4.973862226706505
T2,2026-01-28 12:20:00,8.26767389811211,0.18543105576752153,4.402458368025
T2,2026-01-28 12:30:00,8.969214053546638,0.2644823536265326,5.989771541184686
T2,2026-01-28 12:40:00,8.442062594123763,0.20301172763662115,4.807037004298083
T2,2026-01-28 12:50:00,8.635300365099924,0.22692736947796463,5.804884661115644
T2,2026-01-28 13:00:00,9.542283689766657,0.38352203104879473,6.174131921199946
T2,2026-01-28 13:10:00,8.842664781002107,0.2497659840120107,4.3272121905574545
T2,2026-01-28 13:20:00,7.952688586123734,0.15490471733789277,6.597876578046146
T2,2026-01-28 13:30:00,7.924565184449133,0.16367242825920103,5.377487918813496
T2,2026-01-28 13:40:00,9.348891594502224,0.3358468753669426,6.240849497332943
T2,2026-01-28 13:50:00,8.539890799458135,0.21710286167408008,5.115106323510152
T2,2026-01-28 14:00:00,7.816236023706388,0.14540723326722382,4.980047578570812
T2,2026-01-28 14:10:00,10.854584644781617,0.6274508667262887,6.951441539288519
T2,2026-01-28 14:20:00,9.257268356387025,0.3085790491653707,6.561748141785023
T2,2026-01-28 14:30:00,8.04444850882177,0.16133270352397847,6.245111929296302
T2,2026-01-28 14:40:00,9.323328338467748,0.3336629071495863,4.8677063490972206
T2,2026-01-28 14:50:00,10.424609205248915,0.5107252041857647,6.548809018093053
T2,2026-01-28 15:00:00,8.616533367897077,0.24113713293658295,5.858864249114423
T2,2026-01-28 15:10:00,9.154424333243943,0.28789016844123133,7.10705519286968
T2,2026-01-28 15:20:00,7.316227333332818,0.11005286960114148,6.829431533150098
T2,2026-01-28 15:30:00,9.928116562308514,0.4161857225552417,3.4892311833814325
T2,2026-01-28 15:40:00,6.833394565708106,0.07609410328239727,5.442361729360849
T2,2026-01-28 15:50:00,8.161342500517884,0.1814557462222774,7.2629316051114206
T2,2026-01-28 16:00:00,4.69344724624815,0.006406136262156229,7.511694094712689
T2,2026-01-28 16:10:00,8.554353749895334,0.217553570300384,6.645777578784824
T2,2026-01-28 16:20:00,8.557342448539776,0.23039345847225134,3.315300533011766
T2,2026-01-28 16:30:00,6.94812075592748,0.07856220378534902,6.090940330174144
T2,2026-01-28 16:40:00,6.516906557431368,0.05700225568145226,6.066409632638206
T2,2026-01-28 16:50:00,9.428125280372694,0.34410472943915776,7.608796198674738
T2,2026-01-28 17:00:00,7.226648032070065,0.10200517573067913,5.45912373825457
T2,2026-01-28 17:10:00,8.410777199597472,0.2145313277531343,6.170304936385228
T2,2026-01-28 17:20:00,6.735443858985709,0.07062296437232002,7.8168978871500565
T2,2026-01-28 17:30:00,8.622679967084714,0.2410109983828368,8.011938491715675
T2,2026-01-28 17:40:00,8.908328212347667,0.26730782066424186,6.3142508915845745
T2,2026-01-28 17:50:00,8.418800105506437,0.19680345298252427,5.0567113250768525
T2,2026-01-28 18:00:00,6.841079924666611,0.07372897151355938,4.806092954514784
T2,2026-01-28 18:10:00,7.6168358379491234,0.1273304281857695,4.300294513839724
T2,2026-01-28 18:20:00,5.9375933823085,0.03419011591203186,6.130677464115711
T2,2026-01-28 18:30:00,8.22560871016528,0.1893378745031571,6.651784665924934
T2,2026-01-28 18:40:00,8.097555692612701,0.17129352948353802,7.002624234901295
T2,2026-01-28 18:50:00,7.594115011082643,0.12414027617649386,6.426160357843844
T2,2026-01-28 19:00:00,5.265080230770673,0.014530526280345077,5.01643003899836
T2,2026-01-28 19:10:00,7.191974702084368,0.09984809313318291,7.213995410777649
T2,2026-01-28 19:20:00,5.643072505898149,0.02381533621815417,7.512441461979765
T2,2026-01-28 19:30:00,5.097561001374782,0.011654121478244612,5.822191274402386
T2,2026-01-28 19:40:00,7.135409900586784,0.09232078649964176,4.75701819568304
T2,2026-01-28 19:50:00,6.575935559229313,0.05823402881528822,6.264244945993028
T2,2026-01-28 20:00:00,5.521409069232302,0.021108286254894023,7.909807768606735
T2,2026-01-28 20:10:00,4.258309672092594,0.002732841194775681,5.626317034056146
T2,2026-01-28 20:20:00,8.43784076609597,0.20815556671845,6.784842902958238
T2,2026-01-28 20:30:00,7.0306333970404,0.0889279634435544,3.8577812782825407
T2,2026-01-28 20:40:00,5.885594408817835,0.03221394484456279,5.066502425406324
T2,2026-01-28 20:50:00,5.191563776490924,0.013588969473468437,7.059006934920424
T2,2026-01-28 21:00:00,5.114740618890125,0.0127598876643527,4.555266601782411
T2,2026-01-28 21:10:00,5.523838459857073,0.020103547380461318,5.261708174556301
T2,2026-01-28 21:20:00,4.673964890274425,0.00618427448846714,5.348907354259537
T2,2026-01-28 21:30:00,5.127467514235937,0.012512399888029452,6.1484045949308275
T2,2026-01-28 21:40:00,3.664088120577566,0.0003799263740564413,6.684467517929844
T2,2026-01-28 21:50:00,7.121065250524327,0.08809221914952557,4.385417222932957
T2,2026-01-28 22:00:00,5.519579234974459,0.020452574872938233,5.538649490433593
T2,2026-01-28 22:10:00,3.7319451469682168,0.0005164162893781426,5.914743164883964
T2,2026-01-28 22:20:00,2.352005192637093,0.0,6.670980873586837
T2,2026-01-28 22:30:00,4.5722826741625,0.005171817719671778,5.48654836746784
T2,2026-01-28 22:40:00,4.3355063339382856,0.003247356601431817,5.206042051269658
T2,2026-01-28 22:50:00,5.580273619172812,0.021422265482660803,4.359555451441585
T2,2026-01-28 23:00:00,4.628002082460577,0.005870864474742331,4.736223285540798
T2,2026-01-28 23:10:00,2.5607852216093994,0.0,4.059041879683454
T2,2026-01-28 23:20:00,3.4682513915557522,0.00012731582313528725,4.664391534433688
T2,2026-01-28 23:30:00,6.12543459939153,0.03777275109066703,5.0189906857600155
T2,2026-01-28 23:40:00,4.002416999321595,0.0012756872848585313,4.363041778610386
T2,2026-01-28 23:50:00,4.18239993579437,0.0021185045626510583,6.066792677172328
T2,2026-01-29 00:00:00,4.329139265036993,0.0029229261082861944,6.804085387567915
T2,2026-01-29 00:10:00,3.3693019615435444,6.24558212064822e-05,5.428746158369398
T2,2026-01-29 00:20:00,3.679667039801208,0.00042207999203157316,4.750822397713782
T2,2026-01-29 00:30:00,6.239891421232092,0.04599589115742873,5.345375460642832
T2,2026-01-29 00:40:00,4.68300927518575,0.006461112993811172,3.945325186887448
T2,2026-01-29 00:50:00,4.180058806182897,0.002076619816116686,5.793723063491683
T2,2026-01-29 01:00:00,5.057342846004209,0.011920854988601744,7.358609755594054
T2,2026-01-29 01:10:00,5.307035741809522,0.016604854406469954,5.190667519582181
T2,2026-01-29 01:20:00,4.6427299559320545,0.005628732049652615,5.0760210362098075
T2,2026-01-29 01:30:00,4.614531202613372,0.00549810187906731,5.8934695360512475
T2,2026-01-29 01:40:00,5.753809570356857,0.02602132671583012,4.91978934244089
T2,2026-01-29 01:50:00,5.601164781491853,0.02395516240649858,5.702939944978219
T2,2026-01-29 02:00:00,7.708299009104549,0.13969335258830393,4.729215917773912
T2,2026-01-29 02:10:00,5.226587577374344,0.014449221622679094,5.00883509058452
T2,2026-01-29 02:20:00,6.380024978308427,0.050669780753312896,4.276273016944546
T2,2026-01-29 02:30:00,4.401844894871641,0.0036335583880531836,4.747296019739133
T2,2026-01-29 02:40:00,3.6846570769785636,0.00041687130507343095,5.543004105452916
T2,2026-01-29 02:50:00,7.857975003529175,0.14932605056300136,4.980876211500342
T2,2026-01-29 03:00:00,4.958772812572565,0.009869931804476768,5.988043177800516
T2,2026-01-29 03:10:00,6.142509218986153,0.03834697281883664,4.103943494808761
T2,2026-01-29 03:20:00,5.102312916578446,0.012332093029350495,7.138321435173528
T2,2026-01-29 03:30:00,6.164507937771818,0.03941196943143854,4.1084469316370775
T2,2026-01-29 03:40:00,5.928997834123567,0.031967571024256285,6.38003746018874
T2,2026-01-29 03:50:00,6.021239798356269,0.0346283843907829,5.353000043028807
T2,2026-01-29 04:00:00,5.482764065092425,0.019422745036728105,5.396304307810796
T2,2026-01-29 04:10:00,8.00243195650982,0.16345311501446794,5.1685560160982575
T2,2026-01-29 04:20:00,6.663741958017021,0.06660053518395423,3.7513705108806787
T2,2026-01-29 04:30:00,5.38590207997562,0.01752066242306608,4.904710374786028
T2,2026-01-29 04:40:00,8.016216386425532,0.17002340622983525,6.432663405006835
T2,2026-01-29 04:50:00,7.9897299980858305,0.15428695063688133,5.08055845799103
T2,2026-01-29 05:00:00,6.148751846460366,0.038614114042304776,5.2215528490410925
T2,2026-01-29 05:10:00,2.7253328325529353,0.0,5.516246671264863
T2,2026-01-29 05:20:00,6.916023854055976,0.08112898024057008,8.009574482321062
T2,2026-01-29 05:30:00,5.33151715334155,0.016936299516953048,5.834187089543272
T2,2026-01-29 05:40:00,7.905026114206043,0.14771958447982786,5.069438449300202
T2,2026-01-29 05:50:00,6.950028032701789,0.07687357049686461,5.210922780908141
T2,2026-01-29 06:00:00,9.047354917265455,0.2770979978884278,6.36361119250841
T2,2026-01-29 06:10:00,5.815423337178062,0.027578497247088028,5.252812049997676
T2,2026-01-29 06:20:00,4.434402034473061,0.0040261707638408525,7.455728437748038
T2,2026-01-29 06:30:00,8.581660195477419,0.217150113469373,6.839898515735124
T2,2026-01-29 06:40:00,9.188325450850314,0.31630780096339006,7.017627827973822
T2,2026-01-29 06:50:00,8.899277244934169,0.27106033852557815,5.458267102489327
T2,2026-01-29 07:00:00,8.745483693707254,0.23799748244797822,7.367141499587453
T2,2026-01-29 07:10:00,6.146847614719678,0.04047952557989181,5.637113078488845
T2,2026-01-29 07:20:00,9.135418324321252,0.30843299279606856,5.6561656166961365
T2,2026-01-29 07:30:00,6.907790995288515,0.07457173280651057,5.460294263098851
T2,2026-01-29 07:40:00,9.367815584696139,0.33723172523440903,5.029561315829481
T2,2026-01-29 07:50:00,9.115898368007,0.31076240579673936,5.7004020442725
T2,2026-01-29 08:00:00,7.747566208131908,0.13270292724556185,6.396405490073237
T2,2026-01-29 08:10:00,8.909361378438334,0.27746992140041976,6.059531207898121
T2,2026-01-29 08:20:00,9.004525973524414,0.2856691763244042,6.947392406089255
T2,2026-01-29 08:30:00,8.116117038621267,0.1726990496809114,5.71489639650127
T2,2026-01-29 08:40:00,8.474921072858429,0.22249605018456214,7.099659000887192
T2,2026-01-29 08:50:00,8.516353258892506,0.2173897597919429,5.7162000784301
T2,2026-01-29 09:00:00,8.204716113595193,0.17412880423729302,6.261193743633351
T2,2026-01-29 09:10:00,9.134597964589993,0.2854584977819305,6.183715416379726
T2,2026-01-29 09:20:00,10.040460510572029,0.4456682156830191,5.520492269696042
T2,2026-01-29 09:30:00,10.161341264121528,0.4873026589610572,4.94591052121321
T2,2026-01-29 09:40:00,7.4436858879370496,0.12011079603155152,5.339503907297537
T2,2026-01-29 09:50:00,8.310206967530025,0.20345067730333127,6.317039221639031
T2,2026-01-29 10:00:00,8.965596687953832,0.2702364831973723,5.271894464264103
T2,2026-01-29 10:10:00,7.9994635175347355,0.16778173190671353,6.957120172199638
T2,2026-01-29 10:20:00,10.297784437042598,0.49183148389400916,4.619374018992563
T2,2026-01-29 10:30:00,7.634943465224148,0.13433738814297458,6.668415358830222
T2,2026-01-29 10:40:00,6.979208080907747,0.08505031039391492,5.324663464434679
T2,2026-01-29 10:50:00,9.52399539442836,0.352826286676489,6.155470861010909
T2,2026-01-29 11:00:00,11.034466182150389,0.6812808698764917,5.9528376729587595
T2,2026-01-29 11:10:00,9.248292450865184,0.31461759298015834,5.909078236558535
T2,2026-01-29 11:20:00,8.78420836003455,0.2420108615773337,4.957224254592306
T2,2026-01-29 11:30:00,7.132242640333911,0.09487094124108571,7.816470864913335
T2,2026-01-29 11:40:00,11.160995368231696,0.7357013569317812,5.372623506411832
T2,2026-01-29 11:50:00,8.860117450983394,0.25470793259753877,3.9672315037123105
T2,2026-01-29 12:00:00,10.396636069393628,0.5541243690219776,4.937997538254967
T2,2026-01-29 12:10:00,11.05862111698262,0.7110907899831309,4.845158042076844
T2,2026-01-29 12:20:00,10.001867660538412,0.43280628044574104,7.0954240280257235
T2,2026-01-29 12:30:00,8.301803956608664,0.19148979877207142,6.6920360289515965
T2,2026-01-29 12:40:00,9.610830189905057,0.38535137232272554,4.162373128212959
T2,2026-01-29 12:50:00,8.93031852721902,0.27268840497065416,4.816075260407722
T2,2026-01-29 13:00:00,10.540670953498672,0.5445284565801276,4.859212208622261
T2,2026-01-29 13:10:00,11.756577686863155,0.9071867437269872,5.372547560237702
T2,2026-01-29 13:20:00,11.518360534150132,0.8099539896906904,4.759628120519756
T2,2026-01-29 13:30:00,9.574940708591384,0.385460972599374,6.437611029599304
T2,2026-01-29 13:40:00,8.832407313299814,0.25258292046382835,6.8649703581280725
T2,2026-01-29 13:50:00,10.062496196756706,0.4390294292494104,5.240806890203201
T2,2026-01-29 14:00:00,7.357593394152893,0.10845741870918396,6.20490194778407
T2,2026-01-29 14:10:00,7.252032715184415,0.1045040003623892,4.923246962654248
T2,2026-01-29 14:20:00,7.307457877647387,0.1094353334297707,4.896807789410084
T2,2026-01-29 14:30:00,7.804143336996374,0.14521149149828652,6.285724240408822
T2,2026-01-29 14:40:00,8.43546533262349,0.19990244468602586,6.083397008656051
T2,2026-01-29 14:50:00,8.46481404490051,0.21894337380615428,5.53238880231644
T2,2026-01-29 15:00:00,8.599371172538774,0.2364427509741366,6.216617120650216
T2,2026-01-29 15:10:00,8.021449679105183,0.1686987767614912,7.0416354422552425
T2,2026-01-29 15:20:00,7.7831883720667685,0.14699522048165237,4.075433731703686
T2,2026-01-29 15:30:00,8.869066250965442,0.2684966849712461,5.989336087817796
T2,2026-01-29 15:40:00,9.309173405267853,0.3260302019763295,6.74355698328948
T2,2026-01-29 15:50:00,9.787191824201562,0.3880115766027895,5.222848606059192
T2,2026-01-29 16:00:00,7.87788325273726,0.14405169193122386,5.913243007430972
T2,2026-01-29 16:10:00,7.3043201118697905,0.09893630254674647,6.978222432079444
T2,2026-01-29 16:20:00,8.791196648773608,0.250559101479606,5.548535763376243
T2,2026-01-29 16:30:00,6.015412735785079,0.034526437621613254,5.7272864754258155
T2,2026-01-29 16:40:00,8.255683445619992,0.18904563973282057,4.219558436456265
T2,2026-01-29 16:50:00,7.9728069445355905,0.15607093421347823,5.977956616474253
T2,2026-01-29 17:00:00,6.407999716745249,0.05248827568283596,4.653445448816098
T2,2026-01-29 17:10:00,8.974739681266978,0.26720701625223403,7.265730167609525
T2,2026-01-29 17:20:00,5.708691081737174,0.025812778373086858,5.270167243713501
T2,2026-01-29 17:30:00,7.512994705723621,0.11377493818193736,5.415348253291582
T2,2026-01-29 17:40:00,5.240317235216685,0.01394691344770378,6.908756883868065
T2,2026-01-29 17:50:00,7.646239990973101,0.13177175419746537,5.977739817151988
T2,2026-01-29 18:00:00,7.406259206363435,0.1062430031420764,7.017768792052117
T2,2026-01-29 18:10:00,5.880198161289265,0.030775558758146894,4.656656140804891
T2,2026-01-29 18:20:00,7.054838652698793,0.08949787273634308,6.6740878682574225
T2,2026-01-29 18:30:00,7.0188758255136205,0.0848197135666923,6.053031150743781
T2,2026-01-29 18:40:00,6.097828951956686,0.03764195561603141,6.1257917028497015
T2,2026-01-29 18:50:00,5.825661136485458,0.029233100928666184,5.88927626043492
T2,2026-01-29 19:00:00,7.200940543022174,0.09780648805566586,6.469821710120476
T2,2026-01-29 19:10:00,6.2504346963456765,0.04676557086285114,5.630948463999288
T2,2026-01-29 19:20:00,6.016312507292666,0.03549269732589525,6.60707119345407
T2,2026-01-29 19:30:00,6.9621217881406245,0.08240350405666363,6.274314436346612
T2,2026-01-29 19:40:00,3.56377273723367,0.0002239932164913357,5.379558758828945
T2,2026-01-29 19:50:00,5.229057825726843,0.014145895727811034,7.057391870306497
T2,2026-01-29 20:00:00,7.073259097439562,0.08816842314305746,3.9328761050067422
T2,2026-01-29 20:10:00,6.285458665499145,0.046185543345226274,4.949165794472471
T2,2026-01-29 20:20:00,5.736403652752139,0.026763592664061434,5.066711564555702
T2,2026-01-29 20:30:00,5.097148630083595,0.011683584093516525,5.686307682066952
T2,2026-01-29 20:40:00,6.280039204632534,0.048207223056819556,5.146229622999282
T2,2026-01-29 20:50:00,4.7664243228721626,0.0071738614497103255,6.387403304474429
T2,2026-01-29 21:00:00,4.466990925368977,0.004311022286902415,7.25235803105617
T2,2026-01-29 21:10:00,3.8106293045104427,0.0006990371901962148,4.908027051203624
T2,2026-01-29 21:20:00,5.101380724891191,0.012322847922609983,5.446015702593205
T2,2026-01-29 21:30:00,4.318588607948549,0.002964618447266438,5.941713450783008
T2,2026-01-29 21:40:00,4.054653591495333,0.0015425834302442891,5.954537623139842
T2,2026-01-29 21:50:00,4.928559758909617,0.008904515791464035,5.375141895992515
T2,2026-01-29 22:00:00,4.531602157515143,0.004613863584353442,6.086178050607098
T2,2026-01-29 22:10:00,4.822577408953534,0.008077602840552115,4.9630467087248835
T2,2026-01-29 22:20:00,8.138267989722374,0.17725506092045057,5.384522834305519
T2,2026-01-29 22:30:00,4.996131776379727,0.010669718700429038,6.325786704868648
T2,2026-01-29 22:40:00,5.397990193172847,0.01761508830457706,5.024519661416312
T2,2026-01-29 22:50:00,4.671786113873006,0.005846658973696996,4.137343321201886
T2,2026-01-29 23:00:00,3.398047393853397,8.611074368243142e-05,7.276805857190891
T2,2026-01-29 23:10:00,3.2450964579458494,1.8584227632103024e-05,5.8051492244293605
T2,2026-01-29 23:20:00,4.116081025098631,0.0018802899824563934,6.867620615408945
T2,2026-01-29 23:30:00,5.020231496287826,0.010963241887938723,3.7677331142640775
T2,2026-01-29 23:40:00,3.341267615805911,4.9801057557836284e-05,6.507813938365687
T2,2026-01-29 23:50:00,5.741359864520395,0.027511432352283642,6.624584729054427
T2,2026-01-30 00:00:00,5.157692301138958,0.013432484044141286,7.8199250278314665
T2,2026-01-30 00:10:00,2.821184444236247,0.0,5.403410577052353
T2,2026-01-30 00:20:00,4.173838511121106,0.0021061426488533596,5.658647465175517
T2,2026-01-30 00:30:00,5.264327179886018,0.014670353181215496,4.22677868716613
T2,2026-01-30 00:40:00,4.319562157324013,0.0030047562885366433,5.75650038605075
T2,2026-01-30 00:50:00,3.7021091044388323,0.00045071937811035014,7.025716627092426
T2,2026-01-30 01:00:00,6.6575369938744124,0.06351257197800585,5.620302156045798
T2,2026-01-30 01:10:00,3.302739077301651,3.462993097903482e-05,7.637485782033899
T2,2026-01-30 01:20:00,6.491581649102443,0.05442570257859508,6.253554952164876
T2,2026-01-30 01:30:00,2.600582390240615,0.0,6.470174303232621
T2,2026-01-30 01:40:00,5.627822507413198,0.024527276283844608,6.173466053754316
T2,2026-01-30 01:50:00,3.404494918631247,8.637828765462903e-05,6.952767187677284
T2,2026-01-30 02:00:00,3.9719477846271696,0.0011551250709828228,5.99624019740801
T2,2026-01-30 02:10:00,5.058104352715703,0.011535480087844933,6.408540248956518
T2,2026-01-30 02:20:00,6.346120527292765,0.049512551031105266,5.5249035790631975
T2,2026-01-30 02:30:00,4.847797870407789,0.007910333242192709,7.915744298659982
T2,2026-01-30 02:40:00,4.992803068519631,0.010818873582088476,6.7729597589621
T2,2026-01-30 02:50:00,6.274335819279858,0.047833574369788,4.783002411383865
T2,2026-01-30 03:00:00,4.5902301526104345,0.0054925626106577105,3.9416203767107953
T2,2026-01-30 03:10:00,5.607258975688053,0.022153372981167197,5.459852061838639
T2,2026-01-30 03:20:00,7.64652152666639,0.13430246799182616,6.612428759428455
T2,2026-01-30 03:30:00,5.173613052363704,0.013343069136206311,5.781211421347098
T2,2026-01-30 03:40:00,4.583285091789621,0.005017373685749718,5.8198081727694895
T2,2026-01-30 03:50:00,6.888156354205337,0.08036442876026002,4.6458570256619245
T2,2026-01-30 04:00:00,4.842888847869864,0.008549228224197881,5.018089173063014
T2,2026-01-30 04:10:00,6.824251233229507,0.07591960363464731,5.467143914443306
T2,2026-01-30 04:20:00,6.829131785413169,0.07272073273863279,7.070053916145339
T2,2026-01-30 04:30:00,5.658926824476934,0.025760264896910395,6.611988238749807
T2,2026-01-30 04:40:00,4.535694822544604,0.004597217682564523,3.720544175317382
T2,2026-01-30 04:50:00,6.217192522271233,0.04303103833960895,4.517164678345827
T2,2026-01-30 05:00:00,4.21014735064151,0.0023214948452146876,3.8430239647334457
T2,2026-01-30 05:10:00,7.267902920844338,0.09641219650479034,5.550153677507449
T2,2026-01-30 05:20:00,4.944164188420696,0.009735428753090924,6.210299592954284
T2,2026-01-30 05:30:00,7.5702510200233135,0.12477897077685783,5.751837847889542
T2,2026-01-30 05:40:00,7.051166536137256,0.0832765383794829,7.441408694789615
T2,2026-01-30 05:50:00,8.37511910564072,0.20548885598502936,4.930778188434246
T2,2026-01-30 06:00:00,6.163539012610284,0.042931495005829115,8.71237323962444
T2,2026-01-30 06:10:00,8.302713624083701,0.1985687352635666,4.957189449400286
T2,2026-01-30 06:20:00,7.720624995789815,0.13717216245838862,6.882344744118158
T2,2026-01-30 06:30:00,6.643308225173659,0.05992504339505901,5.926022599052903
T2,2026-01-30 06:40:00,6.814979279577492,0.06871139062111714,7.43502895379165
T2,2026-01-30 06:50:00,8.16813650447728,0.1796745290867708,4.296433537342831
T2,2026-01-30 07:00:00,8.635577195812353,0.2342066803888297,4.577069579941827
T2,2026-01-30 07:10:00,8.388842655632905,0.19794461970966906,6.162332642212771
T2,2026-01-30 07:20:00,8.234273559157906,0.1806572251725504,6.739500939961996
T2,2026-01-30 07:30:00,6.308637123077941,0.049207285962051296,6.419422755616987
T2,2026-01-30 07:40:00,10.658178884176248,0.5783951616161758,5.364516845797358
T2,2026-01-30 07:50:00,9.36779361293739,0.32135059103807534,5.509519035337451
T2,2026-01-30 08:00:00,10.537510097754744,0.5478348260391472,4.845632985932284
T2,2026-01-30 08:10:00,8.736476265724589,0.23689246859483282,6.45957070185161
T2,2026-01-30 08:20:00,8.240316381319587,0.18493439047564414,6.377692515924365
T2,2026-01-30 08:30:00,10.812264286209999,0.6361879402621553,8.591362586004594
T2,2026-01-30 08:40:00,6.983273694067815,0.0794365385584606,6.063594761000995
T2,2026-01-30 08:50:00,9.968031047099537,0.4386726219517583,5.213854779171955
T2,2026-01-30 09:00:00,8.431059077784713,0.2060682948022883,4.803565781588789
T2,2026-01-30 09:10:00,7.923246006560928,0.15185624066171574,5.633902548218317
T2,2026-01-30 09:20:00,8.486949177665906,0.22083909818492448,7.193651720153732
T2,2026-01-30 09:30:00,8.139855581723774,0.17400550040026794,5.594166958477754
T2,2026-01-30 09:40:00,9.95377410090241,0.4363576342684117,5.798889682365261
T2,2026-01-30 09:50:00,7.213070322482928,0.09827508197592301,5.204376470394658
T2,2026-01-30 10:00:00,8.759572984056321,0.2524636499062316,6.346348742861352
T2,2026-01-30 10:10:00,7.460463664379853,0.11695397918033996,6.779095951006007
T2,2026-01-30 10:20:00,8.827942236375927,0.2494317901766886,4.188733822910362
T2,2026-01-30 10:30:00,8.702428896298558,0.24067924165290433,4.883428260280008
T2,2026-01-30 10:40:00,10.549690929964585,0.5612893851493558,7.505273050500383
T2,2026-01-30 10:50:00,8.222628356724789,0.17929082846802766,7.057819518238996
T2,2026-01-30 11:00:00,9.712072074911855,0.39391405466570634,8.134160433170639
T2,2026-01-30 11:10:00,8.630229356734365,0.22831981484250732,4.996335126212818
T2,2026-01-30 11:20:00,9.030650232783048,0.2755922730022411,5.047828917174167
T2,2026-01-30 11:30:00,8.43948724054074,0.21536607105014263,6.709858469456564
T2,2026-01-30 11:40:00,8.860362135063085,0.25198923338075085,3.780951111964451
T2,2026-01-30 11:50:00,11.555593975022088,0.8138312918331866,6.246101547484929
T2,2026-01-30 12:00:00,10.217671251242864,0.496821207142209,5.642960434063719
T2,2026-01-30 12:10:00,11.21923546012954,0.7229281827319003,6.339710738628735
T2,2026-01-30 12:20:00,9.805951427724755,0.4276488100271996,6.645380298925122
T2,2026-01-30 12:30:00,11.85590481181012,0.9273022071572379,4.349678704336129
T2,2026-01-30 12:40:00,8.228563957922981,0.1879213920582526,4.5931697298206595
T2,2026-01-30 12:50:00,8.351574615922855,0.19912199232574646,6.4201023033139535
T2,2026-01-30 13:00:00,8.650724479813437,0.23559789254322744,3.027718444933119
T2,2026-01-30 13:10:00,9.653774131056155,0.39559045175071617,5.599419936482654
T2,2026-01-30 13:20:00,8.865721602499276,0.27415182229919743,5.657973504011875
T2,2026-01-30 13:30:00,9.573351055730393,0.3633251937204458,6.258092200751053
T2,2026-01-30 13:40:00,8.31068365994231,0.19382862569043577,6.434093887981645
T2,2026-01-30 13:50:00,7.8036938899694075,0.14198845649980762,5.938053880243294
T2,2026-01-30 14:00:00,9.329075961821795,0.3256953727871979,5.722273819054825
T2,2026-01-30 14:10:00,9.751313392605823,0.41436096729308275,4.945837432059266
T2,2026-01-30 14:20:00,7.929767740369048,0.15193395469871235,6.055233539107639
T2,2026-01-30 14:30:00,7.4076635154565516,0.11467903514716557,6.032693146336826
T2,2026-01-30 14:40:00,11.756658216027947,0.8576514324800784,7.92062869025029
T2,2026-01-30 14:50:00,7.36585902307087,0.10640162647264192,5.485513129027711
T2,2026-01-30 15:00:00,8.463356762356662,0.20205804255327525,4.528571407214023
T2,2026-01-30 15:10:00,7.4452922778361454,0.11690598639145149,5.7783090338663134
T2,2026-01-30 15:20:00,9.525742749476015,0.35107824377621466,4.745694909032534
T2,2026-01-30 15:30:00,7.7181629748886165,0.13896343660737007,7.037398053644135
T2,2026-01-30 15:40:00,8.446535689957722,0.21931782784971632,5.157621736996803
T2,2026-01-30 15:50:00,7.403805249155354,0.11288410155564353,4.667027843012274
T2,2026-01-30 16:00:00,10.127837391697085,0.4863391677126786,7.9142736891072625
T2,2026-01-30 16:10:00,5.974269939427511,0.03539550191943124,6.809236303815519
T2,2026-01-30 16:20:00,9.261302206540025,0.317759200114388,6.823736036730883
T2,2026-01-30 16:30:00,9.028637837816703,0.2882666381080518,5.846222029607221
T2,2026-01-30 16:40:00,8.321138348652237,0.20111947980320574,4.836030826807458
T2,2026-01-30 16:50:00,7.683667986934446,0.1318485635595087,7.265226554945118
T2,2026-01-30 17:00:00,7.256078878480929,0.10208284498129741,7.963156319676868
T2,2026-01-30 17:10:00,8.204856002514338,0.1764226003359377,5.341369572823041
T2,2026-01-30 17:20:00,7.542868512176349,0.12800853609676666,6.227134495624694
T2,2026-01-30 17:30:00,7.495663458250152,0.12295816598198626,3.3596189747996315
T2,2026-01-30 17:40:00,5.551546213502094,0.02230094109928667,6.017311215265956
T2,2026-01-30 17:50:00,6.995409725876785,0.07969721044470844,5.214581483462273
T2,2026-01-30 18:00:00,4.7209099799965,0.006881253609849348,6.341665436585554
T2,2026-01-30 18:10:00,6.300299862023875,0.049050768269816615,4.323447496776513
T2,2026-01-30 18:20:00,5.7452317415304615,0.02720157986900228,5.289656611246696
T2,2026-01-30 18:30:00,8.393280753130316,0.20624573059217466,7.14883913998739
T2,2026-01-30 18:40:00,7.5891423554072945,0.13116625664584464,5.4960493778064565
T2,2026-01-30 18:50:00,7.184530148600033,0.09226194826605896,6.197744907290881
T2,2026-01-30 19:00:00,9.377390005732693,0.3415971891525507,6.922399881685466
T2,2026-01-30 19:10:00,5.823008087858788,0.02862817378557519,6.671097573326697
T2,2026-01-30 19:20:00,6.419710761046958,0.05417878023274338,5.463689052006387
T2,2026-01-30 19:30:00,5.947767657559867,0.033581549814128725,7.571437173311681
T2,2026-01-30 19:40:00,5.695073634309346,0.025085385010735838,7.546080496755751
T2,2026-01-30 19:50:00,7.217718603224594,0.10142802821736673,6.828914586932891
T2,2026-01-30 20:00:00,7.649083320458834,0.1341758953585651,6.197696166428096
T2,2026-01-30 20:10:00,5.041135175321598,0.011181920966051594,5.854512564365753
T2,2026-01-30 20:20:00,7.24822489354723,0.09960426494932532,6.80356094627542
T2,2026-01-30 20:30:00,4.952429703552202,0.009248606778776055,5.861342988149186
T2,2026-01-30 20:40:00,8.087083850213489,0.16712158080630282,4.66322526663967
T2,2026-01-30 20:50:00,6.276742039026145,0.045041154096930616,7.215791554037801
T2,2026-01-30 21:00:00,3.6080373686066967,0.00029611488090837076,5.078617573171766
T2,2026-01-30 21:10:00,6.196372731864179,0.043556885410535026,6.844778776477137
T2,2026-01-30 21:20:00,3.870178422824184,0.0008665554108807878,6.872274614431288
T2,2026-01-30 21:30:00,3.0021664413696327,1.3696181042702454e-11,4.393426004129104
T2,2026-01-30 21:40:00,5.262702571379793,0.014595970429216036,6.36532336062889
T2,2026-01-30 21:50:00,5.498154753799399,0.01978424624106184,6.46226766996861
T2,2026-01-30 22:00:00,4.358982490245175,0.0031453137947205644,7.93847100287228
T2,2026-01-30 22:10:00,5.512782215556684,0.021423835574733315,5.2400476382175984
T2,2026-01-30 22:20:00,4.783016628237431,0.007172875907283153,6.916042998623806
T2,2026-01-30 22:30:00,3.9982911850322913,0.0012740427213581969,5.276282065765961
T2,2026-01-30 22:40:00,6.5741739509248545,0.06085149389534282,5.893073774507004
T2,2026-01-30 22:50:00,4.735399212314962,0.006784250217139263,5.528055237009034
T2,2026-01-30 23:00:00,6.409794115625925,0.05302669622935871,8.14344288057264
T2,2026-01-30 23:10:00,5.779944205675501,0.0290821852483793,6.950664930467998
T2,2026-01-30 23:20:00,3.3651252770632745,6.461246220752312e-05,4.921951816918634
T2,2026-01-30 23:30:00,6.427622655453405,0.05204406394571393,6.398618582323717
T2,2026-01-30 23:40:00,4.908442871640608,0.008701938097751398,7.795651980368418
T2,2026-01-30 23:50:00,6.576422442386731,0.059329005499533696,6.5429281110768995
T2,2026-01-31 00:00:00,4.389717671258765,0.0035685447867755183,3.849035133009379
T2,2026-01-31 00:10:00,3.9393770647085904,0.0010864979413372996,6.237658620324605
T2,2026-01-31 00:20:00,4.175574222278455,0.0021638004309232376,6.044061936276548
T2,2026-01-31 00:30:00,5.760791930326992,0.026530697838815148,5.348254036242067
T2,2026-01-31 00:40:00,2.4737068972353757,0.0,5.467946229842498
T2,2026-01-31 00:50:00,6.354459557155459,0.05042046924845066,8.171479880093365
T2,2026-01-31 01:00:00,3.4031992923875203,8.421611727130276e-05,6.089980597555161
T2,2026-01-31 01:10:00,4.638643709548273,0.005605524177374093,5.8081778176995735
T2,2026-01-31 01:20:00,3.0819147422462088,6.812616392539286e-07,5.5569386419172675
T2,2026-01-31 01:30:00,4.902547479886935,0.008684181626506214,4.961232834988811
T2,2026-01-31 01:40:00,6.362311835342885,0.049654804788938495,5.752831612381311
T2,2026-01-31 01:50:00,4.317098201598693,0.0030635270409092746,4.3180177526143995
T2,2026-01-31 02:00:00,5.367894331199316,0.01705812274503136,7.112590781408095
T2,2026-01-31 02:10:00,3.8938587102733355,0.0009610280438868092,6.136189331623036
T2,2026-01-31 02:20:00,2.754260782234537,0.0,6.7609551652442255
T2,2026-01-31 02:30:00,5.668338796495037,0.025625955464352985,6.728422360501849
T2,2026-01-31 02:40:00,5.346113228219322,0.01679101734803269,6.961096468261256
T2,2026-01-31 02:50:00,3.0834581361181392,7.627910989654204e-07,7.29921339979049
T2,2026-01-31 03:00:00,4.451224633291038,0.0038593593569284388,8.092819223113471
T2,2026-01-31 03:10:00,7.5306762639446365,0.11962445021180107,6.581845896620467
T2,2026-01-31 03:20:00,4.01313396605867,0.0013902835258914848,6.068821701001637
T2,2026-01-31 03:30:00,6.363027344599974,0.05085664330275477,5.383637984316626
T2,2026-01-31 03:40:00,6.852060186262103,0.07535117869565122,4.688739752291218
T2,2026-01-31 03:50:00,5.198832785017787,0.013705771239782913,7.037048304487387
T2,2026-01-31 04:00:00,5.050137724866826,0.011494413468884643,6.8851183842377095
T2,2026-01-31 04:10:00,7.006248826806075,0.08813043950788797,5.140279771779969
T2,2026-01-31 04:20:00,4.0581168592833174,0.0014905164162226333,6.128768003384268
T2,2026-01-31 04:30:00,6.252271065938331,0.04432955242777292,6.099859137409167
T2,2026-01-31 04:40:00,3.5899987141383347,0.0002563802398576552,4.82030136345867
T2,2026-01-31 04:50:00,6.23479887028745,0.04557262564188809,5.351366745772866
T2,2026-01-31 05:00:00,6.334800892710535,0.050810696936439186,7.313713649485261
T2,2026-01-31 05:10:00,7.230385445164556,0.10147569698188218,7.088636801885061
T2,2026-01-31 05:20:00,7.8394816417695665,0.15193816277077068,5.1458729579174065
T2,2026-01-31 05:30:00,7.159895982923891,0.09115624591676441,4.197579982340559
T2,2026-01-31 05:40:00,5.339122932827344,0.016444458805371237,7.1948209086006845
T2,2026-01-31 05:50:00,7.119331993527524,0.08873809150619925,4.472411085566316
T2,2026-01-31 06:00:00,9.042353964356288,0.2826563590205178,5.175521700671352
T2,2026-01-31 06:10:00,6.846520688512987,0.073520282711543,7.3393705946083845
T2,2026-01-31 06:20:00,6.555743820341691,0.05822071891714759,7.272452230930153
T2,2026-01-31 06:30:00,8.256037336989074,0.18974191871331245,6.191515879009795
T2,2026-01-31 06:40:00,8.580123056190592,0.22761951628459506,5.89314393949926
T2,2026-01-31 06:50:00,6.409343644017931,0.05094466378291002,6.172112812847107
T2,2026-01-31 07:00:00,7.43626445863074,0.11890514448192517,6.14715549629122
T2,2026-01-31 07:10:00,6.567033101817514,0.05692173532817342,6.926318810960248
T2,2026-01-31 07:20:00,6.816542758067116,0.07277272076612953,7.356297012834145
T2,2026-01-31 07:30:00,6.055085279198435,0.038081841844673864,6.833364132920357
T2,2026-01-31 07:40:00,6.804802432932346,0.07293934864299455,5.032672107505982
T2,2026-01-31 07:50:00,7.3514632598345075,0.1116520336780931,6.466308908433575
T2,2026-01-31 08:00:00,7.241380039624061,0.09783467201622875,6.492332933384755
T2,2026-01-31 08:10:00,7.94321522183549,0.15595519009856454,7.165248989996118
T2,2026-01-31 08:20:00,10.005228844204725,0.45830764824434694,3.6215937285831363
T2,2026-01-31 08:30:00,11.485573402138222,0.8104754295654911,6.3449757945490255
T2,2026-01-31 08:40:00,7.623851045353838,0.13249944637185715,7.652095337049349
T2,2026-01-31 08:50:00,7.414121037608339,0.10904671233620675,6.299697113814013
T2,2026-01-31 09:00:00,7.865829833449731,0.1517453703966216,7.366959072543056
T2,2026-01-31 09:10:00,10.399148552652774,0.5528478790090791,6.68929857328868
T2,2026-01-31 09:20:00,6.493455741269773,0.05744231507003293,5.979508103416646
T2,2026-01-31 09:30:00,7.464748568725986,0.11224398159808734,7.635876759802
T2,2026-01-31 09:40:00,11.105434944191094,0.6697791355193741,7.665012792049409
T2,2026-01-31 09:50:00,9.612386319281715,0.3864791186297142,7.004928588845
T2,2026-01-31 10:00:00,10.55867614949302,0.5668654467244765,6.978514496890456
T2,2026-01-31 10:10:00,7.6876941250331114,0.13594126776525153,5.26151644769691
T2,2026-01-31 10:20:00,10.880898021546436,0.6261625221940537,5.382904921951574
T2,2026-01-31 10:30:00,8.981199023648095,0.2709043201478674,4.717439017662647
T2,2026-01-31 10:40:00,9.730997652404488,0.38882492759672466,5.275634183188769
T2,2026-01-31 10:50:00,10.334566949709071,0.5304493525948073,6.544942097240857
T2,2026-01-31 11:00:00,10.494846464469207,0.5544891632578827,5.011232969154803
T2,2026-01-31 11:10:00,10.56925703922725,0.5483794707782506,5.771364420162133
T2,2026-01-31 11:20:00,7.678646599883897,0.13006661928171132,6.475182251969322
T2,2026-01-31 11:30:00,9.855684771038817,0.40264323679016456,6.053151783290676
T2,2026-01-31 11:40:00,7.93898476850569,0.16510983756930764,7.264462212648013
T2,2026-01-31 11:50:00,8.5379608610245,0.2117485889939171,7.146099759769629
T2,2026-01-31 12:00:00,10.176318320224858,0.47552296217281925,7.299346498443272
T2,2026-01-31 12:10:00,9.435011580682033,0.3513729660133779,4.554110470582147
T2,2026-01-31 12:20:00,8.315706119886807,0.20163343777166812,8.489487679878103
T2,2026-01-31 12:30:00,10.643534420342247,0.5973198413830457,5.754345559606885
T2,2026-01-31 12:40:00,9.160377738614052,0.3152926039422049,7.686531756082988
T2,2026-01-31 12:50:00,7.031132269812524,0.08748518718911369,6.391930796414379
T2,2026-01-31 13:00:00,10.760693706286602,0.6219338289680613,6.124434985875244
T2,2026-01-31 13:10:00,9.900603472049742,0.4295521738129561,5.151350446418752
T2,2026-01-31 13:20:00,10.50029738960351,0.5746341300777575,4.501936022910019
T2,2026-01-31 13:30:00,9.983256345622097,0.4297953976929948,4.944321435494393
T2,2026-01-31 13:40:00,8.025892332489411,0.1567977587105704,5.403895342413042
T2,2026-01-31 13:50:00,8.710333902309463,0.23066755914218393,6.49091082795534
T2,2026-01-31 14:00:00,7.826875903134238,0.14021564226441086,4.804805108375547
T2,2026-01-31 14:10:00,7.541630364828602,0.12056032202580311,6.376708986152074
T2,2026-01-31 14:20:00,9.913119734841082,0.44208675330009967,7.458105882443407
T2,2026-01-31 14:30:00,9.236277101071524,0.3231517999833213,8.38637846783227
T2,2026-01-31 14:40:00,8.689998070821312,0.24522840763451548,5.717847622602842
T2,2026-01-31 14:50:00,7.892867230677232,0.15604758788511053,5.406505590850953
T2,2026-01-31 15:00:00,8.028338766383964,0.1635182331150186,7.71422525433026
T2,2026-01-31 15:10:00,7.702194616095755,0.13691535279473618,8.253505127304114
T2,2026-01-31 15:20:00,9.00689375789609,0.28005755463850196,7.1129421222194225
T2,2026-01-31 15:30:00,9.396794542721375,0.3309392209427322,6.847548352147431
T2,2026-01-31 15:40:00,8.381931400911713,0.21330910089028665,6.993310536669851
T2,2026-01-31 15:50:00,7.496735122015593,0.11569683795623867,6.085452258060413
T2,2026-01-31 16:00:00,9.523720630695784,0.37636347421286115,5.351291531820357
T2,2026-01-31 16:10:00,8.588625013156532,0.23782850708293976,6.17847221292368
T2,2026-01-31 16:20:00,7.071115339520575,0.08723318991543061,5.880688164092032
T2,2026-01-31 16:30:00,8.378224764761008,0.2076456499391849,6.194359362988882
T2,2026-01-31 16:40:00,8.302308288009705,0.18920929126704739,7.172951450795683
T2,2026-01-31 16:50:00,6.268482246220197,0.04352544197339795,6.596930538343843
T2,2026-01-31 17:00:00,7.3266237758786605,0.10160218714924193,5.785540743076334
T2,2026-01-31 17:10:00,6.834563076377584,0.0703484279419343,7.242637364230416
T2,2026-01-31 17:20:00,9.081242552173443,0.30425185795480353,7.058618436993007
T2,2026-01-31 17:30:00,7.1453293432865825,0.09463543568597625,6.1665933121224965
T2,2026-01-31 17:40:00,6.886770940766842,0.07890072949067685,5.3723662626442845
T2,2026-01-31 17:50:00,7.138923138661956,0.08787945036514389,3.966206120023763
T2,2026-01-31 18:00:00,7.405113011792037,0.10604426293613378,6.645714340359861
T2,2026-01-31 18:10:00,6.955563744445776,0.07861121676818707,7.125138657658743
T2,2026-01-31 18:20:00,7.481508062601026,0.11766518162977502,4.392162546168004
T2,2026-01-31 18:30:00,7.137448279884237,0.08932907230851486,6.748509579146633
T2,2026-01-31 18:40:00,8.01384675306258,0.16766687807190125,7.053003411805079
T2,2026-01-31 18:50:00,6.8705591602321,0.07335694803594202,5.191526007833604
T2,2026-01-31 19:00:00,6.343053229341821,0.050086633125450995,6.0104661626808324
T2,2026-01-31 19:10:00,7.075038389572614,0.08459444543411097,8.089196903462476
T2,2026-01-31 19:20:00,7.596179973916206,0.12785228373517254,6.117850340108769
T2,2026-01-31 19:30:00,5.27521152464265,0.01532919196251758,7.218519791025106
T2,2026-01-31 19:40:00,5.203808998763864,0.013335608340443481,5.166341167548408
T2,2026-01-31 19:50:00,5.300999963610385,0.015089825181818013,6.087198220473757
T2,2026-01-31 20:00:00,6.103375162183345,0.03714856196759229,5.673427419454659
T2,2026-01-31 20:10:00,3.4197256037697485,0.00010069351405179572,6.07699913516303
T2,2026-01-31 20:20:00,4.7294429208300075,0.007072469144291247,6.41495941785219
T2,2026-01-31 20:30:00,3.88523961142388,0.000874680718102659,6.635427491575699
T2,2026-01-31 20:40:00,6.019481872262198,0.037735964347508276,4.807954602059274
T2,2026-01-31 20:50:00,7.5078833793579465,0.12325799236619023,5.130901296652827
T2,2026-01-31 21:00:00,5.45895205081063,0.018823858313861477,6.985722198541422
T2,2026-01-31 21:10:00,3.5042849845605604,0.0001740114281172488,6.541616118763305
T2,2026-01-31 21:20:00,5.851531089977319,0.029584812946173513,4.253919183294118
T2,2026-01-31 21:30:00,3.848623597342356,0.0007822045999687466,5.138984532675067
T2,2026-01-31 21:40:00,3.3770150833129713,6.809372641675768e-05,6.262634482277763
T2,2026-01-31 21:50:00,2.6498534084227776,0.0,6.721496401739363
T2,2026-01-31 22:00:00,7.24991143855039,0.10018697122486679,7.172570187683121
T2,2026-01-31 22:10:00,5.420667959441259,0.01773528486505038,5.16301392911033
T2,2026-01-31 22:20:00,5.153289129387536,0.013006394100302918,6.293950383980156
T2,2026-01-31 22:30:00,4.54657041361785,0.0050338380215400385,7.486720467585495
T2,2026-01-31 22:40:00,3.874106126162812,0.0008481154278126138,6.142337246122736
T2,2026-01-31 22:50:00,4.345398139682379,0.0031416852215882802,3.9590337283824426
T2,2026-01-31 23:00:00,4.825945615386586,0.007851250195489611,6.040567466195246
T2,2026-01-31 23:10:00,6.421332223830627,0.05345436783356085,7.736561746023826
T2,2026-01-31 23:20:00,3.3873477968862886,7.349262876213355e-05,6.3652336676261365
T2,2026-01-31 23:30:00,5.3149887010725845,0.015755201921970854,6.839237964500102
T2,2026-01-31 23:40:00,3.616569933748118,0.00030972720522099936,6.152865083790288
T2,2026-01-31 23:50:00,2.6063866042347286,0.0,7.073984674838361
